:020000022000DC
:106000000000012019620200016202000362020026
:10601000056202000762020009620200000000003F
:106020000000000000000000000000000B62020001
:106030000D620200000000000F6202001162020007
:1060400065B10200136202006DBF0200F9AC0200EC
:10605000136202001362020069BE020013620200B2
:106060001362020013620200136202001362020054
:106070001362020013620200136202001362020044
:106080001362020019F90200136202001362020097
:106090001362020013620200512603001362020021
:1060A0001362020013620200136202001362020014
:1060B00013620200136202000000000000000000F2
:1060C00013620200136202001362020013620200F4
:1060D000136202001362020013620200000000005B
:1060E00000000000000000000000000000000000B0
:1060F00000000000000000000000000000000000A0
:10610000000000000000000000000000000000008F
:10611000000000000000000000000000000000007F
:10612000000000000000000000000000000000006F
:10613000000000000000000000000000000000005F
:10614000000000000000000000000000000000004F
:10615000000000000000000000000000000000003F
:10616000000000000000000000000000000000002F
:10617000000000000000000000000000000000001F
:10618000000000000000000000000000000000000F
:1061900000000000000000000000000000000000FF
:1061A00000000000000000000000000000000000EF
:1061B00000000000000000000000000000000000DF
:1061C00000000000000000000000000000000000CF
:1061D00000000000000000000000000000000000BF
:1061E00000000000000000000000000000000000AF
:1061F000000000000000000000000000000000009F
:10620000FEE7FEE7FEE7FEE7FEE7FEE7FEE7FEE766
:10621000FEE7FEE700F002B8FFF7FCBF0F484FF0C3
:106220000701884385460E4880470E48016841F4BF
:1062300070010160BFF34F8FBFF36F8F00F01AB88A
:1062400009480A490A4A884207D0521A05D00378F9
:1062500001300B700131013AF9D170470000012083
:106260003979020088ED00E0C8380300F0220020F0
:10627000F022002039493A480A1A02D007229143F5
:106280008D46384938480A1A06D00722914381F3CF
:106290000988022282F3148834483549354A00F0CF
:1062A0003EF835483549364A00F039F83548364920
:1062B000364A00F034F836483649374A00F02FF8AD
:1062C00036483749374A00F02AF837483749384ABC
:1062D00000F025F837483849384A00F020F83848A7
:1062E0003849002200F033F837483849002200F0DE
:1062F0002EF837483749091A0DF04FF9364A9047BA
:1063000024482549884205D00268043003B49047E8
:1063100003BCF7E700200021304A9047FEE788429F
:1063200014D0521A12D003460B43134303242342C2
:1063300006D1036804300B600431043AF9D1704788
:10634000037801300B700131013AF9D1704788426E
:1063500002D002700130FAE770470000000001200F
:1063600000E000200000012000000120086103007F
:10637000F0220020C4230020E0630200E06302005A
:10638000D437030008610300F0220020F02200202F
:10639000C8380300C8380300C8380300C8380300F1
:1063A000C8380300C8380300C8380300C8380300E1
:1063B00005610300DC610300C4230020C423002026
:1063C000C4230020A8310020A8310020A8310020DB
:1063D000A8310020A851002041620200456C020053
:1063E000BFF34F8F00BF064BDB6803F4E062044944
:1063F000044B1343CB60BFF34F8F00BF00BFFDE7DB
:1064000000ED00E00400FA0572DF704700BF184697
:1064100073DF704700BF184676DF704700BF18462D
:106420007ADF704700BF18467CDF704700BF184610
:106430007FDF704700BF18468FDF704700BF1846E8
:10644000B1DF704700BF184600B583B00346009126
:10645000ADF80630BDF80630009A1946024808F03B
:106460002BF800BF03B000BDEFBEADDE08B50120C4
:1064700000F0C2FD00BF08BD00B583B008F0C0FB4E
:106480000190019B0093009B002B04D0034AAE2196
:10649000009808F011F800BF03B000BDC838030031
:1064A00000B587B09DF80030012262F303038DF838
:1064B00000309DF80030012262F307138DF80030A0
:1064C0006B46092219491846FFF7AEFF0590059B58
:1064D0000493049B002B04D0154AC221049807F0B2
:1064E000EBFF01AB0822002118460DF0CFF8502336
:1064F000ADF80430A023ADF806300023ADF8083025
:106500004FF4C873ADF80A3001AB1846FFF788FFA7
:106510000590059B0393039B002B04D0044ACC21D8
:10652000039807F0C9FF00BF07B000BD7039030032
:10653000C838030000B583B00021084803F0C7F84D
:106540000190019B0093009B002B04D0044AD521AD
:10655000009807F0B1FF00BF03B000BDDC230020AE
:10656000C838030000B5ABB041F22353ADF81C307E
:10657000364B9B7C8DF81E3017AB3C220021184611
:106580000DF084F802238DF85C3001238DF85E3025
:1065900006238DF85F3008AB3C22002118460DF031
:1065A00075F80123ADF8303007AB0D93284B19680F
:1065B00017AB284A184601F082FF2990299B28939F
:1065C000289B002B04D0244AF321289807F074FF5D
:1065D0001F4B996808AB214A184601F070FF2990BB
:1065E000299B2793279B002B04D01B4AF621279831
:1065F00007F062FF01AB1822002118460DF046F8A3
:1066000001238DF819300023ADF8103001238DF8E7
:1066100004300023029300238DF8183040230393A5
:1066200001AB1A460A490E48FFF7EEFE2990299B56
:106630002693269B002B05D0074A40F20511269889
:1066400007F03AFF00BF2BB000BD00BFC4230020FD
:10665000F4220020F8220020C83803000023002084
:10666000F222002000B583B00190044A4FF48971F2
:10667000019807F021FF00BF03B000BDC838030038
:1066800000B583B003460091ADF8063013468DF88F
:1066900005309DF80530002B0ED0022000F032FCB2
:1066A0000E4A0F4BD31ADB081B0443F003030D49BA
:1066B00018460BF023F80DE0022000F03DFC074ADD
:1066C000074BD31ADB081B0443F0030306491846A3
:1066D0000BF014F800BF03B000BD00BF603803002A
:1066E000383803007C3903009039030000B587B0C7
:1066F0000023029300230193144B019301AB19462D
:10670000134803F09FF80590059B0493049B002B0E
:1067100005D0104A4FF49B71049807F0CDFE0E4B44
:10672000029302AB19460D4803F0DAF90590059B78
:106730000393039B002B05D0064A4FF49E710398E8
:1067400007F0BAFE00BF07B000BD00BF65660200DB
:10675000F0230020C838030081660200C423002013
:1067600000B585B00190019B1B78002B11D10A4B1D
:106770001B883B211846FFF74FFE0390039B0293B3
:10678000029B002B05D0054A4FF4A971029807F02F
:1067900093FE00BF05B000BDF0220020C838030002
:1067A00000B583B00190044A40F25D11019807F0F2
:1067B00083FE00BF03B000BDC838030000B58BB036
:1067C00001AB1C22002118460CF060FF002301934E
:1067D0004FF4A02302934FF4A033039303238DF8C7
:1067E00010300023ADF8123000238DF814300B4B1D
:1067F00006930B4B079301AB184602F0A1F80990E2
:10680000099B0893089B002B05D0064A4FF4BA71E8
:10681000089807F051FE00BF0BB000BD6167020091
:10682000A1670200C838030000B583B00B4B1B788A
:1068300001211846FFF7ECFD0190019B0093009B9E
:10684000002B05D0064A40F27F11009807F034FE75
:10685000002000F057FB00BF03B000BDF222002073
:10686000C838030000B58DB001900091019B1B88D2
:10687000562B00F0CD80562B00F3DD80522B00F01C
:10688000A080522B00F3D7803B2B00F0AE803B2B37
:1068900000F3D180212B7AD0212B00F3CC80132B55
:1068A00061D0132B00F3C780102B02D0112B37D0EF
:1068B000C1E0694A694BD31ADB081B0443F00303A8
:1068C000674918460AF01AFF012000F01BFB002060
:1068D00000F032FB019B9A88624B1A80614B1B8847
:1068E0001946614802F0D0FF0B900B9B0493049B68
:1068F000002B05D05D4A4FF4D071049807F0DCFD01
:1069000007F01CFD0B900B9B0393039B002B00F0E7
:106910009480564A4FF4D171039807F0CDFD8CE076
:106920004D4A4E4BD31ADB081B0443F00303504976
:1069300018460AF0E3FE012000F0FEFA494B4FF63C
:10694000FF721A8007F026FD0B900B9B0593059BA9
:10695000002B05D0454A4FF4D571059807F0ACFDE2
:10696000FFF762FF74E03F4B188800230022852167
:10697000FFF75EFD0B900B9B0693069B002B5ED0F2
:106980003A4A4FF4DA71069807F096FD57E0002373
:106990008DF8083000238DF80930019B9B8802AAEE
:1069A00011461846FFF748FD0B900B9B0793079B7A
:1069B000002B46D02D4A4FF4E071079807F07CFD7C
:1069C0003FE0284B1888002300220021FFF738FD04
:1069D0000B900B9B0993099B002B34D0234A4FF457
:1069E000E371099807F068FD2DE0019B9B88132156
:1069F0001846FFF711FD0B900B9B0893089B002B8B
:106A000023D01A4A4FF4E771089807F055FD1CE0AF
:106A1000019B9B8813211846FFF7FEFC0B900B9BF4
:106A20000A930A9B002B12D0104A4FF4EB710A987C
:106A300007F042FD0BE000BF0AE000BF08E000BF26
:106A400006E000BF04E000BF02E000BF00E000BFBE
:106A500000BF0DB000BD00BF603803003838030030
:106A6000A4390300F0220020F0230020C8380300DE
:106A7000B039030000B587B00BF06CFD0590059BA5
:106A80000493049B002B05D0154A40F2E9110498A9
:106A900007F012FD0023019301AB194601200BF012
:106AA0000DFE0590059B0393039B002B05D00C4A1C
:106AB00040F2EF11039807F0FFFC01AB18460BF012
:106AC000F1FE0590059B0293029B002B05D0044A22
:106AD00040F2F311029807F0EFFC00BF07B000BDD1
:106AE000C838030000B585B003460A468DF8073064
:106AF00013468DF806309DF807300D2B2FD11E4A16
:106B00001E4BD31ADB081B0443F003031C49184631
:106B10000AF0F4FD1B4B1B889DF806201A49184605
:106B200003F07AF80390039B002B21D0039B43F2E0
:106B3000020293421CD0039B082B19D0039B43F203
:106B40000142934214D0039B0293029B002B0FD06F
:106B50000E4A40F20D21029807F0AEFC08E09DF8C5
:106B600007300A4A40F21221184607F0A5FC00E05F
:106B700000BF00BF05B000BD603803003838030017
:106B8000C0390300F0220020C4230020C8380300CD
:106B900000B583B040F233320121094807F046FBCB
:106BA0000190019B0093009B002B05D0054A40F209
:106BB0002621009807F080FC00BF03B000BD00BF95
:106BC00004230020C838030000B583B04FF480418F
:106BD00000200AF0C9FA0190019B0093009B002B52
:106BE00005D0054A40F22D21009807F065FC0AF017
:106BF00053FA00BF03B000BDC838030000B583B02E
:106C000009F00EFF0190019B0093009B002B05D023
:106C1000044A40F23921009807F04EFC00BF03B04F
:106C200000BD00BFC838030008B50AF0BFFD034629
:106C300083F00103DBB2002B01D009F007FF00BF96
:106C400008BD000000B583B0FFF7BEFFFFF70EFCE4
:106C5000FFF712FCFFF79CFFFFF7D0FFFFF70AFFDB
:106C6000FFF71EFCFFF766FCFFF740FDFFF77AFC1D
:106C7000FFF7A4FD0CF006F80BF016FF1A4A1B4BA9
:106C8000D31ADB081B0443F00303194918460AF022
:106C900035FD00F0EFF9144A144BD31ADB081B043E
:106CA00043F00303134918460AF028FD12480CF07C
:106CB00043F800F0F8F903468DF807309DF80730E7
:106CC00019460E480CF0ADF900F01CF8064A074BC7
:106CD000D31ADB081B0443F00303094918460AF0E2
:106CE0000DFDFFF7A1FFFCE7603803003838030013
:106CF000DC390300FC390300203A0300343A030076
:106D0000543A030000B583B000F0E1F900F0F0F967
:106D10000346002B1DD000F0FBF903468DF8073029
:106D20009DF8073019460C480CF07BF99DF80730A8
:106D300003F02A03002B07D0052000F0E3F8FFF74B
:106D400073FD00F0CCF9E1E7052000F0F5F8FFF75E
:106D500047FB20BFDAE700BF6C3A030000B583B001
:106D60000190019B1B68184600F0AFF80346002B0A
:106D700004D105494FF4F670FFF766FB4FF0A043CE
:106D8000184603B000BD00BF843A030000B585B0CB
:106D90000190084611461A4603468DF803300B460B
:106DA0008DF8023013468DF8013001AB1846FFF71D
:106DB000D5FF03909DF803209DF802305B001A4335
:106DC0009DF801309B001A439DF818301B0242EADF
:106DD00003019DF81C301B04019A1943039B02F523
:106DE000E07243F8221000BF05B000BD00B585B0C9
:106DF000039000230193002300930023012201212B
:106E00000398FFF7C3FF00BF05B000BD00B585B014
:106E100003900B468DF80B309DF80B300022019249
:106E200000220092002200210398FFF7AFFF00BF6D
:106E300005B000BD00B585B0019001AB1846FFF765
:106E40008DFF0390019B012202FA03F31946039878
:106E500000F027F800BF05B000BD00B585B0019077
:106E600001AB1846FFF77AFF0390019B012202FA5B
:106E700003F31946039800F01EF800BF05B000BDEB
:106E800000B583B001900091009B002B03D10198C5
:106E9000FFF7E3FF02E00198FFF7CCFF00BF03B06C
:106EA00000BD82B001900091019B009AC3F80825B3
:106EB00000BF02B0704782B001900091019B009A20
:106EC000C3F80C2500BF02B0704784B00190019B4D
:106ED0005B09029300230393029B002B03D14FF025
:106EE000FF33039300BF019B03F01F030193039A39
:106EF000019B22FA03F303F00103DBB2184604B04E
:106F00007047000000B583B00190019B052B03D9A9
:106F100007494120FFF798FA064A019B13441B7862
:106F200000211846FFF7ACFF00BF03B000BD00BF53
:106F3000B43A03004C3B030000B583B00190019BC1
:106F4000052B03D907494720FFF77EFA064A019B24
:106F500013441B7801211846FFF792FF00BF03B0CE
:106F600000BD00BFB43A03004C3B030000B583B042
:106F70000023019305E00198FFF7DEFF019B013339
:106F80000193019B052BF6D900BF00BF03B000BDE4
:106F900000B583B00023019309E0094A019B134423
:106FA0001B781846FFF722FF019B01330193019BD9
:106FB000052BF2D9FFF7DAFF00BF03B000BD00BF19
:106FC0004C3B030000B583B0002301930AE0094A5B
:106FD000019B13441B7803211846FFF717FF019B01
:106FE00001330193019B032BF1D900BF00BF03B014
:106FF00000BD00BF543B030000B583B00190019B6E
:1070000003F00103002B01D0FFF7C2FF019B03F047
:107010000203002B01D0FFF7D5FF00BF03B000BD76
:1070200000B585B00190019B002B0AD0064B43F0C0
:1070300001030393019B9B010293039B02989847D2
:1070400000E000BF05B000BD803C030000B583B088
:107050000190019B002B0AD04FF47A70FFF7E0FFFC
:10706000019B013B0193019B002BF5D100E000BF88
:1070700003B000BD00B583B01420FFF7E7FF002187
:1070800030200BF045FD0DF10703194631200BF0C0
:1070900077FD00F015F80A20FFF7D8FF00F054F84C
:1070A00000BF03B000BD00B583B00DF10703194662
:1070B0000F200BF065FD9DF80730184603B000BDAA
:1070C00008B5002120200BF023FD00BF08BD08B546
:1070D0002A220021022000F075F800BF08BD08B583
:1070E00015226421022000F06DF800BF08BD0000E9
:1070F000064B1B78DBB2002B04D0044B00221A7025
:10710000012300E000231846704700BF3B24002005
:1071100000B583B00DF10703194631200BF030FDA7
:107120009DF80730184603B000BD000082B0019002
:107130000B468DF80330034B01221A7000BF02B0DA
:10714000704700BF3B24002000B585B0184B0022DB
:107150001A7004F08BFC0346002B03D015480BF08B
:10716000EBFD01E004F01EFC134A01AB126811466E
:1071700019800233120C1A7000238DF8053001AB10
:107180000E4A1946192004F07DFC0390039B0293DC
:10719000029B002B05D00A4A4FF49871029807F021
:1071A0008BF90121192004F0E9FC00BF05B000BDF6
:1071B0003B240020783B0300643C03002D71020057
:1071C000A03B030000B585B003468DF807300B46A1
:1071D0008DF8063013468DF80530272120200BF05E
:1071E00097FC012121200BF093FC402122200BF081
:1071F0008FFC082123200BF08BFC144B02221A7009
:10720000134B04221A709DF80730194632200BF0F8
:107210007FFC9DF80630194633200BF079FC0D4BAE
:1072200000221A70082124200BF072FC0DF10F03CC
:10723000194626200BF0A4FC9DF805301946302095
:107240000BF066FC00BF05B000BD00BF3D24002070
:107250003C2400203B240020BFF34F8F00BF064B8F
:10726000DB6803F4E0620449044B1343CB60BFF3D3
:107270004F8F00BF00BFFDE700ED00E00400FA05FE
:1072800082B0214B1B68B3F1FF3F0AD11F4B1B6833
:10729000DBB201931E4B1B681B0903F00F03009325
:1072A00005E0194B1B6801931A4B1B680093019B67
:1072B000062B24D1009B072B1DD0009B072B1CD82D
:1072C000009B062B15D0009B062B16D8009B052B88
:1072D0000DD0009B052B10D8009B032B03D0009BE7
:1072E000042B02D009E001230AE0012308E0012376
:1072F00006E0012304E0012302E0012300E0002373
:10730000184602B0704700BF30010010E00F00F0D7
:10731000E80F00F03401001082B01B4B1B68DBB299
:1073200001931A4B1B681B0903F00F030093019B89
:10733000062B24D1009B072B1DD0009B072B1CD8AC
:10734000009B062B15D0009B062B16D8009B052B07
:107350000DD0009B052B10D8009B032B03D0009B66
:10736000042B02D009E001230AE0002308E00023F7
:1073700006E0002304E0002302E0002300E00023F5
:10738000184602B0704700BFE00F00F0E80F00F0B1
:1073900082B0214B1B68B3F1FF3F0AD11F4B1B6822
:1073A000DBB201931E4B1B681B0903F00F03009314
:1073B00005E0194B1B6801931A4B1B680093019B56
:1073C000062B24D1009B072B1DD0009B072B1CD81C
:1073D000009B062B15D0009B062B16D8009B052B77
:1073E0000DD0009B052B10D8009B032B03D0009BD6
:1073F000042B02D009E001230AE0012308E0012365
:1074000006E0012304E0012302E0012300E0002361
:10741000184602B0704700BF30010010E00F00F0C6
:10742000E80F00F03401001082B01B4B1B68DBB288
:1074300001931A4B1B681B0903F00F030093019B78
:10744000062B24D1009B072B1DD0009B072B1CD89B
:10745000009B062B15D0009B062B16D8009B052BF6
:107460000DD0009B052B10D8009B032B03D0009B55
:10747000042B02D009E001230AE0002308E00023E6
:1074800006E0002304E0002302E0002300E00023E4
:10749000184602B0704700BFE00F00F0E80F00F0A0
:1074A00082B0214B1B68B3F1FF3F0AD11F4B1B6811
:1074B000DBB201931E4B1B681B0903F00F03009303
:1074C00005E0194B1B6801931A4B1B680093019B45
:1074D000062B24D1009B072B1DD0009B072B1CD80B
:1074E000009B062B15D0009B062B16D8009B052B66
:1074F0000DD0009B052B10D8009B032B03D0009BC5
:10750000042B02D009E001230AE0012308E0012353
:1075100006E0012304E0012302E0012300E0002350
:10752000184602B0704700BF30010010E00F00F0B5
:10753000E80F00F03401001082B01B4B1B68DBB277
:1075400001931A4B1B681B0903F00F030093019B67
:10755000062B24D1009B072B1DD0009B072B1CD88A
:10756000009B062B15D0009B062B16D8009B052BE5
:107570000DD0009B052B10D8009B032B03D0009B44
:10758000042B02D009E001230AE0002308E00023D5
:1075900006E0002304E0002302E0002300E00023D3
:1075A000184602B0704700BFE00F00F0E80F00F08F
:1075B00082B01B4B1B68DBB201931A4B1B681B0983
:1075C00003F00F030093019B062B24D1009B072B94
:1075D0001DD0009B072B1CD8009B062B15D0009BB1
:1075E000062B16D8009B052B0DD0009B052B10D821
:1075F000009B032B03D0009B042B02D009E0012346
:107600000AE0002308E0002306E0002304E0002352
:1076100002E0002300E00023184602B0704700BFDC
:10762000E00F00F0E80F00F082B0214B1B68B3F1CF
:10763000FF3F0AD11F4B1B68DBB201931E4B1B6837
:107640001B0903F00F03009305E0194B1B6801931E
:107650001A4B1B680093019B062B24D1009B072B20
:107660001DD0009B072B1CD8009B062B15D0009B20
:10767000062B16D8009B052B0DD0009B052B10D890
:10768000009B032B03D0009B042B02D009E00023B6
:107690000AE0002308E0012306E0012304E00123BF
:1076A00002E0012300E00023184602B0704700BF4B
:1076B00030010010E00F00F0E80F00F0340100107E
:1076C00082B0214B1B68B3F1FF3F0AD11F4B1B68EF
:1076D000DBB201931E4B1B681B0903F00F030093E1
:1076E00005E0194B1B6801931A4B1B680093019B23
:1076F000062B24D1009B072B1DD0009B072B1CD8E9
:10770000009B062B15D0009B062B16D8009B052B43
:107710000DD0009B052B10D8009B032B03D0009BA2
:10772000042B02D009E001230AE0012308E0012331
:1077300006E0012304E0012302E0012300E000232E
:10774000184602B0704700BF30010010E00F00F093
:10775000E80F00F03401001082B0214B1B68B3F138
:10776000FF3F0AD11F4B1B68DBB201931E4B1B6806
:107770001B0903F00F03009305E0194B1B680193ED
:107780001A4B1B680093019B062B24D1009B072BEF
:107790001DD0009B072B1CD8009B062B15D0009BEF
:1077A000062B16D8009B052B0DD0009B052B10D85F
:1077B000009B032B03D0009B042B02D009E0012384
:1077C0000AE0012308E0012306E0012304E001238D
:1077D00002E0012300E00023184602B0704700BF1A
:1077E00030010010E00F00F0E80F00F0340100104D
:1077F00082B0194B1B680193184B1B680093019BC7
:10780000062B24D1009B072B1DD0009B072B1CD8D7
:10781000009B062B15D0009B062B16D8009B052B32
:107820000DD0009B052B10D8009B032B03D0009B91
:10783000042B02D009E000230AE0002308E0002323
:1078400006E0012304E0012302E0012300E000231D
:10785000184602B0704700BF30010010340100101C
:1078600082B0194B1B680193184B1B680093019B56
:10787000062B24D1009B072B1DD0009B072B1CD867
:10788000009B062B15D0009B062B16D8009B052BC2
:107890000DD0009B052B10D8009B032B03D0009B21
:1078A000042B02D009E000230AE0002308E00023B3
:1078B00006E0002304E0012302E0012300E00023AE
:1078C000184602B0704700BF3001001034010010AC
:1078D00008B5FFF7C5FF0346002B07D04FF0102374
:1078E0004FF08042D3F80832C2F8583500BF08BDC7
:1078F00000BF044BD3F80034002BFAD000BF00BF08
:10790000704700BF00E0014000B583B00190044A19
:10791000019BC2F80435FFF7EBFF00BF03B000BDC9
:1079200000E00140024B034A1A6000BF704700BFED
:107930000C2300200090D00308B5FFF7A1FC0346FC
:10794000002B06D0964B1B681B0A964A03F01F03B8
:107950001360FFF7E1FC0346002B02D0924B934AE1
:107960001A60FFF715FD0346002B06D0904B1B68ED
:107970005B0B904A03F007031360FFF755FD0346C6
:10798000002B05D08C4BDB688B4A23F08073D360CF
:10799000FFF786FD0346002B0ED04FF080430022F8
:1079A000C3F80C214FF080430022C3F810214FF0A0
:1079B00080430022C3F83825FFF7BEFD0346002BA5
:1079C00002D07E4B03221A60FFF7F2FD0346002B24
:1079D0000BD07B4B05221A607A4B01221A607A4B3E
:1079E00000221A60794B3F221A60FFF71DFE034602
:1079F000002B76D04FF08053754AD3F80434C2F888
:107A000020354FF08053724AD3F80834C2F8243539
:107A10004FF080536E4AD3F80C34C2F828354FF03B
:107A200080536B4AD3F81034C2F82C354FF0805392
:107A3000674AD3F81434C2F830354FF08053644AA3
:107A4000D3F81834C2F834354FF08053604AD3F875
:107A50001C34C2F840354FF080535D4AD3F82034CF
:107A6000C2F844354FF08053594AD3F82434C2F851
:107A700048354FF08053564AD3F82834C2F84C3575
:107A80004FF08053524AD3F82C34C2F850354FF09F
:107A900080534F4AD3F83034C2F854354FF08053F6
:107AA0004B4AD3F83434C2F860354FF08053484A1B
:107AB000D3F83834C2F864354FF08053444AD3F8D1
:107AC0003C34C2F868354FF08053414AD3F8403413
:107AD000C2F86C354FF080533D4AD3F84434C2F8B5
:107AE0007035FFF7EDFD0346002B05D0394B1B68C1
:107AF000394A03F04F031360FFF72EFE0346002BB5
:107B00000DD04FF08043D3F8003403F00103002B75
:107B100005D04FF080436FF00102C3F80024FFF757
:107B200067FE0346002B05D02C4B1B682B4A43F401
:107B3000806313602A4BD3F88830294A43F47003DA
:107B4000C2F88830BFF34F8F00BFBFF36F8F00BF05
:107B5000FFF7BEFE4FF01023D3F80032002B05DBF9
:107B60004FF01023D3F80432002B15DA0120FFF771
:107B7000CBFE4FF010231522C3F80022FFF7B8FE0A
:107B80004FF010231522C3F80422FFF7B1FE0020A6
:107B9000FFF7BAFEFFF760FBFFF7C4FE00BF08BDAA
:107BA000240300104035014074C007400DF0ADBA09
:107BB000440200103C050040F0ED00E0A00500404C
:107BC0001056004088560040185600401456004099
:107BD00000C0004058020010E40E00403C17004076
:107BE00000ED00E06DDF704700BF184679DF704799
:107BF00000BF18467DDF704700BF184664DF70473E
:107C000000BF184682B003460091ADF80630BDF8BB
:107C10000630DAB2009B1A70BDF806301B0A9AB221
:107C2000009B0133D2B21A700223184602B070478B
:107C300000B589B0039002911346ADF80630029B5F
:107C40001B8803F10902BDF806309A4201D90C23C2
:107C500053E004AB1846FFF7C5FF0790079B069358
:107C6000069B002B01D0069B47E0029B1B881A460F
:107C7000039B134408221A70029B1B8801339AB29B
:107C8000029B1A80029B1B881A46039B13441B22EB
:107C90001A70029B1B8801339AB2029B1A80029BC6
:107CA0001B881A46039B981804AB01330622194619
:107CB0000BF0BAFC029B1B8806339AB2029B1A8017
:107CC0009DF8103023F00103DBB2002B07D1029B9B
:107CD0001B881A46039B134400221A7006E0029B7D
:107CE0001B881A46039B134401221A70029B1B88AF
:107CF00001339AB2029B1A800023184609B000BDD6
:107D000000B589B0039002910192ADF80230039B57
:107D10001B78012B05D1039B5B78002B01D1072336
:107D200091E0019B1B889A1CBDF802309A420ED844
:107D3000039B1B78012B0CD1019B1B881A46039BCC
:107D40005B7813449A1CBDF802309A4201D90C2387
:107D500079E0019B1B88BDF80220D31A9BB2023B3D
:107D6000ADF81C30BDF81C30ADF81230019B1B88FB
:107D70000233029A13440DF1120211461846FFF71E
:107D800039FF0690069B0593059B002B01D0059BB0
:107D900059E0039B1B78022B06D0039B5B781A46A5
:107DA000BDF812309A4209D3BDF81230BDF81C203C
:107DB0009A4203D309238DF81F3016E008238DF86B
:107DC0001F30039B1B78012B0BD1039B5B781A465A
:107DD000BDF81C30934204D3039B5B78ADF812309E
:107DE00003E0BDF81C30ADF81230BDF81230FE2BA8
:107DF00001D90C2327E0BDF81230DAB2019B1B88B1
:107E00001946029B0B440132D2B21A70019B1B88A7
:107E100001339AB2019B1A80019B1B881A46029B70
:107E200013449DF81F201A70019B1B8801339AB2DE
:107E3000019B1A80019B1A88BDF8123013449AB234
:107E4000019B1A800023184609B000BD00B589B017
:107E5000039002911346ADF80630029B1B881A1D51
:107E6000BDF806309A4201D90C233AE00DF1160311
:107E70001846FFF7BBFE0790079B0693069B002B57
:107E800001D0069B2DE0029B1B881A46039B1344DE
:107E900003221A70029B1B8801339AB2029B1A803C
:107EA000029B1B881A46039B134419221A70029BDB
:107EB0001B8801339AB2029B1A80BDF81620029BE0
:107EC0001B881946039B0B4419461046FFF79AFE80
:107ED00003461A46029B1B8813449AB2029B1A80DF
:107EE0000023184609B000BD84B0029101921A46E1
:107EF00003468DF80F301346ADF80C30019B1B88FC
:107F0000DA1CBDF80C309A4201D90C2328E0019B01
:107F10001B881A46029B134402221A70019B1B887D
:107F200001339AB2019B1A80019B1B881A46029B5F
:107F3000134401221A70019B1B8801339AB2019BE2
:107F40001A80019B1B881A46029B13449DF80F2040
:107F50001A70019B1B8801339AB2019B1A8000237F
:107F6000184604B0704784B0029101921A46034645
:107F70008DF80F301346ADF80C30019B1B88DA1CCE
:107F8000BDF80C309A4201D90C2328E0019B1B88D4
:107F90001A46029B134402221A70019B1B8801336C
:107FA0009AB2019B1A80019B1B881A46029B1344BC
:107FB0000A221A70019B1B8801339AB2019B1A8016
:107FC000019B1B881A46029B13449DF80F201A70D0
:107FD000019B1B8801339AB2019B1A80002318462B
:107FE00004B0704700B58DB0039001930B468DF837
:107FF0000B3013468DF80A3000238DF82B300E9B82
:108000001B88ADF8283000230B9372E0039B5A685D
:108010000B9B9B001A4404AB106818600DF117010C
:1080200004AB00221846FFF7E9FD0890089B079370
:10803000079B002B01D0079B7DE09DF817309DF832
:108040000A209A4252D19DF82B30002B03D00023F6
:108050008DF82A3002E002238DF82A300E9B1B880F
:108060001A469DF817301A449DF82A301A44BDF874
:108070003C309A4201DD0C235DE09DF82B3083F00B
:108080000103DBB2002B16D00E9B1B8801339AB282
:108090000E9B1A800E9B1B881A46019B13449DF869
:1080A0000B201A700E9B1B8801339AB20E9B1A800C
:1080B00001238DF82B300E9B1B881A46019B1A4416
:1080C0000DF1170104AB1846FFF798FD0890089BC7
:1080D0000693069B002B01D0069B2CE00E9B1B8871
:1080E0009DF8172013449AB20E9B1A800B9B013304
:1080F0000B93039B1B881A460B9B934286DB9DF8D0
:108100002B30002B16D00E9B1A88BDF82830D31ABE
:108110009BB2013BADF82630BDF82630FF2B01D9CC
:108120000C2308E0BDF82830019A1344BDF826203E
:10813000D2B21A70002318460DB000BD00B58BB046
:10814000059003930B468DF8133013468DF81230CB
:108150009DF81310BDF8343001930C9B0093039BE2
:1081600002220598FFF73EFF0990099B0893089BA0
:10817000002B01D0089B14E09DF81210BDF834309C
:1081800001930C9B0093039B10220598FFF72AFF95
:108190000990099B0793079B002B01D0079B00E0E8
:1081A000002318460BB000BD82B00190019B1B88D4
:1081B000052B0AD9019B1B88B3F5486F07D9019B92
:1081C0001B884FF6FF72934201D0072325E0019BE5
:1081D0005B88052B0AD9019B5B88B3F5486F07D9EB
:1081E000019B5B884FF6FF72934201D0072314E096
:1081F000019B1B884FF6FF7293420DD0019B5B8859
:108200004FF6FF72934207D0019B1A88019B5B884F
:108210009A4201D9072300E00023184602B07047B4
:1082200000B587B0039002910192ADF80230019B36
:108230001B889A1DBDF802309A4201D90C234BE0ED
:108240000398FFF7B1FF0590059B0493049B002B57
:1082500001D0049B40E0019B1B881A46029B1344FB
:1082600005221A70019B1B8801339AB2019B1A8068
:10827000019B1B881A46029B134412221A70019B11
:108280001B8801339AB2019B1A80039B1A88019BB9
:108290001B881946029B0B4419461046FFF7B2FC97
:1082A00003461A46019B1B8813449AB2019B1A800D
:1082B000039B5A88019B1B881946029B0B44194655
:1082C0001046FFF79FFC03461A46019B1B88134488
:1082D0009AB2019B1A800023184607B000BD00B572
:1082E00087B0039002910192ADF80230039B9B8806
:1082F00002330593019B1B881A46059B13449A1C65
:10830000BDF802309A4201D90C2353E0059BFE2BA5
:1083100001D90C234EE0059BDAB2019B1B8819465C
:10832000029B0B440132D2B21A70019B1B880133AD
:108330009AB2019B1A80019B1B881A46029B134428
:10834000FF221A70019B1B8801339AB2019B1A808D
:10835000039B1A88019B1B881946029B0B441946F4
:108360001046FFF74FFC03461A46019B1B88134437
:108370009AB2019B1A80039B9B88002B19D0039B08
:108380009B68002B01D1072314E0019B1B881A4630
:10839000029B9818039B9968039B9B881A460BF0D5
:1083A00043F9019B1A88039B9B8813449AB2019B53
:1083B0001A800023184607B000BD00B589B00390AD
:1083C00002910192ADF80230039B9B6A002B01D110
:1083D000072371E000238DF81F3065E0039B996A45
:1083E0009DF81F2013465B0013449B000B4406932B
:1083F000069B9B8802330593059BFE2B01D90C231A
:108400005AE0059BDAB2019B1B881946029B0B447C
:108410000132D2B21A70019B1B8801339AB2019BC0
:108420001A80019B1B881A46029B134416221A705D
:10843000019B1B8801339AB2019B1A80069B1A8804
:10844000019B1B881946029B0B4419461046FFF7F7
:10845000D9FB03461A46019B1B8813449AB2019B21
:108460001A80069B9B88002B19D0069B9B68002BCB
:1084700001D1072320E0019B1B881A46029B981814
:10848000069B9968069B9B881A460BF0CDF8019BCA
:108490001A88069B9B8813449AB2019B1A809DF808
:1084A0001F3001338DF81F30039B93F82C309DF85B
:1084B0001F209A4292D30023184609B000BD00B590
:1084C00095B005900491039200231393039B1B889E
:1084D000ADF84A30039B00221A80059B93F82D309B
:1084E000002B0ED0BDF84A301A4603990498FFF7C6
:1084F0009FFB1390139B1193119B002B01D0119B99
:10850000D8E0059B9B78002B0ED0BDF84A301A4668
:1085100003990498FFF79AFC1390139B1093109BF8
:10852000002B01D0109BC5E0059BDB78002B10D001
:10853000059BDB7858B2BDF84A30039A0499FFF7DF
:10854000D3FC1390139B0F930F9B002B01D00F9B19
:10855000B0E0059B5B68002B11D0059B5B6893F92D
:108560000000BDF84A30039A0499FFF7FCFC139011
:10857000139B0E930E9B002B01D00E9B9AE0059B44
:108580001B89002B14D0059B03F10800BDF84A306D
:108590000193039B0093049B06220221FFF7CEFD6B
:1085A0001390139B0D930D9B002B01D00D9B81E02D
:1085B000059B1B8A002B14D0059B03F11000BDF80E
:1085C0004A300193039B0093049B07220321FFF78A
:1085D000B5FD1390139B0C930C9B002B01D00C9BAF
:1085E00068E0059B1B8B002B14D0059B03F1180042
:1085F000BDF84A300193039B0093049B152214217C
:10860000FFF79CFD1390139B0B930B9B002B01D04A
:108610000B9B4FE0059B1B6A002B0FD0059B186A34
:10862000BDF84A30039A0499FFF7FAFD1390139BA3
:108630000A930A9B002B01D00A9B3BE0059B5B6AD7
:10864000002B0FD0059B586ABDF84A30039A049955
:10865000FFF745FE1390139B0993099B002B01D054
:10866000099B27E0059B93F82C30002B0ED0BDF81A
:108670004A30039A04990598FFF79FFE1390139BC5
:108680000893089B002B01D0089B13E0059B1B78E7
:10869000002B0ED0BDF84A30039A04990598FFF7D5
:1086A0002FFB1390139B0793079B002B01D0079B75
:1086B00000E0139B184615B000BD75DF704700BF82
:1086C000184676DF704700BF18467ADF704700BF54
:1086D00018467BDF704700BF1846000084B0034691
:1086E000ADF806300023039316E00F49039A1346B2
:1086F0009B0013449B000B441B88BDF806209A4244
:1087000007D1039A13469B0013449B00064A134467
:1087100006E0039B01330393039B002BE5D000236A
:10872000184604B0704700BF6024002082B001905A
:108730000B46ADF80230019BBDF802201A80019B68
:1087400000221A72019B054903F10A020B4603CB72
:108750001060516000BF02B0704700BF902400203D
:1087600082B00190019B4FF6FF721A8000BF02B0E9
:10877000704788B00390029111461A460B46ADF837
:1087800006301346ADF80430039B9B881A46BDF8AB
:10879000063013440793039B9B881946039B9B88D1
:1087A000BDF80620934228BF13469BB2CB1A06930E
:1087B000039BDB881A46BDF8043013440593039BE2
:1087C000DB881946039BDB88BDF80420934228BF51
:1087D00013469BB2CB1A0493029B5A88039B1B88B7
:1087E0009A4205D3029B5A88039B5B889A4201D91F
:1087F00000231CE0029B9B881A46069B934205D8E7
:10880000029B9B881A46079B934201D200230EE0ED
:10881000029BDB881A46049B934205D8029BDB88A7
:108820001A46059B934201D2002300E0012318461B
:1088300008B0704700B583B00190054B9B69002BD1
:1088400003D0034B9B690198984700BF03B000BD5C
:108850007424002000B585B003460091ADF80630C1
:10886000BDF8063000991846FFF727FF0390039BD9
:10887000002B05D0039B112B02D00398FFF7DAFFE2
:10888000039B002B0CBF01230023DBB2184605B06D
:1088900000BD000000B589B00190019B0793079BC4
:1088A0009BB21846FFF71AFF0690069B002B42D09A
:1088B000069B1A7A214B1B7B9A4215D2079B9AB2D0
:1088C000069B0A3319461046FFF7C4FF03468DF88E
:1088D00013309DF81330002B2DD0069B1B7A0133EB
:1088E000DAB2069B1A7226E0069B00221A72134B1C
:1088F0001B7C002B0FD0079B9BB23B211846FFF738
:10890000E0FE0590059B002B05D0059B082B02D0AF
:108910000598FFF78FFF094B5B69002B0BD00023F5
:108920008DF80C30079B9BB2ADF80E30034B5B69A2
:1089300003AA1046984700BF09B000BD7424002068
:1089400030B587B00190019B002B01D10E2353E07D
:108950002B4A019B14461D460FCD0FC495E8070016
:1089600084E80700264B274A1A60019B1B68002BEE
:1089700011D0019B1B681846FFF7A7FE0490049BCB
:10898000002B01D0049B37E0019B1A681D4B106837
:10899000516803C308E01B48FFF79BFE0490049B4B
:1089A000002B01D0049B27E00023059320E0059ACB
:1089B00013469B0013449B00134A134403930398EC
:1089C000FFF7CEFE059B5B01104A1A44039B5A60D9
:1089D000039B04330E4A0021184606F04DF904901B
:1089E000049B002B01D0032306E0059B0133059374
:1089F000059B002BDBD00023184607B030BD00BF1D
:108A000074240020902400206024002040240020B2
:108A10009588020000B587B003460091ADF8063096
:108A2000009B5B7A002B1AD1009B1B7A002B03D191
:108A3000164B5B68059302E0144B9B680593009B03
:108A40005B68BDF806200599184606F04FF90490BA
:108A5000049B002B16D00498FFF7ECFE12E0009B5D
:108A600000221A72094B5B69002B0BD001238DF891
:108A70000C30BDF80630ADF80E30044B5B6903AA2C
:108A80001046984700BF07B000BD00BF7424002007
:108A900000B585B00190019BDB7B8DF80F30019B09
:108AA0009B88ADF80C309DF80F30012B2CD14FF680
:108AB000FF70FFF713FE0290029B002B03D10420EE
:108AC000FFF7B8FE21E0BDF80C3019460298FFF719
:108AD0002DFE029B03F10A00019B03F110014FF6EA
:108AE000FF7340F2F312FFF744FE03461A46029B5F
:108AF0005A72074BDB89002B07D1BDF80C30029965
:108B00001846FFF787FF00E000BF05B000BD00BFBB
:108B10007424002000B587B00190019B9B88ADF8BC
:108B20001630BDF816301846FFF7D8FD0490049BA8
:108B3000002B0ED0049B5B68184606F02FF90390BB
:108B4000039B002B02D00398FFF774FE0498FFF7F5
:108B500007FE00BF07B000BD00B587B00190019BC4
:108B600006330593059B1A88194BDB899A422BD152
:108B7000059B5B89022B27D1019B9B88ADF81230A6
:108B8000BDF812301846FFF7A9FD0390039B002B98
:108B90001AD0059B0C33184600F0E5F90346002B6C
:108BA00006D0BDF8123003991846FFF733FF0BE0EB
:108BB000039B5B68184606F0F1F80290029B002BBD
:108BC00002D00298FFF736FE00BF07B000BD00BF1D
:108BD0007424002000B585B00190019B9B88ADF8FE
:108BE0000E30BDF80E301846FFF778FD0290029B5C
:108BF000002B15D0029B03F10A00019B03F1080131
:108C00004FF6FF7340F2F312FFF7B3FD03461A4627
:108C1000029B5A72BDF80E3002991846FFF7FAFE11
:108C200000BF05B000BD00B583B001900091019B6D
:108C30001B88502B12D0502B18DC122B12D0122B69
:108C400014DC102B02D0112B04D00FE00198FFF799
:108C50001FFF0CE00198FFF75DFF08E00198FFF7A8
:108C60007BFF04E00198FFF7B5FF00E000BF00BF05
:108C700003B000BD30B58FB0019000910023029386
:108C8000009B002B1AD000230D9314E06B460D9926
:108C9000184606F07CFF0346002B09D0029B5A1CA5
:108CA00002920D9A92B25B0038336B4423F82C2C5D
:108CB0000D9B01330D930D9B132BE7D9019B1D4693
:108CC00002AC0FCC0FC50FCC0FC594E8070085E8A8
:108CD000070001980FB030BD00B583B00346ADF872
:108CE0000630BDF80630132B01D900230CE0BDF887
:108CF00006301946064806F01BFFBDF80630194637
:108D0000044806F015FF0123184603B000BD00BF5C
:108D1000A02400209C24002000B585B00346ADF8B7
:108D20000630002303930DE0039B9B00094A134484
:108D30000433BDF806201146184606F010FF039BC9
:108D400001330393039B1D2BEED900BF00BF05B079
:108D500000BD00BF9824002000B583B00346ADF8E5
:108D60000630BDF806301946024806F0F8FE00BF8E
:108D700003B000BDA024002030B59BB0184B9B6809
:108D8000DB431893164B5A6818AB1146184606F089
:108D900058FF189A6B4611461846FFF76BFF0DAC4B
:108DA0006D460FCD0FC40FCD0FC495E8070084E8C2
:108DB0000700002319930BE0199B5B0068336B4499
:108DC00033F8303C1846FFF7A7FF199B013319937E
:108DD0000D9B199A9A42EFD300BF00BF1BB030BD64
:108DE0009824002000B583B001900B46ADF8023006
:108DF00013468DF801309DF80130002B06D0BDF8E8
:108E000002301946019806F093FE05E0BDF80230E5
:108E10001946019806F0A3FE00BF03B000BD000094
:108E200000B585B001900091019B9B88ADF80E3094
:108E3000019B1B881A2B2ED01A2B71DC192B59D0B1
:108E4000192B6DDC102B02D0112B1ED068E0FFF720
:108E500093FFBDF80E301846FFF73EFF034683F040
:108E60000103DBB2002B05D02F4AF021042005F0CE
:108E700023FB52E0019BDB7B022B4ED1BDF80E3071
:108E800019462A4806F054FE47E0BDF80E30184651
:108E9000FFF762FF44E0019B1B7AC3F30313DBB2CD
:108EA0008DF80D309DF80D30032B8CBF012300236E
:108EB000DAB2BDF80E3019461D48FFF793FF9DF852
:108EC0000D30022B8CBF01230023DAB2BDF80E3027
:108ED00019461848FFF786FF9DF80D30012B8CBF0F
:108EE00001230023DAB2BDF80E3019461248FFF70D
:108EF00079FF15E0019B1B7A002B10D1019B5B7A57
:108F0000C3F3C0038DF80C309DF80C20BDF80E3073
:108F100019460748FFF766FF01E000BF00E000BF09
:108F200000BF05B000BD00BF883C0300A4240020A2
:108F3000B0240020AC240020A824002082B001909E
:108F4000019B1B781AB2019B01331B781BB21B02D9
:108F50001BB213431BB29BB2184602B07047AADF84
:108F6000704700BF184600B585B001900198FFF723
:108F7000E5FF0346ADF80E30BDF80E3003F00103F7
:108F8000DBB2184605B000BD82B0034600918DF8F3
:108F90000730009A137823F00F031370009A1378A8
:108FA00023F0F00313709DF80730052B51D0052BEB
:108FB0005DDC042B40D0042B59DC032B2FD0032B7A
:108FC00055DC022B1ED0022B51DC002B02D0012BD2
:108FD0000BD04CE0009A137823F00F031370009A23
:108FE000137823F0F003137040E0009A1378012106
:108FF00061F303031370009A1378012161F30713DF
:10900000137033E0009A1378012161F303031370A6
:10901000009A1378022161F30713137026E0009A77
:109020001378012161F303031370009A137803216D
:1090300061F30713137019E0009A1378022161F3AA
:1090400003031370009A1378012161F3071313705F
:109050000CE0009A1378022161F303031370009A65
:109060001378022161F30713137000BF00BF00BF24
:1090700002B0704700B595B0034602910192ADF879
:109080000E30029B9B78002B03D101238DF81E30FC
:1090900003E0029B9B788DF81E30029B1B88ADF885
:1090A0001C3006AB0322002118460AF0EFFA029B9F
:1090B0005B7C06AA11461846FFF766FF029B9A7C66
:1090C00006AB013319461046FFF75EFF029BDA7BC1
:1090D0009DF81A3062F3C3038DF81A30029B1A7C94
:1090E0009DF81A3062F304138DF81A30029B1A7B34
:1090F0009DF81A3062F300038DF81A30029B1B7D35
:10910000002B01D0022200E001229DF81A3062F308
:1091100042038DF81A300DAB1C22002118460AF0CC
:10912000B5FA029B5B7B03F01003DBB2002B06D188
:10913000029B5B7B03F02003DBB2002B24D004AB4B
:109140000322002118460AF0A1FA029BDA7C04AB44
:10915000013319461046FFF717FF9DF81030012222
:1091600062F303038DF810309DF81030012262F392
:1091700007138DF810309DF81230012262F342037C
:109180008DF8123004AB1293029B5B7B8DF8343068
:10919000029B9B7B8DF8353008AB142200211846CA
:1091A0000AF074FA07AB089306AB0993029B9B88FD
:1091B000ADF82C30029B9B68002B06D0029BDB880D
:1091C000ADF82830029B9B680C93029B9B69002B97
:1091D0004FD005AB0322002118460AF057FA029B34
:1091E0009B691B88ADF83C30029B9B695B88ADF89E
:1091F0003E30029B9B695B680E9305AB1193029B0B
:109200009B691B7B05AA11461846FFF7BDFE029B12
:109210009B695A7B05AB013319461046FFF7B4FE34
:10922000029B9B699A7A9DF8163062F3C3038DF80E
:109230001630029B9B69DA7A9DF8163062F30413AC
:109240008DF81630029B9B691A7A9DF8163062F3EE
:1092500000038DF81630029B9B699B7B002B01D08D
:10926000022200E001229DF8163062F342038DF8DD
:109270001630029BDB69002B02D0029BDB69109346
:1092800008AA0DA9BDF80E00019BFFF768FE034672
:10929000184615B000BD90DF704700BF1846A5DF27
:1092A000704700BF1846B5DF704700BF184682B050
:1092B0000190019B17221A80019B17225A80019B63
:1092C00000221A71019B00225A71019B1B229A7184
:1092D000019B1B22DA7100BF02B0704730B589B024
:1092E00003460A46ADF806301346ADF80430BDF823
:1092F0000430ADF81430BDF80430ADF8163000235A
:10930000ADF818300023ADF81A3003AB00221A6014
:109310009A8003AA05A9BDF806301846FFF7BBFFDF
:109320000790079B002B39D01E4A1F4BD31ADB082E
:109330001B0443F00104BDF80650079807F0BCFC7D
:1093400003462A461949204608F0F5F9BDF80C30C5
:10935000002B03D1BDF80E30002B0ED0114A124B5A
:10936000D31ADB081B0443F00100BDF80C301A4689
:10937000BDF80E300E4908F0DEF9BDF81030002BB4
:109380000CD0084A084BD31ADB081B0443F0010336
:10939000BDF810200749184608F0BDF9079B18468C
:1093A00009B030BD80380300383803003C3D03006D
:1093B000883D0300C83D030010B586B001900091C0
:1093C000009B9B88ADF80E30BDF80E30DB00019A93
:1093D000134406330593019B1A79059B9A71009BF0
:1093E000DB7B012B02D0022B05D009E0019B1A8800
:1093F000059B1A8004E0019B5A88059B1A8000BFD8
:10940000059B1A88059B5B889A4226D9059B1A887A
:10941000BDF80E3011461846FFF741FF0490049B3B
:10942000002B03D1059B01225A7116E0049B112BDE
:1094300003D1059B01221A710FE0114A114BD31A77
:10944000DB081B0443F00104049807F035FC0346D5
:109450001A460D49204608F05EF9059B9A79059B4E
:10946000DB799A4208D9059B9B791A46BDF80E30E4
:1094700011461846FFF732FF00BF06B010BD00BF0F
:109480008038030038380300203E030000B583B065
:1094900001900091009B9B88DB00019A13440633E6
:1094A0001846FFF704FF00BF03B000BD00B587B04A
:1094B00001900091009B9B88ADF81630009B5B8962
:1094C000ADF81430BDF81630DB00019A13440633B2
:1094D0000493049B1B88BDF81420934228BF1346B5
:1094E0009AB2049B5A80049B5B88172B38BF1723C2
:1094F0009AB2049B5A80019B1B69002B15D0049BD8
:109500005B79002B11D040F67723ADF80830BDF819
:109510001630ADF80A30049B5B88ADF80C30019B27
:109520001B6902AA114601989847049B00225A71B0
:10953000049B00221A7100BF07B000BD10B588B0AF
:1095400001900091009B9B88ADF81A30009BDB884E
:10955000ADF81830BDF81A30DB00019A1344063319
:109560000593BDF81830172B38BF1723ADF8183006
:10957000059B1B88BDF81820934228BF13469AB25A
:10958000059B5A80059B00221A71059B1A88BDF81D
:109590001A3011461846FFF786FE0790079B002BEE
:1095A0000FD0174A174BD31ADB081B0443F00104F2
:1095B000079807F081FB03461A461349204608F036
:1095C000AAF8059B5B79002B16D1019B1B69002B28
:1095D00013D040F67723ADF80C30BDF81A30ADF853
:1095E0000E30059B5B88ADF81030019B1B6903AA08
:1095F00011460198984700E000BF08B010BD00BFB9
:109600008038030038380300543E030030B591B071
:1096100001900091009B04AC1D1D0FCD0FC40FCD18
:109620000FC495E8070084E80700BDF81030ADF8D6
:109630003E30BDF81420BDF83E30D1B2019ADB00B7
:1096400013440A465A73019B1B69002B15D04DF633
:109650007A23ADF80830BDF83E30ADF80A30BDF8D9
:109660003E30019ADB0013445B7B8DF80C30019B8C
:109670001B6902AA11460198984700BF11B030BD7E
:1096800000B587B001900091009B04330593059BC2
:109690001B88DB00019A134406330493059B9B88C7
:1096A0008DF80F30049B9B799DF80F20934228BFC3
:1096B00013468DF80E30059B1B889DF80E2092B244
:1096C00011461846FFF70AFE00BF07B000BD00B5FF
:1096D00085B001900091019B002B01D10E231DE06C
:1096E000019B009A1A61019B17221A80019B172285
:1096F0005A80019B1B221A71002303930AE0039BEB
:10970000DB00019A134406331846FFF7D0FD039B94
:1097100001330393039B002BF1D00023184605B0BF
:1097200000BD000010B586B001900091009B05932C
:10973000019B9B88ADF81230BDF81230002B70D120
:10974000019B1B88552B21D0552B2EDC3A2B18D092
:109750003A2B2ADC242B1ED0242B26DC232B1FD0D3
:10976000232B22DC102B02D0112B05D01DE00199F8
:109770000598FFF721FE19E001990598FFF786FE8D
:1097800014E001990598FFF791FE0FE00199059803
:10979000FFF7D4FE0AE001990598FFF737FF05E0CF
:1097A00001990598FFF76CFF00E000BFBDF812308B
:1097B000059ADB0013449B7A002B33D0BDF812309E
:1097C000059ADB001344DA88BDF8123011461846BA
:1097D000FFF765FD0390039B002B0ED1BDF81230FF
:1097E000059ADB00134400229A72BDF81230059AE4
:1097F000DB0013440122DA7214E0039B112B11D019
:10980000094A0A4BD31ADB081B0443F001040398EE
:1098100007F052FA03461A460549204607F07BFF37
:1098200000E000BF06B010BD8038030038380300E8
:10983000203E0300B0DF704700BF184666DF704768
:1098400000BF184682B001900091019B002B01D10E
:109850000E2316E0009B002B01D10E2311E0019B8B
:109860001B78DE2B01D108230BE0009B1A68019BBB
:109870005A60019BDE221A70019B4FF6FF725A80DC
:109880000023184602B0704782B001900B46ADF835
:109890000230019B002B01D10E230AE0019B1B78B3
:1098A000DE2B01D0082304E0019BBDF802205A8082
:1098B0000023184602B0704700B585B00190019BA7
:1098C0001B7A002B18D0019B5B8800211846FFF7FC
:1098D000B5FF0390039B002B03D1019B00221A725A
:1098E0000AE0039B112B03D1019B01221A7203E0B2
:1098F000019B5B680398984700BF05B000BD00B5A9
:1099000083B001900091009B1B79012B0BD1009B30
:109910001A88019B5B889A4205D1019B01221A7229
:109920000198FFF7C9FF00BF03B000BD82B00190EE
:10993000009100BF02B0704700B589B0019000915E
:10994000009B1A88019B5B889A4236D1009B0233A8
:109950000793079B1B78022B31D1079B1B7A042BA3
:1099600007D0079B1B7A062B03D0079B1B7A052B7E
:1099700027D102AB00221A605A609A60DA60022393
:109980008DF808304FF4C073ADF80C30079B1B7A8C
:10999000052B02D10023ADF80C30009B1B8802AAD6
:1099A00011461846FFF746FF0690069B002B09D08C
:1099B000019B5B680698984704E000BF02E000BF87
:1099C00000E000BF09B000BD00B585B00190009176
:1099D000009B002B43D0019B002B40D0009B0393A6
:1099E000039B1B78DE2B3AD1019B9A88039B5B88F3
:1099F0009A4202D10398FFF75FFF019B1B88512B0E
:109A000018D0512B28DC112B1BD0112B24DC012B5F
:109A100002D0022B07D01FE0019B043319460398A4
:109A2000FFF76DFF1BE0019B043319460398FFF716
:109A30007DFF14E0019B043319460398FFF77CFF78
:109A40000DE0019B9A88039B5B889A4206D1039B99
:109A50004FF6FF725A8001E000BF00E000BF05B082
:109A600000BDA8DF704700BF1846AEDF704700BFDB
:109A7000184662DF704700BF184600B585B00190F8
:109A80000091009B06330393039B1A88019B5B881C
:109A90009A420FD1039B5B89012B0BD1019B5B6920
:109AA000002B07D0019B5B69009A9088039A127B78
:109AB0000199984700BF05B000BD00B585B0019081
:109AC0000091009B0393019B1B88502B04D10199AB
:109AD0000398FFF7D2FF00E000BF00BF05B000BD54
:109AE00010B592B001900091009B1A68019B5A61D9
:109AF000484B02AC0FCB84E80F00019B03F112022C
:109B000002AB11461846FFF7B4FF1190119B10935A
:109B1000109B002B01D0109B79E0019B9B7C8DF862
:109B20003A3041F22353ADF83830019A0EAB194662
:109B30000120FFF796FF1190119B0F930F9B002BB5
:109B400001D00F9B63E006AB20220021184609F0EC
:109B50009DFD41F22453ADF81830019B9B7C8DF89C
:109B60001A300123ADF81E300123ADF81C309DF8EA
:109B7000253043F002038DF825309DF8253043F061
:109B800010038DF8253001238DF8293001238DF83D
:109B90002B30019B1888019B03F10A0206AB194682
:109BA000FFF768FA1190119B002B01D0119B2EE05A
:109BB00006AB20220021184609F068FD41F225532A
:109BC000ADF81830019B9B7C8DF81A300123ADF85D
:109BD0001E300123ADF81C309DF8253043F0020300
:109BE0008DF825309DF8253043F008038DF8253099
:109BF00001238DF8293001238DF82A30019B188824
:109C0000019B9A1C06AB1946FFF734FA0346184627
:109C100012B010BD843E030000B589B00346009128
:109C2000ADF8063013468DF805300123ADF80E303F
:109C300004AB10220021184609F028FD01238DF8FD
:109C40001230009B5B89ADF810300DF105030793CE
:109C50000DF10E03069304AABDF80630114618460E
:109C6000FFF703FF0346184609B000BD82B0034664
:109C70008DF807309DF90730002B13DB9DF8073076
:109C800003F01F0209499DF907305B09012000FA22
:109C900002F2203341F82320BFF34F8F00BFBFF300
:109CA0006F8F00BF00BF02B0704700BF00E100E04F
:109CB000044BD3F80034002B14BF01230023DBB284
:109CC000184670470000014008B508F095FC0346AF
:109CD00083F00103DBB2002B03D109497B20FCF7A1
:109CE000B3FBFFF7E5FF034683F00103DBB2002B74
:109CF00004D001F017FA034B00229A7000BF08BD90
:109D00009C3E03001425002000B583B0002301937E
:109D1000174B1B78002B02D0852301931CE0144BBA
:109D200000229A60124B00225A60114B00221A61E5
:109D30000F4B0022DA600F4801F0BCF9019008F0E7
:109D40005BFC034683F00103DBB2002B01D001F082
:109D5000D5F9074B01221A70FFF7AAFF0346002B23
:109D600002D0034B01229A70019B184603B000BD3C
:109D700014250020499E020084B00190019B1B68BD
:109D80000393039B002B03D0039B1A68019B1A606B
:109D9000039B184604B0704700B583B0164B1B7880
:109DA000002B04D1154940F21710FCF74DFB124B64
:109DB000DB68002B04D111494FF48C70FCF744FB95
:109DC00000238DF807300DF10703184605F094F9CC
:109DD000094BDB68013B084AD360074BDB68002B6B
:109DE00001D1FFF771FF9DF80730184605F098F98B
:109DF00000BF03B000BD00BF142500209C3E03003F
:109E000000B585B003468DF807309DF80730002B6C
:109E100002D10B4B039301E00A4B03930398FFF726
:109E2000ABFF0290029B002B06D0029B5B689DF863
:109E3000072010469847F1E700BF00BF05B000BDFE
:109E40001C2500202425002000B583B003468DF892
:109E500007309DF80730002B05D1094B01225A70BD
:109E60000020FFF7CDFF9DF80730012B05D1044BF3
:109E700001229A700120FFF7C3FF00BF03B000BDAD
:109E80001425002000B583B001900091019B002BA8
:109E900005D1044B01225A700020FFF7B1FF00BF2B
:109EA00003B000BD1425002000B585B00346009125
:109EB0008DF807309DF80730032B29D0032B35DCB4
:109EC000002B02D0012B04D030E00020FFF7CEFEA3
:109ED0002DE000238DF80F300DF10F03184605F02B
:109EE0000BF9144B1B7883F00103DBB2002B01D07C
:109EF000FFF70AFF0F4BDB6801330E4AD3600D4BAF
:109F000001229A709DF80F30184605F009F90EE00D
:109F1000084B1B78002B04D1074940F25220FCF774
:109F200093FA01F0EBF8FFF737FF00E000BF00BF46
:109F300005B000BD142500209C3E030082B00346FE
:109F40008DF807309DF90730002B0CDB9DF80730AA
:109F500003F01F0205499DF907305B09012000FA53
:109F600002F241F8232000BF02B0704700E100E098
:109F700082B003468DF807309DF90730002B0DDBCA
:109F80009DF8073003F01F0206499DF907305B0971
:109F9000012000FA02F2603341F8232000BF02B032
:109FA000704700BF00E100E082B0034600918DF8E9
:109FB00007309DF90730002B0ADB009BDAB20C4911
:109FC0009DF907305201D2B20B4483F800230BE015
:109FD000009BDAB207499DF8073003F00F03043BFA
:109FE0005201D2B20B441A7600BF02B0704700BFD4
:109FF00000E100E000ED00E000B583B003460A4652
:10A000008DF8073013468DF806309DF80630012B89
:10A0100003D99DF80630032B0CD99DF80630042B8C
:10A0200003D99DF80630072B04D90D494FF49270DF
:10A03000FCF70AFA9DF806209DF9073011461846EC
:10A04000FFF7B2FF9DF907301846FFF791FF9DF922
:10A0500007301846FFF772FF00BF03B000BD00BF16
:10A06000443F030000B585B00190019B002B0AD04E
:10A07000064B43F001030393019B9B010293039B57
:10A080000298984700E000BF05B000BDD040030033
:10A0900082B001900B468DF803309DF80330019A91
:10A0A000134401221A6000BF02B0704784B00190CF
:10A0B0000B46ADF80230BDF80230019A134400227D
:10A0C0001A60BDF80230019A13441B680393039B86
:10A0D00000BF04B0704782B001900B46ADF802306B
:10A0E000BDF80230019A13441B68002B14BF0123F2
:10A0F0000023DBB2184602B0704782B00190009195
:10A10000019B009AC3F8042300BF02B0704782B0DD
:10A1100001900091019B009AC3F8082300BF02B090
:10A12000704782B00190019B0622C3F8002500BF52
:10A1300002B0704784B0039002910192039B029A8F
:10A14000C3F80825039B019AC3F80C2500BF04B08F
:10A15000704782B001900091019B009AC3F82425BA
:10A1600000BF02B0704784B00190019BD3F8C434A3
:10A170000393019B039AC3F8C424039B184604B0BD
:10A18000704782B001900B468DF803309DF8032094
:10A19000019BC3F8882500BF02B0704784B00390CC
:10A1A00002910192029A039BC3F84425039B019AF2
:10A1B000C3F8482500BF04B0704784B003900291F3
:10A1C0000192029A039BC3F83425039B019AC3F8BA
:10A1D000382500BF04B0704782B001900091019B08
:10A1E000009AC3F8002200BF02B0704782B001900D
:10A1F000019BD3F84C35184602B0704782B00190ED
:10A20000019BD3F83C35184602B0704782B00190EC
:10A21000019B0122C3F8502500BF02B0704782B0F5
:10A220000190019B0022C3F8502500BF02B0704787
:10A2300082B00190019B0122C3F8402500BF02B00B
:10A24000704782B00190019B0022C3F8402500BFF7
:10A2500002B0704784B00190019B1B0B8DF80F304A
:10A260009DF90F30184604B0704782B00190019BF1
:10A2700003F06043B3F1005F0CBF01230023DBB2A6
:10A28000184602B07047000000B583B00190019BF2
:10A290001B68184600F066F80346002B04D10549F8
:10A2A0004FF4F670FCF7D0F84FF0A043184603B017
:10A2B00000BD00BFF03F030000B585B0019001ABC9
:10A2C0001846FFF7E1FF0390019B012202FA03F316
:10A2D0001946039800F032F800BF05B000BD00B584
:10A2E00085B0019001AB1846FFF7CEFF0390019BAC
:10A2F000012202FA03F31946039800F029F800BF7F
:10A3000005B000BD00B585B0019001AB1846FFF760
:10A31000BBFF0390039800F009F80246019B22FA64
:10A3200003F303F00103184605B000BD82B00190AD
:10A33000019BD3F81035184602B0704782B00190E7
:10A340000091019B009AC3F8082500BF02B0704736
:10A3500082B001900091019B009AC3F80C2500BFC8
:10A3600002B0704784B00190019B5B090293002307
:10A370000393029B002B03D14FF0FF33039300BFE5
:10A38000019B03F01F030193039A019B22FA03F33D
:10A3900003F00103DBB2184604B0704784B00190AB
:10A3A00003230393019B03F00203002B02D048F226
:10A3B00001230393019B03F00403002B02D048F216
:10A3C00002230393039B184604B0704700B585B081
:10A3D00001904FF0A042019B1B6803F5E07340F22F
:10A3E0000C6142F823104FF0A042019B5B6803F51B
:10A3F000E07340F20C6142F82310019B1B68184681
:10A40000FFF75AFF019B5B681846FFF755FF4FF0B7
:10A41000A042019B1B6803F5E07340F20D6142F816
:10A4200023104FF0A042019B5B6803F5E07340F2FC
:10A430000D6142F823100420FFF714FE002303935C
:10A440001EE0019B5B681846FFF75CFF0346002B8C
:10A4500003D0039B002B17D124E0019B1B681846F7
:10A46000FFF73DFF0420FFF7FDFD019B1B68184629
:10A47000FFF722FF0420FFF7F5FD039B0133039351
:10A48000039B082BDDDD00E000BF019B5B681846E5
:10A49000FFF725FF0420FFF7E5FD019B5B681846E9
:10A4A000FFF70AFF05B000BD00B589B00390029127
:10A4B00001920093029B002B03D13F49F520FBF74B
:10A4C000C3FF029B1A68029B5B689A4203D13A4918
:10A4D000F620FBF7B9FF039B1B791A4613469B0036
:10A4E0001344DB00354A13440793079B93F822304B
:10A4F000002B03D008230593059B59E0079B019A85
:10A500001A60079B009A5A60079B00229A60079B7B
:10A51000002283F82520079B002283F82420029B39
:10A520009A7B079B83F82720029B5B7B002B02D042
:10A530000298FFF74BFF4FF0A042029B1B6803F508
:10A54000E07340F20C6142F823104FF0A042029BEE
:10A550005B6803F5E07340F20C6142F82310039B43
:10A560001B680693029B1968029B5B681A46069853
:10A57000FFF7E0FD029B9B6819460698FFF7E9FD8F
:10A58000079B1B68002B0CD0039B1B681846FFF72A
:10A5900061FE03461A46029B1B7B19461046FFF7D5
:10A5A0002BFD079B012283F8222000230593059BA6
:10A5B000184609B000BD00BF244003002825002034
:10A5C00000B585B00190019B1B791A4613469B008C
:10A5D0001344DB000C4A13440393039B93F822308B
:10A5E000012B04D0094940F27710FBF72DFF019BA6
:10A5F0001B6802930298FFF794FD039B022283F8E5
:10A60000222000BF05B000BD282500202440030003
:10A6100000B583B001900091009B03F00103002B73
:10A6200003D00198FFF7F2FD02E00198FFF7F7FD74
:10A63000009B03F00203002B03D00198FFF7F8FD05
:10A6400002E00198FFF7FDFD00BF03B000BD000070
:10A6500000B589B003900291019200930023079303
:10A6600008238DF81B304FF48273ADF81830019B2E
:10A670005B681846FFF7F9FD034683F00103DBB280
:10A68000002B03D010230793079B94E14FF0FF3179
:10A690000298FFF73CFD039B93F82430DBB2002BBC
:10A6A00009D0039B9B6819460298FFF726FD1123EA
:10A6B0000793079B7FE1009B03F00403002B06D167
:10A6C000009B03F01003002B01D1012300E00023C5
:10A6D00003F00103DAB2039B83F82420039B019A61
:10A6E0000C3307CA83E80700009B1B0903F0010332
:10A6F000DAB2039B83F82520019B5B781946029808
:10A70000FFF73FFD4FF482710298FFF7CFFC4FF443
:10A7100092710298FFF7CAFC00990298FFF778FF40
:10A72000019B1B78032B0ED0032B00F3E980022B37
:10A7300077D0022B00F3E480002B00F09B80012BEC
:10A7400000F0C580DCE0009B03F01003002B04D078
:10A750009A4940F23530FBF777FE009B03F008037F
:10A76000002B04D0954940F23630FBF76DFE009B7C
:10A7700003F00403002B04D0904940F23730FBF77C
:10A7800063FE019B9B681846FFF76FFD034683F04D
:10A790000103DBB2002B03D010230793079B0AE1D0
:10A7A0004FF480710298FFF717FD019B5968019BD8
:10A7B0009B781A460298FFF7F1FC4FF4A8710298B3
:10A7C000FFF774FC4FF4B0710298FFF76FFC4FF481
:10A7D000A4710298FFF76AFC20210298FFF758FC49
:10A7E00008210298FFF754FC00BF4FF4A8710298AB
:10A7F000FFF771FC034683F00103DBB2002BF4D1B9
:10A800004FF4A8710298FFF751FC019B9968019BD6
:10A81000DB781A460298FFF7C1FC039B684A9A60EE
:10A8200071E0019B5968019B9B781A460298FFF7DB
:10A83000B5FC019B9B681846FFF717FD034683F0A4
:10A840000103DBB2002B03D010230793079BB2E078
:10A85000019B9968019BDB781A460298FFF7ADFCD3
:10A860004FF484510298FFF7B7FC039B40F2022299
:10A870009A6048E0019B5968019B9B781A460298B0
:10A88000FFF78CFC009B03F02003002B11D04FF44A
:10A8900080710298FFF7A0FC039B494A9A604FF42D
:10A8A000A4710298FFF702FC4FF4A473ADF81830BE
:10A8B00008E04FF400710298FFF78EFC039B40F212
:10A8C00002229A6020210298FFF7E2FB1BE0019B25
:10A8D0005968019B9B781A460298FFF76EFC4FF46B
:10A8E00080510298FFF778FC039B40F202229A60A5
:10A8F00000238DF81B3020210298FFF7C9FB02E0EE
:10A900000723079300BF009B03F00803002B09D126
:10A91000019B1B78032B05D09DF81B30194602982C
:10A92000FFF7B6FB039B1B68002B28D0009B03F0AE
:10A930000403002B03D0039B4FF400729A60039B27
:10A940009B6819460298FFF7D8FB33E04FF49271E9
:10A950000298FFF7C0FB0346002B10D04FF4927112
:10A960000298FFF7A3FB20210298FFF791FB142127
:10A970000298FFF78DFB4FF48273ADF81830BDF8E5
:10A98000183019460298FFF7A6FB034683F001032F
:10A99000DBB2002BDAD10298FFF7E5FB0590039BB1
:10A9A000002283F82420059B002B03D00598FFF795
:10A9B000F5FC0790079B184609B000BD2440030032
:10A9C0000002040000B587B00390029101920023B9
:10A9D0000593039B1B791A4613469B001344DB0027
:10A9E000144A13440493049B1B68002B08D1029B58
:10A9F0001B78022B04D1104940F2B730FBF724FD3D
:10AA0000049B1B68002B08D1029B1B78032B04D1ED
:10AA100009494FF46E70FBF717FD039B1968019B02
:10AA2000029A0498FFF714FE0590059B184607B09C
:10AA300000BD00BF282500202440030000B589B0D8
:10AA4000039001921A460B468DF80B3013468DF891
:10AA50000A3005AB00221A605A609A609DF80B30EC
:10AA60008DF815309DF80A308DF81630019B06934D
:10AA70009DF82830002B01D0202200E0002205ABF9
:10AA800019460398FFF79EFF0346184609B000BD1C
:10AA900000B589B0039001921A460B468DF80B3031
:10AAA00013468DF80A3005AB00221A605A609A608E
:10AAB00001238DF814309DF80B308DF815309DF87A
:10AAC0000A308DF81630019B069305AB002219461B
:10AAD0000398FFF777FF0346184609B000BD000052
:10AAE00000B589B001900091009B1B68002B04D138
:10AAF000804940F23240FBF7A7FC4FF49271019875
:10AB0000FFF7E9FA0346002B27D04FF49271019822
:10AB1000FFF7CCFA4FF482710198FFF7DCFA034695
:10AB200083F00103DBB2002B17D0009B9B68194612
:10AB30000198FFF7ECFA009B02229A60009B9B6849
:10AB400019460198FFF7D9FA20210198FFF7A0FADA
:10AB500014210198FFF79CFACAE04FF48271019822
:10AB6000FFF7B9FA0346002B55D04FF482710198D4
:10AB7000FFF79CFA009A04AB0C3207CA83E807007F
:10AB8000009B93F82330002B21D0009B1B7B012BD3
:10AB900005D10198FFF732FB0346DBB204E00198D0
:10ABA000FFF724FB0346DBB28DF81230009B1B7BC2
:10ABB000022B05D10198FFF721FB0346DBB204E02D
:10ABC0000198FFF713FB0346DBB28DF813304FF407
:10ABD000B0710198FFF76AFA4FF4AE710198FFF770
:10ABE00065FA009B93F8253083F00103DBB2002B5C
:10ABF00004D1009B93F82330002B4DD00021019805
:10AC0000FFF7EAFA009B00229A604FF0FF310198AB
:10AC1000FFF77DFA40E04FF4A4710198FFF746FA80
:10AC2000009B1B7B002B1AD1009A04AB0C3207CA85
:10AC300083E80700009B93F8253083F00103DBB223
:10AC4000002B29D000210198FFF7C6FA009B0022B3
:10AC50009A604FF0FF310198FFF759FA1CE04FF46A
:10AC600000710198FFF7B8FA009B40F202229A6047
:10AC70004FF0FF310198FFF74AFA009B9B68194695
:10AC80000198FFF73AFA08210198FFF701FA20210D
:10AC90000198FFF7FDF92BE00198FFF764FA0790A0
:10ACA000079B03F00203002B03D001238DF80C3027
:10ACB0000BE0079B03F00403002B03D002238DF865
:10ACC0000C3002E000238DF80C30009B93F8253007
:10ACD00083F00103DBB2002B03D0009B002283F83A
:10ACE0002420009B1B68009A516803AA10469847CD
:10ACF00009B000BD2440030008B503490348FFF72D
:10AD0000EFFE00BF08BD00BF282500200030004036
:10AD100000B589B001900091009B0793019B1B78BF
:10AD20008DF80C30019B5B680493019B9B68DBB240
:10AD30008DF81430019BDB680693074A079B52F895
:10AD400023300649079A51F8221003AA1046984763
:10AD500000BF09B000BD00BF5025002054250020D1
:10AD600000B589B001900091009B0793019B1B786F
:10AD70008DF80C30019B5B680493019B9B68DBB2F0
:10AD80008DF81430019BDB680693074A079B52F845
:10AD900023300649079A51F8221003AA1046984713
:10ADA00000BF09B000BD00BF502500205425002081
:10ADB00030B58FB0039002910192039B1B780C93E6
:10ADC00026490C9B019A41F82320029B1A692449C9
:10ADD0000C9B41F82320029B5B7F1946214A0C9B68
:10ADE00013440A461A70029B04AC1D460FCD0FC4D3
:10ADF00095E80F0084E80F000C9B089300230D9347
:10AE0000039B1B781A46174B9B5C002B0DD0039BB2
:10AE1000181D019B002B01D0134A00E0002204AB57
:10AE2000194602F019FC0D9014E0039B1B781A469A
:10AE30000C4B9B5C002B0DD1039B03F10C00019B81
:10AE4000002B01D0094A00E0002204AB194601F0B2
:10AE50006BFC0D900D9B18460FB030BD50250020A7
:10AE6000542500205825002011AD020061AD0200DC
:10AE700082B003468DF807309DF90730002B0CDBBC
:10AE80009DF8073003F01F0205499DF907305B0963
:10AE9000012000FA02F241F8232000BF02B07047FF
:10AEA00000E100E082B0034600918DF807309DF983
:10AEB0000730002B0ADB009BDAB20C499DF9073002
:10AEC0005201D2B20B4483F800230BE0009BDAB2AC
:10AED00007499DF8073003F00F03043B5201D2B23B
:10AEE0000B441A7600BF02B0704700BF00E100E0DB
:10AEF00000ED00E082B00190019B1B0B5BB2184695
:10AF000002B0704700B583B003460A468DF807309B
:10AF100013468DF806309DF80630012B03D99DF8B5
:10AF20000630032B0BD99DF80630042B03D99DF86E
:10AF30000630072B03D907496B20FBF785FA9DF8EC
:10AF400006209DF9073011461846FFF7ABFF00BFFA
:10AF500003B000BDD840030000B583B003468DF8B0
:10AF600007309DF907301846FFF782FF00BF03B096
:10AF700000BD000082B003468DF807300E4A9DF9EF
:10AF80000730002B00DA1F335B115BB252F823202D
:10AF90009DF90730594203F01F0301F01F0158BF0C
:10AFA0004B425BB222FA03F303F00103C3F3000345
:10AFB000DBB2184602B0704700E100E082B00190B9
:10AFC0004FF08042019BC2F8083300BF02B07047C7
:10AFD00082B003468DF807309DF8073003F18043B7
:10AFE00001221A6000BF02B0704784B00346ADF87A
:10AFF0000630BDF8063003F1804300221A60BDF828
:10B00000063003F180431B680393039B00BF04B029
:10B01000704782B00346ADF80630BDF8063003F144
:10B0200080431B68002B14BF01230023DBB21846AA
:10B0300002B0704782B001904FF08042019BC2F88D
:10B04000183500BF02B070474FF08043D3F8183472
:10B050001B0C03F00103C3F30003DBB21846704777
:10B0600000B583B006238DF807304FF08040FFF71E
:10B0700041FF03461846FFF77DFF034683F00103B7
:10B08000DBB2002B13D04FF08040FFF733FF0346B5
:10B090001A469DF8073019461046FFF733FF4FF068
:10B0A0008040FFF727FF03461846FFF755FF00BF14
:10B0B00003B000BD00B585B00190019B002B03D10A
:10B0C0000C49A420FBF7C0F9002303930A4B1B791A
:10B0D000002B02D08523039308E0074A019B1360ED
:10B0E000054B01221A71044B00225A71039B18462A
:10B0F00005B000BD104103005C25002008B5074BDA
:10B100001B79002B03D10649BD20FBF79DF9FFF702
:10B11000A7FF0120FFF78EFF00BF08BD5C250020C0
:10B120001041030008B50D4B1B79002B03D10C49CE
:10B13000F720FBF789F90220FFF740FF4FF48270F8
:10B14000FFF753FF0C20FFF743FF00BFFFF77CFF23
:10B150000346002BFAD100BF00BF08BD5C250020CC
:10B160001041030008B54FF48070FFF752FF03460B
:10B17000002B14D04FF48070FFF737FF0120FFF74A
:10B180001DFF114B5B7983F00103DBB2002B06D06E
:10B190000D4B01225A710C4B1B68002098474FF44D
:10B1A0008270FFF736FF0346002B0AD04FF48270FF
:10B1B000FFF71BFF0220FFF701FF034B1B68012075
:10B1C000984700BF08BD00BF5C25002082B0034641
:10B1D0008DF807309DF90730002B0CDB9DF8073008
:10B1E00003F01F0205499DF907305B09012000FAB1
:10B1F00002F241F8232000BF02B0704700E100E0F6
:10B2000082B0034600918DF807309DF90730002B7E
:10B210000ADB009BDAB20C499DF907305201D2B229
:10B220000B4483F800230BE0009BDAB207499DF83A
:10B23000073003F00F03043B5201D2B20B441A76DD
:10B2400000BF02B0704700BF00E100E000ED00E089
:10B2500082B00190019B1B0B5BB2184602B0704795
:10B2600000B583B003460A468DF8073013468DF8C3
:10B2700006309DF80630012B03D99DF80630032BCC
:10B280000BD99DF80630042B03D99DF80630072B07
:10B2900003D907496B20FBF7D7F89DF806209DF9E5
:10B2A000073011461846FFF7ABFF00BF03B000BDE3
:10B2B000B441030000B583B003468DF807309DF913
:10B2C00007301846FFF782FF00BF03B000BD00B58E
:10B2D00083B00346ADF80630BDF80630184600F0DE
:10B2E00024F803461B68012B0CBF01230023DBB2AB
:10B2F000184603B000BD00B585B00346ADF8063072
:10B30000BDF80630184600F010F803461A46002330
:10B310001360BDF80630184600F007F803461B68B6
:10B320000393039B00BF05B000BD82B00346ADF898
:10B330000630BDF8063003F1804303F5C0431846DC
:10B3400002B0704782B00190034A019BC2F80433F7
:10B3500000BF02B0704700BF0060004082B00190A3
:10B36000034A019BC2F8083300BF02B0704700BF18
:10B370000060004082B00190034BD3F80423019B8E
:10B380001340184602B070470060004082B0019040
:10B39000084A019B03F5A27352F82330054943F094
:10B3A0000102019B03F5A27341F8232000BF02B004
:10B3B000704700BF0060004082B00190084A019BC6
:10B3C00003F5A27352F82330054923F00102019BD3
:10B3D00003F5A27341F8232000BF02B0704700BFFD
:10B3E0000060004084B00390029113468DF807304E
:10B3F000144A039B03F5A27352F82330114923F436
:10B40000473323F44073039A02F5A27241F82230C5
:10B410000C4A039B03F5A27352F82320029B1B02E4
:10B4200003F4F8519DF807301B0403F440330B4339
:10B4300004491A43039B03F5A27341F8232000BF7C
:10B4400004B070470060004082B00190054A019B43
:10B4500003F5A27352F823301B0A03F01F031846AA
:10B4600002B070470060004082B00190064A019B24
:10B4700003F5A27352F823301B0C03F00303DBB275
:10B48000184602B0704700BF0060004000B583B0AE
:10B490000190019B1B68184600F00DF90346002B34
:10B4A00004D105494FF4F670FAF7CEFF4FF0A043F0
:10B4B000184603B000BD00BFE441030000B585B0ED
:10B4C0000190084611461A4603468DF803300B4694
:10B4D0008DF8023013468DF8013001AB1846FFF7A6
:10B4E000D5FF03909DF803209DF802305B001A43BE
:10B4F0009DF801309B001A439DF818301B0242EA68
:10B5000003019DF81C301B04019A1943039B02F5AB
:10B51000E07243F8221000BF05B000BD00B585B051
:10B5200003900B468DF80B309DF80B3000220192F2
:10B5300000220092002200210398FFF7BFFF00BF06
:10B5400005B000BD00B585B0019001AB1846FFF70E
:10B550009DFF0390019A039B02F5E07253F822309D
:10B5600023F002030293019A039B02F5E072029911
:10B5700043F8221000BF05B000BD00B585B00190B2
:10B580000B468DF8033001AB1846FFF77FFF0390A1
:10B59000019A039B02F5E07253F82230019A23F4DA
:10B5A0004031039B02F5E07243F82210019A039B9D
:10B5B00002F5E07253F822109DF803301B04019A43
:10B5C0001943039B02F5E07243F8221000BF05B057
:10B5D00000BD00B585B0019001AB1846FFF756FFDE
:10B5E0000390039800F01EF80246019B22FA03F331
:10B5F00003F00103184605B000BD00B585B0019009
:10B6000001AB1846FFF742FF0390019A039B02F536
:10B61000E07253F822301B0C03F00303DBB2184630
:10B6200005B000BD82B00190019BD3F810351846DB
:10B6300002B0704786B00390029101924FF0A04390
:10B640000493039B059319E0059B9B0018336B44FF
:10B6500053F8083CD3F82025019B1A60059B9B00FA
:10B6600018336B4453F8083C019A1268C3F820253C
:10B67000019B04330193059B01330593039A029BBD
:10B680001344059A9A42DFD300BF00BF06B070474B
:10B6900000B585B0019001AB1846FFF7F7FE0390A7
:10B6A000019B012202FA03F31A46039BC3F82025EB
:10B6B00000BF05B000BD84B00190019B5B090293FF
:10B6C00000230393029B002B03D14FF0FF3303931E
:10B6D00000BF019B03F01F030193039A019B22FA11
:10B6E00003F303F00103DBB2184604B0704784B0E3
:10B6F00001900091009B0393019BDB080293019B47
:10B7000003F0070301930122019B02FA03F303995B
:10B71000029A0A4412781340184604B0704784B065
:10B7200001900091009B0393019BDB080293019B16
:10B7300003F007030193039A029B13441B785AB248
:10B740000121019B01FA03F35BB2134359B2039A3F
:10B75000029B1344CAB21A7000BF04B070470000C5
:10B7600082B001900C4A019B1344303393F90030AE
:10B77000002B09DB084A019B1344303393F9003056
:10B78000072B01DC012300E0002303F00103DBB2FF
:10B79000184602B0704700BF6425002082B00190B7
:10B7A000064A019B1344303393F90030072BCCBF7A
:10B7B00001230023DBB2184602B070476425002045
:10B7C00082B00190064A019B1344303393F9003054
:10B7D000DB43DBB2DB09DBB2184602B0704700BFC7
:10B7E0006425002084B00390029101928DF803300B
:10B7F000029B59B20E4A039B134430330A461A7017
:10B800000B49029B019A41F823209DF8033083F0F5
:10B810000103DBB2002B08D0029B083B039A51B214
:10B82000034A13440A4683F8502000BF04B070470F
:10B830006425002082B00190044A019B13443033F8
:10B84000FF221A7000BF02B0704700BF64250020BD
:10B8500000B583B0019003490198FFF760FF00BF76
:10B8600003B000BDB825002082B00190044A019BBE
:10B870001344303393F90030184602B0704700BFCC
:10B880006425002082B00190034A019B52F82330C6
:10B89000184602B0704700BF6425002084B00190B4
:10B8A000074A019B1344503393F900308DF80F3051
:10B8B0009DF80F3023F0C003184604B0704700BF56
:10B8C0006425002084B00190074A019B1344503343
:10B8D00093F900308DF80F309DF80F309B09DBB2E3
:10B8E000184604B0704700BF6425002000B589B039
:10B8F0000390029113468DF80730FF238DF81F3017
:10B900009DF80730002B02D00023059301E00823A7
:10B9100005939DF80730002B02D00823049301E023
:10B920000C230493059B069314E00F4A069B52F8E0
:10B930002330B3F1FF3F0AD19DF80730029A0699F0
:10B940000398FFF74FFF069B8DF81F3006E0069B1C
:10B9500001330693069A049B9A42E6D39DF91F3061
:10B96000184609B000BD00BF6425002082B0034620
:10B970008DF807309DF80730094A4FF0FF3142F843
:10B9800023109DF80730072B07D99DF80730083B97
:10B99000034A1344FF2283F8502000BF02B07047CF
:10B9A0006425002000B583B02D4B93F85830002B50
:10B9B00003D008230093009B4EE000238DF807304E
:10B9C00011E09DF807301846FFF775FE0346002B7F
:10B9D00004D09DF807301846FFF72CFF9DF807307C
:10B9E00001338DF807309DF807301F2BE9D900236C
:10B9F0008DF8073009E09DF807301846FFF7B6FFCD
:10BA00009DF8073001338DF807309DF807300B2B78
:10BA1000F1D904220021134807F038FE1248FFF73D
:10BA200017FC034606211846FFF71AFC0E48FFF7DD
:10BA30000FFC03461846FFF73DFC4FF4BE70FFF7BE
:10BA40005AFC4FF00040FFF77DFC054B012283F8C4
:10BA5000582000230093009B184603B000BD00BF90
:10BA600064250020B825002000600040044B93F8B6
:10BA70005830002B14BF01230023DBB21846704757
:10BA80006425002000B587B00390029101920398CD
:10BA9000FFF711FE0346002B04D136494FF40C701A
:10BAA000FAF7D2FC002305930398FFF789FE0346BB
:10BAB000002B02D00823059358E0029B9B78C3F328
:10BAC0004003DBB21A4601990398FFF70FFF0346C4
:10BAD0008DF813309DF91330B3F1FF3F44D0029B32
:10BAE0009B78C3F38003DBB283F00103DBB2002B4E
:10BAF00013D0029B9B7803F00103DBB2002B03D031
:10BB00000398FFF71FFD05E0029B5B781946039839
:10BB1000FFF704FD0398FFF79BFE029B9B7803F061
:10BB20000203DBB2002B08D09DF91300029B1B78A7
:10BB30001A460399FFF756FC18E09DF91330083BAD
:10BB40000D4A134493F95010029B1B785BB29B0182
:10BB50005AB29DF91330083B0A4351B2064A1344C6
:10BB60000A4683F8502001E004230593059B1846FC
:10BB700007B000BD1C4203006425002000B589B059
:10BB800001900B468DF803300198FFF794FD0346B2
:10BB9000002B04D13C494FF41870FAF755FC01987A
:10BBA000FFF70EFE0346002B04D1374940F2612017
:10BBB000FAF74AFC0198FFF7F1FD0346002B2ED05F
:10BBC0000198FFF751FE0346083B1846FFF77AFE3F
:10BBD00003468DF80F309DF80F30032B0DD10198DF
:10BBE000FFF7F7FC0346002B03D003238DF81F302B
:10BBF0000EE002238DF81F300AE09DF80F30012B74
:10BC000003D102238DF81F3002E003238DF81F308B
:10BC10009DF81F3019460198FFF7AFFC30E00198FE
:10BC2000FFF79EFD0346002B2AD00198FFF71CFE6C
:10BC300003460693069B9BB240339BB29B00ADF834
:10BC40001630069B1846FFF7A1FBBDF816301846C4
:10BC5000FFF751FB9DF80330002B11D00198FFF73F
:10BC600003FE03461846FFF70DFE0490049B002BCD
:10BC700006D00122069B02FA03F31846FFF762FB87
:10BC800000BF09B000BD00BF1C42030000B585B075
:10BC900001900198FFF70FFD0346002B04D11A49CC
:10BCA00040F28B20FAF7D0FB0198FFF789FD03469D
:10BCB000002B04D114494FF42370FAF7C5FB019807
:10BCC000FFF76CFD0346002B04D000210198FFF71D
:10BCD00054FC15E00198FFF743FD0346002B0FD0FD
:10BCE0000198FFF7C1FD03460393039B1846FFF736
:10BCF00063FB0122039B02FA03F31846FFF72EFBB6
:10BD000000BF05B000BD00BF1C42030000B583B0FA
:10BD100001900198FFF7CFFC0346002B04D108499E
:10BD200040F2B220FAF790FB0198FFF752FC03466D
:10BD3000002B14BF01230023DBB2184603B000BD63
:10BD40001C42030000B585B00190019A012100203A
:10BD5000FFF770FC002303930BE0039B9B00019A09
:10BD600013441B68002B01D0012306E0039B013321
:10BD70000393039B002BF0D00023184605B000BDB1
:10BD800000B589B00190002307935DE0354A079B19
:10BD90001344503393F90030B3F1FF3F50D007986C
:10BDA000FFF77CFD059001990598FFF7A0FC03467D
:10BDB000002B46D00798FFF785FD03468DF813301A
:10BDC0000598FFF71AFC03468DF812309DF81230E3
:10BDD000022B03D103238DF81B3002E002238DF8E0
:10BDE0001B309DF81B3019460598FFF7C6FB0598D8
:10BDF000FFF74EFC0598FFF737FD03461846FFF79F
:10BE000041FD0390039B002B1BD09DF81330032BA7
:10BE10000FD09DF81230022B03D19DF81330012B67
:10BE200007D09DF81230032B0BD19DF81330022B55
:10BE300007D19DF81320039B11460598984700E011
:10BE400000BF079B01330793079B032B9ED90198E3
:10BE5000FFF778FF0346002B95D100BF00BF09B064
:10BE600000BD00BF6425002000B589B00023069303
:10BE7000002300934FF48073ADF812300123079331
:10BE80000023059321E0BDF812301846FFF71FFA92
:10BE90000346002B0ED00798FFF76CFA0346002BE1
:10BEA00008D0BDF812301846FFF725FA069A079B0E
:10BEB00013430693079B5B000793BDF812300433CE
:10BEC000ADF81230059B01330593059B072BDAD99A
:10BED0004FF4BE70FFF7FBF90346002B0DD04FF473
:10BEE000BE70FFF708FA069B43F0004306936B46CB
:10BEF0001A4601210020FFF79DFB069BDBB2002BB9
:10BF000029D0012307930023059321E0079A069B7C
:10BF10001340002B16D00598FFF796FA039005986A
:10BF2000FFF7A2FA03468DF80B300598FFF7AAFC3D
:10BF30000190019B002B05D09DF80B20019B114621
:10BF400003989847079B5B000793059B0133059374
:10BF5000059B072BDAD9069B002B03DA6B461846A4
:10BF6000FFF70EFF00BF09B000BD000008B5064B8B
:10BF70001B68002B03D105495120FAF765FA024BE3
:10BF80001B68984708BD00BFC0250020C4420300BD
:10BF900082B00190019B044A934201D1034B00E01F
:10BFA0000023184602B0704700200040C025002042
:10BFB00000B587B001900091019B002B03D11B4974
:10BFC0007720FAF741FA0198FFF7E2FF0590059B09
:10BFD000002B25D000238DF8133000238DF80B3073
:10BFE0000DF10B03184603F087F8059B1B79002B16
:10BFF00003D001238DF8133005E0059B009A1A60E9
:10C00000059B01221A719DF80B30184603F088F841
:10C010009DF81330002B03D011230393039B02E000
:10C0200000230393039B184607B000BDC4420300DE
:10C0300000B585B00190019B002B03D109499B20DD
:10C04000FAF702FA0198FFF7A3FF0390039B002B76
:10C0500005D0039B00221A60039B00221A7100BFC7
:10C0600005B000BDC442030082B003468DF807301E
:10C070009DF90730002B0CDB9DF8073003F01F0201
:10C0800005499DF907305B09012000FA02F241F8E9
:10C09000232000BF02B0704700E100E082B00346F9
:10C0A0008DF807309DF90730002B13DB9DF8073022
:10C0B00003F01F0209499DF907305B09012000FACE
:10C0C00002F2203341F82320BFF34F8F00BFBFF3AC
:10C0D0006F8F00BF00BF02B0704700BF00E100E0FB
:10C0E00082B0034600918DF807309DF90730002B90
:10C0F0000ADB009BDAB20C499DF907305201D2B23B
:10C100000B4483F800230BE0009BDAB207499DF84B
:10C11000073003F00F03043B5201D2B20B441A76EE
:10C1200000BF02B0704700BF00E100E000ED00E09A
:10C1300082B00190019B1B0B5BB2184602B07047A6
:10C1400000B583B003460A468DF8073013468DF8D4
:10C1500006309DF80630012B03D99DF80630032BDD
:10C160000BD99DF80630042B03D99DF80630072B18
:10C1700003D907496B20FAF767F99DF806209DF966
:10C18000073011461846FFF7ABFF00BF03B000BDF4
:10C190006C43030000B583B003468DF807309DF96A
:10C1A00007301846FFF760FF00BF03B000BD00B5C1
:10C1B00083B003468DF807309DF907301846FFF726
:10C1C0006DFF00BF03B000BD84B001900B46ADF819
:10C1D0000230BDF80230019A134400221A60BDF803
:10C1E0000230019A13441B680393039B00BF04B001
:10C1F000704782B001900B46ADF80230BDF80230B6
:10C20000019A13441B68002B14BF01230023DBB2E7
:10C21000184602B0704782B001900091019B009ACD
:10C22000C3F8042300BF02B0704782B001900091B0
:10C23000019BD3F80423009B1340002B14BF012360
:10C240000023DBB2184602B0704782B00190009123
:10C25000019B009AC3F8082300BF02B0704784B066
:10C260000190019BD3F880340393019B039AC3F898
:10C270008024039B184604B0704782B00190019B54
:10C280000422C3F8002500BF02B0704782B00190BD
:10C29000019B0022C3F8002500BF02B0704784B0A4
:10C2A000039002910192039B019AC3F81425039B0A
:10C2B000029AC3F80C2500BF04B0704700B583B0E4
:10C2C00001904FF0FF324FF0FF310198FFF7E7FF89
:10C2D00000BF03B000BD82B00190019BD3F80C35C4
:10C2E000184602B0704782B00190019BD3F8143514
:10C2F000184602B0704782B00190019BD3F8083510
:10C30000184602B0704782B00190019BD3F81035F7
:10C31000184602B0704784B0039002910192039BCB
:10C32000029AC3F80825039B019AC3F8102500BFA1
:10C3300004B0704700B583B001904FF0FF324FF06A
:10C34000FF310198FFF7E7FF00BF03B000BD82B0E7
:10C350000190019BD3F81835DBB2184602B0704744
:10C3600082B001900B468DF803309DF80320019BAD
:10C37000C3F81C2500BF02B0704782B001900B4685
:10C380008DF803309DF80330019A134401221A609E
:10C3900000BF02B0704782B001900B468DF80330A9
:10C3A00013468DF802309DF803209DF802301343A8
:10C3B000DBB21A46019BC3F86C2500BF02B0704780
:10C3C00082B001900091019B009AC3F8242500BF20
:10C3D00002B0704700B583B00190019B1B681846FE
:10C3E00000F091F80346002B04D105494FF4F67094
:10C3F000FAF72AF84FF0A043184603B000BD00BF7B
:10C400009C43030000B585B00190084611461A46CA
:10C4100003468DF803300B468DF8023013468DF835
:10C42000013001AB1846FFF7D5FF03909DF80320BC
:10C430009DF802305B001A439DF801309B001A43BF
:10C440009DF818301B0242EA03019DF81C301B04C2
:10C45000019A1943039B02F5E07243F8221000BFD2
:10C4600005B000BD00B585B0039000230193002303
:10C4700000930023012201210398FFF7C3FF00BFAF
:10C4800005B000BD00B585B003900B468DF80B30AC
:10C490009DF80B3000220192002200920022002120
:10C4A0000398FFF7AFFF00BF05B000BD00B585B032
:10C4B0000390002301930023009300230122002115
:10C4C0000398FFF79FFF00BF05B000BD00B585B022
:10C4D000019001AB1846FFF77DFF0390019B0122FD
:10C4E00002FA03F31946039800F003F800BF05B001
:10C4F00000BD82B001900091019B009AC3F808250D
:10C5000000BF02B0704784B00190019B5B090293A9
:10C5100000230393029B002B03D14FF0FF330393BF
:10C5200000BF019B03F01F030193039A019B22FAB2
:10C5300003F303F00103DBB2184604B0704700B503
:10C5400083B001900091009B1B68B3F1FF3F09D0BD
:10C55000009B1B681846FFF7B9FF009B1B68184635
:10C56000FFF780FF009B5B68B3F1FF3F05D0009BA6
:10C570005B6800211846FFF785FF019B1A68009B46
:10C580009B6919461046FFF71BFF019B1868009B2B
:10C59000597D009B1B7D1A46FFF7FDFE019B186825
:10C5A000009B1968009B5B681A46FFF778FE009BAA
:10C5B0001B7D012B22D1009B9B68B3F1FF3F05D06F
:10C5C000009B9B6800211846FFF75CFF009BDB681F
:10C5D000B3F1FF3F09D0009BDB681846FFF776FFF9
:10C5E000009BDB681846FFF73DFF019B1868009B26
:10C5F000D968009B9B681A46FFF78DFE00BF03B009
:10C6000000BD000000B583B001900B468DF80330EB
:10C61000019B1B684FF48E711846FFF7D5FD019BF7
:10C620001B684FF4A2711846FFF7CEFD019B1B68F3
:10C630000E491846FFF7EFFD019B1B681846FFF7F0
:10C6400077FD03461A469DF8033019461046FFF75A
:10C6500077FD019B1B681846FFF76AFD03461846E5
:10C66000FFF798FD00BF03B000BD00BF80000200CF
:10C6700000B583B00190019B1B6808491846FFF77D
:10C68000E4FD019B1B681846FFF752FD0346184660
:10C69000FFF78DFD00BF03B000BD00BF84020200A4
:10C6A00000B587B00190019B1B681846FFF713FE89
:10C6B0000590019B1B681846FFF715FE0490019B2F
:10C6C0001B681846FFF717FE0390019B1B6818466E
:10C6D000FFF719FE0290019B1B681846FFF7EEFD5D
:10C6E000019B1B681846FFF725FE059BB3F1FF3F32
:10C6F00002D00598FFF7DAFE049BB3F1FF3F02D0AA
:10C700000498FFF7D3FE029BB3F1FF3F02D00298DB
:10C71000FFF7CCFE039BB3F1FF3F02D00398FFF776
:10C72000C5FE00BF07B000BD00B587B00390029101
:10C730000192029B002B03D12C49AA20F9F784FE19
:10C74000039B1B791A462C2302FB03F3284A13444C
:10C75000049300230593049B93F82A30002B03D005
:10C7600008230593059B3EE0039B1A68039B1B79F6
:10C770001946204B53F8213019461046FFF718FC94
:10C780000346002B03D011230593059B2BE0029950
:10C790000398FFF7D4FE049B019A5A60029B1A6922
:10C7A000049B1A60049B5B68002B05D0029B1B7FD7
:10C7B00019460398FFF726FF039B1B681846FFF7EF
:10C7C0005CFD049B00229A61049B0022DA61049BB9
:10C7D000002283F82920049B00225A61049B012235
:10C7E00083F82A20059B184607B000BDD4430300F8
:10C7F000C82500207844030000B585B00190019B56
:10C800001B791A462C2302FB03F3104A13440393AB
:10C81000019B1B681846FFF739FD039B5B68002BE3
:10C8200002D00198FFF724FF0198FFF739FF019B21
:10C830001B681846FFF7FCFB039B002283F82A20A5
:10C84000039B00225A6000BF05B000BDC825002030
:10C8500000B585B0019000914FF48E710198FFF7FB
:10C86000B3FC009B9A68009B1B6A13441B788DF8ED
:10C870000F30009B1B6A5A1C009B1A629DF80F30F8
:10C8800019460198FFF76CFD00BF05B000BD00B56B
:10C8900085B001900091009B5B69039316E0009BBB
:10C8A00093F82830DBB2002B01D0002314E04FF4C2
:10C8B0008E710198FFF79DFC034683F00103DBB204
:10C8C000002BECD100990198FFF7C2FF009B1B6A77
:10C8D000039A9A42EBD80123184605B000BD000028
:10C8E00000B587B0039002910192039B1B791A4611
:10C8F0002C2302FB03F33B4A13440493049B93F859
:10C900002A30012B04D038494FF48C70F9F79CFD84
:10C91000029B002B04D1344940F21910F9F794FD21
:10C92000019B002B04D130494FF48D70F9F78CFD39
:10C93000039800F05BF80346002B03D01123059306
:10C94000059B4CE0049B019A5A61049B029A9A60F1
:10C95000049B00221A62049B002283F828200023F3
:10C960000593039B1B684FF48E711846FFF72CFC50
:10C97000039B1B6808211846FFF7FFFC039B1B68FD
:10C9800004991846FFF764FF049B5B68002B25D1D0
:10C99000039B1B6804991846FFF779FF034683F051
:10C9A0000103DBB2002B02D00F23059313E000BF7D
:10C9B000039B1B684FF48E711846FFF71AFC034661
:10C9C00083F00103DBB2002BF2D1039B1B680C2127
:10C9D0001846FFF7D2FC049B00225A61059B1846BB
:10C9E00007B000BDC8250020D443030082B00190E9
:10C9F000019B1B791946074A2C2301FB03F31344BF
:10CA000014331B68002B14BF01230023DBB218462C
:10CA100002B07047C825002000B583B00190019B8B
:10CA20001B684FF492711846FFF7CEFB019B1B6801
:10CA30004FF484711846FFF7C7FB019B1B68002168
:10CA40001846FFF79AFC00BF03B000BD10B582B0D6
:10CA500001900091009B9B69002B08D14FF48471D9
:10CA60000198FFF7B1FB0198FFF771FC13E04FF459
:10CA700084710198FFF7A8FB009BDA68009B5B6A52
:10CA8000D4180198FFF763FC03462370009B5B6A90
:10CA90005A1C009B5A6202B010BD000000B589B05C
:10CAA000039002910192039B1B791A462C2302FBEF
:10CAB00003F37E4A13440593039B1B7919467B4A73
:10CAC0002C2301FB03F313442A331B78012B04D0DE
:10CAD00077494FF4B670F9F7B7FC029B002B04D1ED
:10CAE000734940F26D10F9F7AFFC019B002B04D1A4
:10CAF0006F494FF4B770F9F7A7FC00238DF81C308D
:10CB0000059B5B68002B06D0039B1B684FF40171EB
:10CB10001846FFF79AFB059B9B69002B15D0059BD8
:10CB2000DB69002B0ED0059B5B68002B06D0039BB6
:10CB30001B684FF401711846FFF76DFB1123069334
:10CB4000069BB0E001238DF81C309DF81C3083F06B
:10CB50000103DBB2002B0CD0059B019A9A61059B67
:10CB6000029ADA60059B00225A62059B0022DA6174
:10CB700005E0059B029A1A61059B019ADA61059B03
:10CB800093F8293083F00103DBB2002B09D09DF824
:10CB90001C3083F00103DBB2002B02D00398FFF7B7
:10CBA0003BFF059B5B68002B73D1039B1B684FF415
:10CBB000A2711846FFF708FB039B1B684FF49271A4
:10CBC0001846FFF716FB03468DF81F30039B1B68C2
:10CBD0004FF484711846FFF70CFB03468DF81E30A6
:10CBE000039B1B684FF4A2711846FFF702FB034634
:10CBF0008DF81D309DF81E3083F00103DBB2002B51
:10CC00000DD09DF81D3083F00103DBB2002B06D060
:10CC10009DF81F3083F00103DBB2002BCCD19DF8CF
:10CC20001F30002B0FD19DF81D30002B0BD1039B23
:10CC30001B6805991846FFF709FF059B9A69059B34
:10CC40005B6A9A42B8D8059B00229A619DF81F3012
:10CC5000002B03D003230693069B24E09DF81D3090
:10CC6000002B03D00F230693069B1CE0059B93F833
:10CC70002930002B06D0039B1B6800211846FFF7C4
:10CC80007CFB0DE0039B1B6804211846FFF775FB36
:10CC900006E0039B1B684FF401711846FFF7BBFACF
:10CCA00000230693069B184609B000BDC825002046
:10CCB000D443030000B589B003900291019201238F
:10CCC0008DF81030029B0693019B0593039B5B68D4
:10CCD000039A116804AA1046984700BF09B000BD26
:10CCE00000B587B00190009100238DF80830009BBB
:10CCF0000493019B9B680393019B00225A61019B53
:10CD00005B68019A116802AA1046984700BF07B0F5
:10CD100000BD00B58BB0019000914FF400710198F7
:10CD2000FFF783FA0346002B39D04FF49271019834
:10CD3000FFF75FFA0346002B31D04FF49271019850
:10CD4000FFF742FA4FF401710198FFF77EFA009B5A
:10CD500093F8293083F00103DBB2002B03D00421C8
:10CD60000198FFF70AFB02238DF80C300198FFF7BA
:10CD700076FA03460693009B9B690593009BDB684C
:10CD80000493009B00229A61009B0022DA61009BC1
:10CD90005B68009A116803AA1046984752E0042184
:10CDA0000198FFF742FA0346002B4BD04FF48471F1
:10CDB0000198FFF71EFA0346002B43D00099019813
:10CDC000FFF744FE009B9A69009B5B6A9A4239D147
:10CDD000009BDB69002B19D0009BDB680993009B4B
:10CDE0005B6A0893009BDA69009B9A61009B1A6951
:10CDF000009BDA60009B0022DA61009B00225A62ED
:10CE0000099A08990098FFF755FF1BE0009B93F8DB
:10CE1000293083F00103DBB2002B03D004210198F9
:10CE2000FFF7ABFA4FF401710198FFF70EFA009B80
:10CE300000229A61009B596A009BDB681A460098A1
:10CE4000FFF738FF4FF48E710198FFF7D2F90346D0
:10CE5000002B24D0009B5B690793009B1B6A079AF9
:10CE60009A420DD9009B93F82830DBB283F001037E
:10CE7000DBB2002B04D000990198FFF7E9FC0EE02B
:10CE80004FF48E710198FFF79FF9009B5B69002BAF
:10CE900005D0009B5B6919460098FFF721FF4FF40E
:10CEA000A2710198FFF7A5F90346002B1CD04FF49F
:10CEB000A2710198FFF788F9009B93F82930002BA5
:10CEC00003D000210198FFF758FA009B9B69002BC3
:10CED0000AD0009B00229A61009B596A009BDB6884
:10CEE0001A460098FFF7E6FE00BF0BB000BD000039
:10CEF00008B503490348FFF70CFF00BF08BD00BF9A
:10CF0000C82500200020004082B003468DF807307D
:10CF10009DF90730002B0CDB9DF8073003F01F0252
:10CF200005499DF907305B09012000FA02F241F83A
:10CF3000232000BF02B0704700E100E082B003464A
:10CF40008DF807309DF90730002B13DB9DF8073073
:10CF500003F01F0209499DF907305B09012000FA1F
:10CF600002F2203341F82320BFF34F8F00BFBFF3FD
:10CF70006F8F00BF00BF02B0704700BF00E100E04C
:10CF800082B0034600918DF807309DF90730002BE1
:10CF90000ADB009BDAB20C499DF907305201D2B28C
:10CFA0000B4483F800230BE0009BDAB207499DF89D
:10CFB000073003F00F03043B5201D2B20B441A7640
:10CFC00000BF02B0704700BF00E100E000ED00E0EC
:10CFD00082B00190019B03F06043B3F1005F0CBF8E
:10CFE00001230023DBB2184602B0704782B00190E3
:10CFF000019B1B0B5BB2184602B0704700B583B0B3
:10D0000003460A468DF8073013468DF806309DF822
:10D010000630012B03D99DF80630032B0BD99DF860
:10D020000630042B03D99DF80630072B03D9074996
:10D030006B20F9F709FA9DF806209DF90730114693
:10D040001846FFF79DFF00BF03B000BD7C440300FE
:10D0500000B583B003468DF807309DF907301846B8
:10D06000FFF752FF00BF03B000BD00B583B0034619
:10D070008DF807309DF907301846FFF75FFF00BFB6
:10D0800003B000BD84B001900B46ADF80230BDF88E
:10D090000230019A134400221A60BDF80230019A4E
:10D0A00013441B680393039B00BF04B0704782B016
:10D0B00001900B46ADF80230BDF80230019A1344DE
:10D0C0001B68002B14BF01230023DBB2184602B0FB
:10D0D000704782B001900091019BD3F80022009B21
:10D0E0001A43019BC3F8002200BF02B0704782B010
:10D0F00001900091019BD3F80022009BDB431A4072
:10D10000019BC3F8002200BF02B0704782B00190BB
:10D110000091019B009AC3F8042300BF02B070473E
:10D1200082B001900091019B009AC3F8082300BFD0
:10D1300002B0704784B00190019BD3F88034039310
:10D14000019B039AC3F88024039B184604B07047E0
:10D1500082B00190019B0822C3F8002500BF02B0F5
:10D16000704782B00190019B0022C3F8002500BFE8
:10D1700002B0704784B0039002910192039B029A1F
:10D18000C3F80C25039B019AC3F8142500BF04B013
:10D19000704700B583B001904FF0FF324FF0FF3180
:10D1A0000198FFF7E7FF00BF03B000BD82B0019018
:10D1B000019BD3F80C35184602B0704782B001903D
:10D1C000019BD3F81435184602B0704782B0019025
:10D1D000019BD3F80835184602B0704782B0019021
:10D1E000019BD3F81035184602B0704784B0039005
:10D1F00002910192039B029AC3F80825039B019AAE
:10D20000C3F8102500BF04B0704700B583B001908B
:10D210004FF0FF324FF0FF310198FFF7E7FF00BFFB
:10D2200003B000BD82B001900B468DF803309DF82D
:10D230000330019A134401221A6000BF02B0704704
:10D2400082B001900B468DF8033013468DF8023002
:10D250009DF803209DF802301343DBB21A46019B70
:10D26000C3F86C2500BF02B0704782B001900091F6
:10D27000019B009AC3F8242500BF02B0704784B018
:10D28000039002910192029A039BC3F84425039BE9
:10D29000019AC3F8482500BF04B0704782B00190DE
:10D2A000019BD3F84C35184602B0704784B0039008
:10D2B00002910192029A039BC3F83425039B019AC1
:10D2C000C3F8382500BF04B0704782B00190019BBD
:10D2D000D3F83C35184602B07047000000B583B063
:10D2E0000190019B1B68184600F091F80346002B43
:10D2F00004D105494FF4F670F9F7A6F84FF0A043B2
:10D30000184603B000BD00BFAC44030000B585B0B3
:10D310000190084611461A4603468DF803300B4625
:10D320008DF8023013468DF8013001AB1846FFF737
:10D33000D5FF03909DF803209DF802305B001A434F
:10D340009DF801309B001A439DF818301B0242EAF9
:10D3500003019DF81C301B04019A1943039B02F53D
:10D36000E07243F8221000BF05B000BD00B585B0E3
:10D370000390002301930023009300230122012145
:10D380000398FFF7C3FF00BF05B000BD00B585B02F
:10D3900003900B468DF80B309DF80B300022019264
:10D3A00000220092002200210398FFF7AFFF00BF88
:10D3B00005B000BD00B585B00390002301930023A4
:10D3C00000930023012200210398FFF79FFF00BF75
:10D3D00005B000BD00B585B0019001AB1846FFF760
:10D3E0007DFF0390019B012202FA03F31946039883
:10D3F00000F003F800BF05B000BD82B001900091BD
:10D40000019B009AC3F8082500BF02B0704784B0A2
:10D410000190019B5B09029300230393029B002B65
:10D4200003D14FF0FF33039300BF019B03F01F03B1
:10D430000193039A019B22FA03F303F00103DBB289
:10D44000184604B0704700B583B001900091009B6E
:10D450001B68B3F1FF3F09D0009B1B681846FFF71C
:10D46000B9FF009B1B681846FFF780FF009B5B68B5
:10D47000B3F1FF3F05D0009B5B6800211846FFF722
:10D4800085FF019B1A68009B9B6919461046FFF7B0
:10D49000ECFE019B1868009B597D009B1B7D1A4682
:10D4A000FFF7CEFE019B1868009B1968009B5B6824
:10D4B0001A46FFF75FFE009B1B7D012B22D1009BCC
:10D4C0009B68B3F1FF3F05D0009B9B680021184685
:10D4D000FFF75CFF009BDB68B3F1FF3F09D0009BC7
:10D4E000DB681846FFF776FF009BDB681846FFF7FE
:10D4F0003DFF019B1868009BD968009B9B681A46FA
:10D50000FFF774FE00BF03B000BD000000B583B09C
:10D5100001900B468DF80330019B1B684FF4887116
:10D520001846FFF7AFFD019B1B684FF4907118463A
:10D53000FFF7A8FD019B1B684FF492711846FFF797
:10D54000A1FD019B1B684FF4A2711846FFF79AFDDD
:10D55000019B1B684FF4AC711846FFF793FD019BCC
:10D560001B680E491846FFF7D1FD019B1B68184642
:10D57000FFF73CFD03461A469DF803301946104656
:10D58000FFF73CFD019B1B681846FFF72FFD034684
:10D590001846FFF75DFD00BF03B000BD1003420059
:10D5A00000B583B00190019B1B6808491846FFF73E
:10D5B000B7FD019B1B681846FFF718FD0346184688
:10D5C000FFF753FD00BF03B000BD00BF10034200D2
:10D5D00000B587B00190019B1B681846FFF7E6FD78
:10D5E0000590019B1B681846FFF7E8FD0490019B1E
:10D5F0001B681846FFF7EAFD0390019B1B6818465D
:10D60000FFF7ECFD0290019B1B681846FFF7C1FD78
:10D61000019B1B681846FFF7F8FD059BB3F1FF3F20
:10D6200002D00598FFF7C6FE049BB3F1FF3F02D07E
:10D630000498FFF7BFFE029BB3F1FF3F02D00298B0
:10D64000FFF7B8FE039BB3F1FF3F02D00398FFF74B
:10D65000B1FE00BF07B000BD00B587B003900291D6
:10D660000192029B002B03D12B49CF20F8F7ECFE4F
:10D67000039B1B791A461346DB0013449B00274A81
:10D680001344049300230593049B93F82030002B4C
:10D6900003D008230593059B3AE0039B1A68039B7C
:10D6A0001B7919461E4B53F8213019461046FEF7D8
:10D6B0007FFC0346002B03D011230593059B27E035
:10D6C00002990398FFF7BFFE049B019A5A60029BE0
:10D6D0001A69049B1A60049B5B68002B05D0029BAF
:10D6E0001B7F19460398FFF711FF039B1B68184621
:10D6F000FFF72EFD049B00229A61049B0022DA6151
:10D70000049B00225A61049B012283F82020059B80
:10D71000184607B000BD00BFE4440300F425002014
:10D720008845030000B585B00190019B1B791A461E
:10D730001346DB0013449B002A4A13440393019BC6
:10D740001B680293039B5B68002B02D00198FFF7D4
:10D7500027FF20210298FFF7CAFC039B9B69002B3F
:10D7600008D04FF4A2710298FFF78CFC04210298B4
:10D77000FFF758FD4FF4AC710298FFF783FC0C21C2
:10D780000298FFF74FFD00BF4FF4AC710298FFF70E
:10D790008EFC034683F00103DBB2002BF4D1039B24
:10D7A0009B69002B0AD04FF4A2710298FFF77FFC0F
:10D7B000034683F00103DBB2002BE5D10298FFF7AB
:10D7C000D0FC0198FFF704FF0298FEF731FC039BA1
:10D7D000002283F82020039B00225A6000BF05B07E
:10D7E00000BD00BFF425002000B589B00390029170
:10D7F0000192039B1B791A461346DB0013449B00DE
:10D80000564A13440593059B93F82030012B04D00E
:10D81000534940F25310F8F717FE029B002B04D136
:10D820004F494FF4AA70F8F70FFE019B002B04D16B
:10D830004B4940F25510F8F707FE039B1B79002B6C
:10D8400002D1019BFF2B04D945494FF4AB70F8F787
:10D85000FBFD0298FFF7BCFB034683F00103DBB23C
:10D86000002B03D010230793079B73E0039800F06D
:10D8700079F80346002B03D011230793079B69E037
:10D88000059B019A5A61059B029A9A6000230793AF
:10D89000039B1B684FF490711846FFF7F3FB039B43
:10D8A0001B684FF4AC711846FFF7ECFB039B18683C
:10D8B000059B9968059B5B691A46FFF7E0FC039B93
:10D8C0001B6808211846FFF7ADFC059B5B68002B21
:10D8D0003FD1039B1B684FF490711846FFF7E7FB9D
:10D8E00003468DF81B30039B1B684FF4AC71184640
:10D8F000FFF7DDFB03468DF81A309DF81B3083F0EF
:10D900000103DBB2002B06D09DF81A3083F001032F
:10D91000DBB2002BDDD19DF81A30002B02D00F2393
:10D92000079313E0039B1B680C211846FFF77AFC52
:10D9300000BF039B1B684FF4AC711846FFF7B7FBA1
:10D94000034683F00103DBB2002BF2D1059B0022DA
:10D950005A61079B184609B000BD00BFF42500209E
:10D96000E444030082B00190019B1B791946084AE8
:10D970000B46DB000B449B00134414331B68002B45
:10D9800014BF01230023DBB2184602B0704700BF6A
:10D99000F425002000B589B0039002910192039B09
:10D9A0001B791A461346DB0013449B00854A134437
:10D9B0000593039B1B791946824A0B46DB000B44F7
:10D9C0009B00134420331B78012B04D07E494FF475
:10D9D000D370F8F739FD029B002B04D17A4940F24D
:10D9E000A710F8F731FD019B002B04D176494FF4C5
:10D9F000D470F8F729FD039B1B79002B02D1019B02
:10DA0000FF2B04D9704940F2A910F8F71DFD0298C8
:10DA1000FFF7DEFA034683F00103DBB2002B03D0ED
:10DA200010230693069BCAE000238DF81F30059B48
:10DA30005B68002B06D0039B1B684FF404711846EB
:10DA4000FFF76EFB059B9B69002B15D0059BDB69DF
:10DA5000002B0ED0059B5B68002B06D0039B1B6838
:10DA60004FF404711846FFF751FB11230693069BF0
:10DA7000A5E001238DF81F309DF81F3083F00103CE
:10DA8000DBB2002B09D0059B019A9A61059B029A93
:10DA9000DA60059B0022DA6105E0059B029A1A61B3
:10DAA000059B019ADA6100230693039B1B684FF4E0
:10DAB00088711846FFF7E6FA039B1B684FF4A271C2
:10DAC0001846FFF7DFFA039B1B68019A0299184674
:10DAD000FFF7ECFB9DF81F3083F00103DBB2002B56
:10DAE00006D0039B1B6800211846FFF79BFB05E04F
:10DAF000039B1B6820211846FFF7EBFA039B1B7959
:10DB00001946304A0B46DB000B449B001344043398
:10DB10001B68002B4BD1039B1B684FF48871184680
:10DB2000FFF7C5FA03468DF81330039B1B684FF4CB
:10DB3000A2711846FFF7BBFA03468DF81230039B1B
:10DB40001B684FF492711846FFF7B1FA03468DF83F
:10DB500011309DF8133083F00103DBB2002B0DD0A0
:10DB60009DF8123083F00103DBB2002B06D09DF844
:10DB7000113083F00103DBB2002BCCD1039B1B7966
:10DB80001946104A0B46DB000B449B001344183324
:10DB900000221A609DF81130002B01D00323069358
:10DBA0009DF81230002B09D00F23069306E0039B4B
:10DBB0001B684FF404711846FFF7A8FA069B184635
:10DBC00009B000BDF4250020E444030000B589B08D
:10DBD00003900291019201238DF81030029B06936D
:10DBE000019B0593039B5B68039A116804AA104686
:10DBF000984700BF09B000BD00B587B00190009103
:10DC000000238DF80830009B0493019B9B680393CD
:10DC1000019B00225A61019B5B68019A116802AA6C
:10DC20001046984700BF07B000BD00B589B001900D
:10DC300000914FF492710198FFF739FA0346002BD7
:10DC400022D04FF492710198FFF71CFA02238DF84D
:10DC500008300198FFF76EFA034605930198FFF725
:10DC600034FB03460493009BDB680393009B002274
:10DC70009A61009B0022DA61009B5B68009A116840
:10DC800002AA104698473BE04FF488710198FFF7CD
:10DC90000EFA0346002B33D04FF488710198FFF73A
:10DCA000F1F90198FFF711FB0790009B9B69079A18
:10DCB0009A4225D1009BDB69002B17D0009BDB68C3
:10DCC000069320210198FFF712FA009BDA69009B66
:10DCD0009A61009B1A69009BDA60009B0022DA615E
:10DCE000069A07990098FFF771FF09E0009B002250
:10DCF0009A61009BDB681A4607990098FFF766FF58
:10DD00004FF4A2710198FFF7D2F90346002B18D007
:10DD10004FF4A2710198FFF7B5F9009B9B69002BA6
:10DD20000FD0009B00229A61009B0022DA610198CB
:10DD3000FFF7CBFA0146009BDB681A460098FFF715
:10DD400045FF4FF490710198FFF7B1F90346002B9E
:10DD500014D04FF490710198FFF794F90C210198B9
:10DD6000FFF760FA009B5B69002B07D00198FFF773
:10DD700095FA034619460098FFF73EFF4FF4AC7141
:10DD80000198FFF794F90346002B10D04FF4AC71C3
:10DD90000198FFF777F9009B5B69002B07D001988A
:10DDA000FFF77CFA034619460098FFF725FF00BFEE
:10DDB00009B000BD08B503490348FFF736FF00BFAF
:10DDC00008BD00BFF42500200020004084B00346B9
:10DDD0008DF807309DF807305B08DBB21A460D4B13
:10DDE0009B5C8DF80E309DF8073003F00103002B8B
:10DDF00005D09DF80E301B098DF80F3005E09DF819
:10DE00000E3003F00F038DF80F309DF80F301846D9
:10DE100004B070473026002084B003460A468DF8CF
:10DE2000073013468DF806309DF8073003F00103E4
:10DE3000002B03D00F238DF80F3002E0F0238DF874
:10DE40000F309DF8073003F00103002B05D09DF83B
:10DE500006301B018DF80E3003E09DF806308DF87A
:10DE60000E309DF807305B08DBB21A46104B9A5C07
:10DE70009DF807305B08DBB219469DF80F30134060
:10DE8000DAB20B4B5A549DF807305B08DBB21A46E6
:10DE9000074B9A5C9DF807305B08DBB219469DF88A
:10DEA0000E301343DAB2024B5A5400BF04B070472D
:10DEB0003026002000B585B003468DF807300023DA
:10DEC000039310E00F4B1A68039BDB00134402938B
:10DED000029B1B789DF807209A4201D1029B0DE01E
:10DEE000039B01330393084B1B781A46039B934211
:10DEF000E8DB06498820F8F7A7FA0023184605B0A2
:10DF000000BD00BF182600201C26002098450300F5
:10DF100000B585B003460A468DF8073013468DF8E4
:10DF200006309DF807301846FFF7C4FF0390039BA7
:10DF3000002B0BD0039B5B68002B07D0039B5B6817
:10DF40009DF806109DF807201046984700BF05B0C1
:10DF500000BD00002DE9F04F87B003460A468DF85A
:10DF60000F3013468DF80E309DF80F301846FFF72E
:10DF70002DFF0346042B7CD0042B00F3C480032B1D
:10DF80006CD0032B00F3BF80022B4FD0022B00F389
:10DF9000BA80002B02D0012B3AD0B4E09DF80E30AD
:10DFA000002B00F0AD809DF80F3001211846FFF7DF
:10DFB00033FF00238DF817300DF11703184601F0D9
:10DFC0009BF89DF80F104FF001024FF00003A1F1F4
:10DFD0002004C1F1200003FA01F702FA04F42743F8
:10DFE00022FA00F0074302FA01F6494BD3E9002375
:10DFF00046EA020100913B430193454BDDE90012E3
:10E00000C3E900129DF81730184601F089F877E04F
:10E010009DF80E30002B01D0022200E000229DF876
:10E020000F3011461846FFF7F7FE6CE09DF80E30F2
:10E03000002B0CD09DF80F3003211846FFF7ECFEA3
:10E040009DF80F3001211846FFF762FF5BE09DF855
:10E050000F3001211846FFF7DFFE54E09DF80E3027
:10E06000002B4FD19DF80F3004211846FFF7D4FE46
:10E0700048E09DF80E30002B06D09DF80F300321AC
:10E080001846FFF7C9FE3EE09DF80F300021184604
:10E09000FFF7C2FE9DF80F3000211846FFF738FF4A
:10E0A00000238DF816300DF11603184601F024F800
:10E0B0009DF80F104FF001024FF00003A1F1200670
:10E0C000C1F1200003FA01F502FA06F6354322FAFF
:10E0D00000F0054302FA01F46FEA04086FEA05094B
:10E0E0000B4BD3E9002308EA020A09EA030B084BA9
:10E0F000C3E900AB9DF81630184601F011F802E0B4
:10E1000000BF00E000BF00BF07B0BDE8F08F00BF58
:10E110002826002000B583B00548064B1B685B0825
:10E120000022194600F0E2FD019000BF03B000BDDF
:10E13000102300202026002000B587B00190002386
:10E14000059328E01C4B1A68059BDB0013440493DD
:10E15000049B1B781846FDF7D9FD03468DF80F3058
:10E16000049B5B78012B0CBF01230023DBB21A4612
:10E170009DF80F309A420CBF012300238DF80E301A
:10E18000049B1B789DF80E2011461846FFF7E2FE0F
:10E19000059B01330593094B1B781A46059B934257
:10E1A000D0DB074BD3E90023134301D0FFF7B2FFC5
:10E1B00000BF07B000BD00BF182600201C260020AD
:10E1C0002826002000B585B001900B468DF803305D
:10E1D000019BDBB21846FFF76DFE0390039B1B7893
:10E1E0001846FDF793FD03468DF80B30039B5B78D3
:10E1F000012B0CBF01230023DBB21A469DF80B3024
:10E200009A420CBF012300238DF80A309DF80A3092
:10E21000002B06D0044BD3E90023134301D1FFF7B1
:10E2200079FF00BF05B000BD2826002000B58BB0E7
:10E2300003900B4601928DF80B30019B092B01D8FE
:10E24000072367E0FDF712FC034683F00103DBB20E
:10E25000002B09D0FDF7A6FB0990099B0893089BAA
:10E26000002B01D0089B55E02C4A039B13602C4ADD
:10E270009DF80B3013702B4A019B13601022002174
:10E28000294805F003FA29494FF000024FF0000336
:10E29000C1E9002331E09DF80B30DB00039A134401
:10E2A000079303238DF8143000238DF815309DF863
:10E2B000163023F001038DF816309DF8163023F048
:10E2C00002038DF816309DF8163023F004038DF804
:10E2D0001630079B9B788DF81530079B1B781846E6
:10E2E00005AB134A1946FDF7CDFB0990099B069330
:10E2F000069B002B01D0069B0CE09DF80B305A1EAC
:10E300008DF80B20002BC6D10A4A00210A4800F0E4
:10E31000B3FC034618460BB000BD00BF1826002012
:10E320001C26002020260020302600202826002041
:10E33000C5E1020039E102004046030000B583B0A8
:10E34000114B1B68002B04D1104940F23510F8F72F
:10E350007BF8002301930CE00B4B1A68019BDB0058
:10E3600013441B7801211846FDF708FC019B01337B
:10E370000193074B1B781A46019B9342ECD3002371
:10E38000184603B000BD00BF1826002098450300C2
:10E390001C26002000B583B01C4B1B68002B04D149
:10E3A0001B4940F24310F8F74FF8002301930BE0AC
:10E3B000164B1A68019BDB0013441B781846FDF7C7
:10E3C00065FC019B01330193124B1B781A46019B9C
:10E3D0009342EDD300238DF803300DF1030318466B
:10E3E00000F08AFE0C494FF000024FF00003C1E933
:10E3F00000239DF80330184600F092FE074B1846A4
:10E4000000F0CCFC0346184603B000BD18260020DF
:10E41000984503001C2600202826002010230020F9
:10E4200086B003900291019201238DF817309DF878
:10E430001730204A039B13601E4A029B53601D4AFB
:10E44000019B9360039B44F20102934212D0039B11
:10E4500044F20202934220D1019B164AD360154B2D
:10E46000DB681B68134A9361124BDB685B68114AD7
:10E47000D36112E0019B0F4A13610E4B1B699B682D
:10E480000C4A53610B4B1B691B680A4A9361094B89
:10E490001B695B68074AD36100BF72B600BF00BF4B
:10E4A0009DF81730DBB2002BFAD162B600BF00BF77
:10E4B00006B070474026002000B583B0029000915E
:10E4C000019244F2010071466A4600F003F803B07D
:10E4D00000BD00BF30B58BB007900691059272B6B3
:10E4E00000BF03F0A7FB03F061F90346002BFAD14C
:10E4F000079B44F2020293422FD0079B44F2020290
:10E50000934269D8079B44F20102934237D0079B9C
:10E5100044F2010293425FD8079B012B05D0079B71
:10E5200041F2010293420CD056E0394A394BD31ADA
:10E53000DB081B0443F001033749184603F0DEF8FB
:10E5400057E0334A334BD31ADB081B0443F0010373
:10E550003249184603F0D2F84BE0059B09932C4A48
:10E560002C4BD31ADB081B0443F00100099B5B68AA
:10E570001A46099B1B682A4903F0DDF839E0059B20
:10E580000893234A234BD31ADB081B0443F00104EE
:10E59000089B9D68089B9B68184602F08DFB03460C
:10E5A0001846089B5B681946089B1B68069A0292EE
:10E5B0000193009103462A461A49204603F0CEF8FB
:10E5C000134A144BD31ADB081B0443F0010316490A
:10E5D000184603F093F80CE00D4A0E4BD31ADB08F3
:10E5E0001B0443F00103069A1049184603F093F800
:10E5F00000BF0F4B1B6803F00103002B00D000BECF
:10E60000059A06990798FFF70BFF00BF0BB030BDC6
:10E6100060380300383803004446030064460300B2
:10E6200088460300A4460300CC460300E0460300EE
:10E63000F0ED00E02DE9F04383B0144801F054F907
:10E64000034600221C461546114BD3E9002314EB68
:10E65000020845EB0309CDE900890E4BD3E90023FD
:10E66000DDE90001904271EB030307D2DDE90023ED
:10E6700012F1807643F10007CDE90067DDE9002360
:10E680001046194603B0BDE8F08300BF30230020D8
:10E69000682600207026002088B001900091019B20
:10E6A0000793009B0693079BD3E90223CDE904233C
:10E6B000069BD3E90223CDE90223DDE90423DDE94A
:10E6C0000201904271EB03032CBF01230023DBB254
:10E6D000184608B070470000F0B585B00190019B66
:10E6E0005B69002B03D14349A520F7F7ADFE00235A
:10E6F0008DF80F30404B1B78002B75D0019B002B01
:10E7000072D0FFF797FF019BD3E90223904271EB90
:10E71000030358D300238DF80D300DF10D03184677
:10E7200000F0EAFC019B1B69002B06D101994FF018
:10E73000FF324FF0FF33C1E902239DF80D30184638
:10E7400000F0EEFC019B5B69019A926910469847C4
:10E7500000238DF80C3003AB184600F0CDFC019B74
:10E760001B69002B1AD0019BD3E90223B3F1FF3FB1
:10E7700008BFB2F1FF3F11D0019BD3E902230199F9
:10E78000096900200C460546161943EB0507019B55
:10E79000C3E9026701238DF80E3002E000238DF8F3
:10E7A0000E309DF80C30184600F0BAFC9DF80E3083
:10E7B000002B19D0019B1946104802F0DFF9012304
:10E7C0008DF80F3010E0019BD3E90223B3F1FF3F36
:10E7D00008BFB2F1FF3F07D0019B1946074802F07E
:10E7E000CDF901238DF80F309DF80F30184605B094
:10E7F000F0BD00BF0447030064260020B0470300BB
:10E8000030B58BB0019000910D230993009B00223D
:10E810001A70019BD3E90223CDE90623FFF70AFF13
:10E82000DDE90623141A63EB0105CDE90245DDE9B4
:10E830000223012A73F1000319DB029BB3F5350FA4
:10E8400006D300F0FBFA0246154B1344059301E092
:10E85000069B05934FF49603059A0021114800F09A
:10E860003DFF0990099B002B05D1012314E00021F5
:10E870000C4801F007F8099B0D2B07D10198FFF711
:10E880002BFF03461A46009B1A7004E006494FF41A
:10E890008670F7F7D9FD002318460BB030BD00BFD6
:10E8A000FFFFB400302300200447030000B583B00D
:10E8B000034802F09BF90190019B184603B000BD8C
:10E8C000B047030000B583B0034802F0AFF90190F0
:10E8D000019B184603B000BDB047030000B583B0EC
:10E8E000FFF7E4FF0190019B002B06D001994FF048
:10E8F000FF324FF0FF33C1E90223019B002BEFD120
:10E9000000BF00BF03B000BD054BD3E9002312F1E7
:10E91000807043F10001024BC3E9000100BF704762
:10E920006826002010B582B00190124B1B68002BA6
:10E930001DD0019800F0D8FF04460021019800F096
:10E94000C5FF03461946204600F06CFA0346B3F5AE
:10E95000960F04D3084940F24110F7F775FD054BB7
:10E960001B681846FFF7B8FE024B00221A6000BF72
:10E9700002B010BD602600200447030000B583B03C
:10E980000190FFF757FE02460B460349C1E90023F9
:10E9900000BF03B000BD00BF7026002000B587B0E7
:10E9A0000190FFF78FFF049000238DF81730049B30
:10E9B000002B58D0049BD3E90223B3F1FF3F08BFDB
:10E9C000B2F1FF3F02D1FFF771FF54E02D4B1B68FE
:10E9D000002B03D101238DF817301DE0049BD3E9F0
:10E9E0000201284B1B68D3E90223904271EB030319
:10E9F00012D201238DF81730224B1B68D3E9022372
:10EA0000B3F1FF3F08BFB2F1FF3F05D01D4B1B68BC
:10EA100019461D4802F0B2F89DF81730002B2BD094
:10EA2000FFF744FF04900DF10F0319460498FFF718
:10EA3000E7FE0346002B12D0124B1B68002B02D1BD
:10EA4000019800F05DFD0F4A049B13609DF80F30A4
:10EA500083F00103DBB2002BA3D000BF0FE0094B12
:10EA600000221A609DE7074B1B68002B06D1019816
:10EA700000F05CFD02E094E700BF00E000BF00BFD3
:10EA800007B000BD60260020B047030000B587B086
:10EA900001902A4A03AB1946104601F01EF8049073
:10EAA00045E0049B1B78022B2BD0022B2FDC002B84
:10EAB00002D0012B11D02AE0049B5B68D3E902232A
:10EAC000B3F1FF3F08BFB2F1FF3F22D0049B5B6868
:10EAD00019461B4802F052F81BE0049B5A68194B78
:10EAE0001B689A4203D1174B00221A6012E0049B64
:10EAF0005B681946124802F0ABF803468DF81730F0
:10EB000008E0FFF7EBFE104B01221A7002E000BF95
:10EB100000E000BF094A03AB1946104600F0F5FFBC
:10EB2000064A03AB1946104600F0D7FF0490049B39
:10EB3000002BB6D100BF00BF07B000BDD02600201B
:10EB4000B0470300602600206426002000B583B093
:10EB50000190019800F08AFE0346002B01D0FFF7D8
:10EB6000D3FE0021019800F09DFE0346002B02D049
:10EB70000198FFF7D7FE0121019800F093FE0346AC
:10EB8000002B02D00198FFF7F9FE0198FFF77EFFF6
:10EB90000198FFF703FF00BF03B000BD08B50248AE
:10EBA00000F0AEFE00BF08BD3023002000B585B0E8
:10EBB000034600918DF80730104A02AB1946104603
:10EBC00000F060FF0390039B002B13D0039B9DF884
:10EBD00007201A70039B009A5A60084A02AB194634
:10EBE000104600F067FF0346002B01D0FFF7D6FF69
:10EBF000002300E00423184605B000BDD026002005
:10EC000000B583B0154B1B680093154808235822A4
:10EC1000144900F004FF0190019B002B01D0019BDF
:10EC200019E06B46104A1946104800F0EDFB0190C0
:10EC3000019B002B01D0019B0DE001210B4800F04E
:10EC400005FE01230A4A0121084800F085FC094B12
:10EC500001221A70019B184603B000BDAC470300A7
:10EC6000D0260020782600204DEB02003023002023
:10EC7000FFFF7F006426002000B587B003900B469D
:10EC800001928DF80B30039B002B04D1164940F202
:10EC90005A20F7F7D9FB019B002B04D1124940F20F
:10ECA0005B20F7F7D1FB019B002B01D1072317E075
:10ECB000039B1B68059305994FF0FF324FF0FF331C
:10ECC000C1E90223059B019A5A619DF80B30012B83
:10ECD0000CBF01230023DBB21A46059B1A610023F7
:10ECE000184607B000BD00BF04470300F0B589B067
:10ECF000039002910192039B002B04D1264940F21C
:10ED00006B20F7F7A1FB039B069300238DF81730C8
:10ED10000DF11703184600F0EFF9069BD3E9022323
:10ED2000B3F1FF3F08BFB2F1FF3F11D1FFF782FC03
:10ED300002460B46029900200C460546161943EB85
:10ED40000507069BC3E9026701238DF81F3002E027
:10ED500000238DF81F309DF81730184600F0E0F9B9
:10ED60009DF81F3083F00103DBB2002B01D000239C
:10ED70000EE0069B019A9A61069B1B69002B02D04C
:10ED8000069B029A1A6106990020FFF70FFF0346BF
:10ED9000184609B0F0BD00BF0447030000B587B0B6
:10EDA0000190019B002B04D11D4940F29320F7F7FD
:10EDB0004BFB019B049300238DF80F300DF10F03E3
:10EDC000184600F099F9049BD3E90223B3F1FF3F01
:10EDD00008BFB2F1FF3F03D100238DF8173009E0DF
:10EDE00004994FF0FF324FF0FF33C1E902230123B2
:10EDF0008DF817309DF80F30184600F091F99DF806
:10EE0000173083F00103DBB2002B01D0002304E0B4
:10EE100004990120FFF7CAFE0346184607B000BD5B
:10EE20000447030082B001900091019A009BD31A1D
:10EE300023F07F43184602B07047000008B503482E
:10EE400000F052FD0346184608BD00BF30230020E5
:10EE500000B587B00390029113468DF80730002368
:10EE60000593039B1B781A46104B9B5C002B09D023
:10EE7000039B04339DF8072002991846FEF78AFD8C
:10EE800005900FE0039B1B781A46084B9B5C002BF8
:10EE900008D1039B0C339DF8072002991846FDF713
:10EEA000FDFD0590059B184607B000BD58250020C4
:10EEB00000B589B001900091019B1B78012B19D1FD
:10EEC000019B1B7A002B0FD004238DF81830019B77
:10EED0005B681B788DF81C30184B01221A70184B98
:10EEE0001B6806AA10469847012216491648FFF7E4
:10EEF000AFFF20E0019B1B78022B10D102238DF87D
:10EF00001030019BDB68059301220E490E48FFF784
:10EF10009FFF0B4B1B6804AA104698470BE0019B10
:10EF20001B78002B07D103238DF80830044B1B6896
:10EF300002AA1046984700BF09B000BDE526002090
:10EF4000E8260020E42600203823002030B58FB0CA
:10EF50000390029101928DF80330294B04AC1D46B9
:10EF60000FCD0FC495E80F0084E80F00039B5B6989
:10EF70000A93039B1B7C002B14BF01230023DBB2ED
:10EF80008DF824309DF803308DF82C30039B5B7C8A
:10EF9000002B01D00E2300E000238DF82530039BC9
:10EFA000DB680693039B9B680793039B1B68059391
:10EFB000039B5B680493134A019B1360124B00226E
:10EFC0001A7004AB114A19461148FBF7F1FE0D9077
:10EFD0000D9B0C930C9B002B01D00C9B0CE0039B16
:10EFE0001B68B3F1FF3F06D001220A490848FFF72A
:10EFF0002FFF034600E0002318460FB030BD00BFCE
:10F00000BC470300E8260020E5260020B1EE020000
:10F0100038230020E426002082B0EFF31083009311
:10F02000009B019372B600BF019B184602B0704767
:10F0300062B600BF00BF704700B585B00190FFF712
:10F04000EBFF0390154B9B68002B1BD1134B012248
:10F050009A60134BD3F88020124B13400F4A136071
:10F060000F4B104AC3F880200D4BD3F884300B4A65
:10F0700053600B4B4FF0FF32C3F88420019B0022FA
:10F080001A7002E0019B01221A70039B002B01D130
:10F09000FFF7CEFF0023184605B000BDEC26002088
:10F0A00000E100E0FC06FFBD00B585B003468DF829
:10F0B00007300F4B9B68002B16D09DF80730002BB4
:10F0C00012D1FFF7A9FF03900A4A094B1B6813608E
:10F0D000084A074B5B685360054B00229A60039B0C
:10F0E000002B01D1FFF7A4FF0023184605B000BD97
:10F0F000EC26002000E100E000B583B0019000F0B4
:10F1000027F80346012B03D004494320F7F79CF965
:10F110000198FFF791FF00BF03B000BD80480300D6
:10F1200000B583B003468DF8073000F011F80346B0
:10F13000012B03D005495120F7F786F99DF80730D8
:10F140001846FFF7B1FF00BF03B000BD80480300C1
:10F1500084B0EFF305830193019BC3F3080303938A
:10F16000039B002B0DD1EFF314830093009B0293BC
:10F17000029B03F00103C3F3000383F00103DBB23E
:10F1800000E00123184604B07047000082B0034637
:10F190008DF807309DF90730002B0CDB9DF8073008
:10F1A00003F01F0205499DF907305B09012000FAB1
:10F1B00002F241F8232000BF02B0704700E100E0F6
:10F1C00082B003468DF807309DF90730002B0DDB28
:10F1D0009DF8073003F01F0206499DF907305B09CF
:10F1E000012000FA02F2403341F8232000BF02B0B0
:10F1F000704700BF00E100E082B0034600918DF847
:10F2000007309DF90730002B0ADB009BDAB20C496E
:10F210009DF907305201D2B20B4483F800230BE072
:10F22000009BDAB207499DF8073003F00F03043B57
:10F230005201D2B20B441A7600BF02B0704700BF31
:10F2400000E100E000ED00E000B583B003460A46AF
:10F250008DF8073013468DF806309DF80630012BE7
:10F2600003D99DF80630032B0BD99DF80630042BEB
:10F2700003D99DF80630072B03D907496B20F7F710
:10F28000E3F89DF806209DF9073011461846FFF770
:10F29000B3FF00BF03B000BD2C49030000B583B02D
:10F2A00003468DF807309DF907301846FFF76EFFCB
:10F2B00000BF03B000BD000000B585B00190019B08
:10F2C000002B0AD0064B43F001030393019B9B01E3
:10F2D0000293039B0298984700E000BF05B000BD71
:10F2E000804A030084B0039002910192039B029A2A
:10F2F00002F5A872019943F8221000BF04B07047CC
:10F3000082B001900091019B009A02F5A87253F817
:10F310002230184602B0704782B001900091019BE4
:10F32000009AC3F8042300BF02B0704782B0019076
:10F330000091019B009AC3F8082300BF02B07047F8
:10F3400082B001900B46ADF80230BDF80230019A50
:10F3500013441B68184602B0704784B001900B46F6
:10F36000ADF80230BDF80230019A134400221A6051
:10F37000BDF80230019A13441B680393039B00BF3E
:10F3800004B0704782B00190019BD3F80435184651
:10F3900002B0704700B583B001900091009BB3F5B7
:10F3A000805F04D305494FF4BE70F7F74DF8019B19
:10F3B000009AC3F8082500BF03B000BD5C490300F4
:10F3C00082B001900B468DF803309DF80320019B1D
:10F3D00013441A460123136000BF02B0704782B085
:10F3E00001900091019B009AC3F8442300BF02B032
:10F3F000704782B001900091019B009AC3F84823A6
:10F4000000BF02B07047000000B587B003900291C2
:10F410000192039B002B03D132495520F7F714F8D2
:10F42000029B002B03D12F495620F7F70DF8019BC3
:10F43000002B03D12B495720F7F706F8039B5B7984
:10F440001946294A019B42F82130039B5B79274AE0
:10F45000DB0013441B79002B0ED008230593244AAC
:10F46000244BD31ADB081B0443F00203224918463D
:10F4700002F044F9059B32E0039B1A68029B1B884B
:10F4800019461046FFF786FF039B93F90420029B61
:10F490009B7819461046FFF7D7FE039B93F904307B
:10F4A0001846FFF7FBFE039B5B79104ADB00134411
:10F4B00001221A71039B5B7919460C4A039B42F89F
:10F4C0003130002305930A4A0A4BD31ADB081B0488
:10F4D00043F003030949184602F010F9059B18464A
:10F4E00007B000BD8C490300F8260020FC26002050
:10F4F0007038030038380300304A0300544A0300D0
:10F5000000B583B00190019B002B03D106498720F1
:10F51000F6F79AFF019B1B6800211846FFF750FF82
:10F5200000BF03B000BD00BF8C49030000B583B02D
:10F530000190019B002B03D106498D20F6F784FF33
:10F54000019B1B6804211846FFF73AFF00BF03B078
:10F5500000BD00BF8C49030000B587B00390029145
:10F5600001928DF80330039B002B03D12049962094
:10F57000F6F76AFF4FF48032029B02FA03F3059319
:10F58000029B50339BB29B00ADF81230019B23F0DD
:10F590007F430193039B1B6805991846FFF7C6FE3E
:10F5A000039B1B6805991846FFF723FF039B1B6805
:10F5B000BDF8122011461846FFF7CFFE039B1B68CB
:10F5C000019A02991846FFF78DFE039B1B68059967
:10F5D0001846FFF704FF9DF80330002B05D0039B6E
:10F5E0001B6805991846FFF797FE00BF07B000BDDE
:10F5F0008C49030000B585B00390029113468DF845
:10F600000730039B002B03D10B49A920F6F71CFF01
:10F61000039B1B6802991846FFF7E1FE9DF807302F
:10F62000002B05D0039B1B6802991846FFF774FE58
:10F6300000BF05B000BD00BF8C49030000B583B01A
:10F6400001900091019B002B03D10949B320F6F7EB
:10F65000FBFE019B1B6800991846FFF7CAFE019B41
:10F660001B6800991846FFF761FE00BF03B000BD9C
:10F670008C49030000B583B001900B46ADF8023011
:10F68000019B002B03D10E49BA20F6F7DDFE019B4A
:10F690001B68BDF8022011461846FFF751FE0346CD
:10F6A000002B09D0019B1B68BDF8022011461846AB
:10F6B000FFF753FE012300E00023184603B000BD0E
:10F6C0008C49030082B001900091019A009BD31AEB
:10F6D00023F07F43184602B07047000000B58BB09E
:10F6E0000390029101920093039B002B03D1564992
:10F6F000CD20F6F7A9FE4FF48032029B02FA03F305
:10F700000993029B50339BB29B00ADF82230019BC2
:10F7100023F07F43019309990398FFF78FFF039B21
:10F720001B681846FFF72EFE0790039B1B68029983
:10F730001846FFF7E5FD0690039B1B68079A0299A0
:10F740001846FFF7CFFD039B1B68BDF8222011462A
:10F750001846FFF702FE07990698FFF7B3FF034626
:10F76000012B0AD11020FFF7A7FD039B1B68BDF8F2
:10F77000222011461846FFF7F0FD039B1B68184630
:10F78000FFF700FE079007990198FFF79BFF059090
:10F79000039B1B6809991846FFF721FE059B012B67
:10F7A00015D1039B1868019B01331A460299FFF794
:10F7B00099FD1020FFF780FD039B1B681846FFF79B
:10F7C000E1FD0246079B934235D00D2339E0039BB0
:10F7D0001B68019A02991846FFF784FD039B1B687A
:10F7E0001846FFF7CFFD0790019B013B079918468C
:10F7F000FFF768FF0590009BC3F1FF1303F57F43FC
:10F80000059A9A4201D90D231BE0059B002B12D1CA
:10F81000039B1868019B01331A460299FFF762FDAA
:10F82000039B1B681846FFF7ADFD0246079B9342FA
:10F8300001D00D2305E0012209990398FFF7DAFEB4
:10F84000002318460BB000BD8C49030000B583B0FF
:10F8500001900B468DF803309DF803301A460221C3
:10F860000198FFF7C7FE00BF03B000BD00B583B02D
:10F8700001904FF482710198FFF7FCFE0346184691
:10F8800003B000BD00B583B0019000914FF4803209
:10F89000009B02FA03F319460198FFF7CFFE00BF61
:10F8A00003B000BD00B585B001900091009B5033BE
:10F8B0009BB29B00ADF80E30BDF80E301946019892
:10F8C000FFF7D8FE0346184605B000BD00B583B06B
:10F8D00001900091019B1B6800991846FFF710FDED
:10F8E0000346184603B000BD00B583B00190019BEC
:10F8F0001B681846FFF746FD0346184603B000BDD7
:10F9000000B583B00190019B93F904301846FFF7CE
:10F9100057FC00BF03B000BD08B5044B1B68044A88
:10F9200012681046984700BF08BD00BFF8260020A7
:10F93000FC26002086B001900091019B53E8011F36
:10F940008AB2D88902449889824228BF121A18893B
:10F95000824202BFBFF32F8F002307E0C2EA0102F9
:10F9600043E801200028E9D14FF001038DF80F3062
:10F97000059002910492029A009B1A609DF80F3044
:10F98000DBB2184606B0704784B00190019951E887
:10F99000013FC3EA034341E80132002AF7D1039251
:10F9A000029300BF04B0704786B001900091019BA4
:10F9B00053E8021F1FFAA1F2D888824202BFBFF3A8
:10F9C0002F8F00230DE0D88902449889824228BFF6
:10F9D000121AC1EA024243E802200028E8D14FF09F
:10F9E00001038DF80F30059002910492029A009B5A
:10F9F0001A609DF80F30DBB2184606B0704784B02D
:10FA00000190019951E8023FC3EA234341E80232E1
:10FA1000002AF7D10392029300BF04B0704784B06C
:10FA20000390029111461A460B46ADF80630134674
:10FA3000ADF80430029B002B01D10E231FE0BDF86E
:10FA40000630BDF80420B3FBF2F101FB02F29B1A71
:10FA50009BB2002B01D0092311E0039B029A1A608C
:10FA6000039B00225A60039B00229A60039BBDF80F
:10FA700006209A81039BBDF80420DA8100231846F2
:10FA800004B0704700B585B001900091009B194605
:10FA90000198FFF74FFF0346002B07D0019B1B681F
:10FAA000009A128813440393039B00E00023184636
:10FAB00005B000BD00B583B001900091009B1A888D
:10FAC000009B5B889A4204D10198FFF75DFF0123F8
:10FAD00000E00023184603B000BD00B585B00190DA
:10FAE0000091009B19460198FFF75EFF0346002B2B
:10FAF00007D0019B1B68009A528813440393039B11
:10FB000000E00023184605B000BD00B583B00190A9
:10FB10000091009B1A88009B5B889A4204D101984F
:10FB2000FFF76DFF012300E00023184603B000BD7E
:10FB300000B585B001900091009B5B099B00019A84
:10FB40001A44009B03F01F03012101FA03F3194635
:10FB5000104600F048F8039000BF05B000BD00B5A6
:10FB600085B001900091009B5B099B00019A1A44AB
:10FB7000009B03F01F03012101FA03F3DB43194645
:10FB8000104600F05EF8039000BF05B000BD82B0E3
:10FB900001900091009B5B099B00019A13441A6835
:10FBA000009B03F01F0322FA03F303F00103C3F3E6
:10FBB0000003DBB2184602B0704710B487B0019062
:10FBC0000091019B009A53E8004F104643E8000162
:10FBD00091F0000FF7D1059404900391059B18460E
:10FBE00007B010BC704710B487B001900091019B22
:10FBF000009A53E8004F44EA020043E8000191F004
:10FC0000000FF6D1059404900391049B184607B0A9
:10FC100010BC704710B487B001900091019B009A0E
:10FC200053E8004F04EA020043E8000191F0000F9E
:10FC3000F6D1059404900391059B184607B010BCBB
:10FC4000704710B487B001900091019B009A53E86F
:10FC5000004F04EA020043E8000191F0000FF6D1E2
:10FC6000059404900391049B184607B010BC70479C
:10FC700010B487B001900091019B009A53E8004FA7
:10FC800004EB020043E8000191F0000FF6D1059467
:10FC900004900391049B184607B010BC704710B441
:10FCA00087B001900091019B009A53E8004FA4EBAC
:10FCB000020043E8000191F0000FF6D10594049092
:10FCC0000391049B184607B010BC704700B583B081
:10FCD000019001210198FFF786FF0346184603B003
:10FCE00000BD00B583B0019000210198FFF792FF9D
:10FCF0000346184603B000BD00B583B001900B4623
:10FD00008DF80330019B002B03D10849E820F6F75A
:10FD10009BFB019BDA689DF803300199098A01FB7E
:10FD200003F31344184603B000BD00BF884A030024
:10FD300000B583B001900091019B002B03D10849CD
:10FD4000F520F6F781FB009B019AD2689B1A019A75
:10FD5000128AB3FBF2F3DBB2184603B000BD00BF5A
:10FD6000884A030000B585B00190019B002B01D1AA
:10FD70000E234CE0019B1B68002B03D12549FF207B
:10FD8000F6F762FB019B5B68002B04D121494FF41D
:10FD90008070F6F759FB019B9B68002B04D11D492D
:10FDA00040F20110F6F750FB019BDB68002B04D1F9
:10FDB00018494FF48170F6F747FB019B1B8A002B13
:10FDC00004D1144940F20310F6F73EFB019B9A68F8
:10FDD000019B5B68D31A8DF80F30019B1B68019A59
:10FDE00052681A6007E0019B1A681368591C116079
:10FDF0009DF80F201A709DF80F305A1E8DF80F20B5
:10FE0000002BF0D1019B1B6800221A7100231846B9
:10FE100005B000BD884A030000B585B00190019B84
:10FE2000002B04D11F494FF49270F6F70DFB00230D
:10FE3000039300238DF80A300DF10A031846FFF7EB
:10FE40005BF9019B1B681A68019B5B689A421FD98A
:10FE5000019B1B681A68013A1A601B681B781946D7
:10FE60000198FFF749FF0390019B9A68019B1B686B
:10FE70001B68D31A8DF80B30019B1B681B799DF80A
:10FE80000B209A4204D9019B1B689DF80B201A7124
:10FE90009DF80A301846FFF743F9039B184605B052
:10FEA00000BD00BF884A030010B584B001900091E6
:10FEB000019B002B04D1154940F24710F6F7C4FA14
:10FEC000009B002B04D111494FF4A470F6F7BCFA43
:10FED000009B039300238DF80B300DF10B031846A4
:10FEE000FFF70AF9019B1B681C68621C1A600399E2
:10FEF0000198FFF71DFF034623709DF80B3018464D
:10FF0000FFF70EF900BF04B010BD00BF884A030020
:10FF100000B583B00190019B002B03D10B49312028
:10FF2000F6F792FA019B9B68002B0CD0019B5B6952
:10FF3000019A1069019A1168019A92689847019B89
:10FF400000229A6000E000BF03B000BD304B030008
:10FF50000EB400B584B00190019B002B03D1184969
:10FF60004220F6F771FA019B5B69002B03D114491B
:10FF70004320F6F769FA019B1B68002B03D1104957
:10FF80004420F6F761FA019B5B68002B03D10C4912
:10FF90004520F6F759FA059B002B0AD0002303935E
:10FFA00006AB039303AB1A460599019800F0B4F928
:10FFB00000E000BF04B05DF804EB03B0704700BF81
:10FFC000304B030000B583B001900B468DF8033031
:10FFD0009DF803300A2B03D10D210198FFF7F2FFA2
:10FFE000019B1A68019B9B68581C01998860134407
:10FFF0009DF803201A70019B9A68019B5B689A42E6
:020000023000CC
:1000000002D30198FFF784FF00BF03B000BD00B525
:1000100087B0039002910192009300230593009B07
:1000200003F00103002B24D00BE0029B0133029369
:10003000059B013305939DF8133019460398FFF78C
:10004000C1FF029B1B788DF813309DF81330002BF5
:10005000EBD106E0019B013B019320210398FFF7C0
:10006000B1FF019A059B9A422ED9019B002BF1D139
:100070002AE0029B002B0BD0029803F099FA05901E
:1000800006E0019B013B019320210398FFF79AFFB3
:10009000019A059B9A420FD9019B002BF1D10BE0ED
:1000A000029B01330293059B013305939DF81330A6
:1000B00019460398FFF786FF029B1B788DF81330D3
:1000C0009DF81330002BEBD100BF07B000BD00003E
:1000D00000B589B00390029101920093029B0793AF
:1000E0000123069307E0079A019BB2FBF3F3079302
:1000F000069B01330693079A019B9A42F3D2009A1A
:10010000069B9A4201D9009B06930B9B03F00103C7
:10011000002B22D10A9B002B1FD00B9B03F0020364
:10012000002B06D0009B002B03D130238DF8173015
:1001300002E020238DF8173008E00A9B013B0A9368
:100140009DF8173019460398FFF73CFF0A9B002BD8
:1001500003D0069A0A9B9A42EFD301230793009B90
:10016000012B03D9009B013B009309E0029A079BF6
:10017000B2FBF3F30493049A019B9A4200D205E088
:10018000079B019A02FB03F30793E8E7029A079B98
:10019000B2FBF3F30493049B079A02FB03F3029A66
:1001A000D31A0293144A049B13441B7819460398EC
:1001B000FFF708FF079A019BB2FBF3F30793079B36
:1001C000002BE3D10B9B03F00103002B11D00A9B02
:1001D000002B0ED006E00A9B013B0A9320210398D6
:1001E000FFF7F0FE0A9B002B03D0069A0A9B9A4267
:1001F000F1D300BF09B000BD704C030000B589B059
:100200000590049103920293049B002BB8BF5B42BC
:1002100006930123079307E0039B069A92FBF3F3EF
:100220000693079B01330793039B069A9A42F3DADE
:10023000029A079B9A4201D9029B07930A9B002BC3
:100240000AD0049B002B04DB0B9B03F00403002B60
:1002500002D00A9B013B0A930B9B03F00203002B85
:1002600002D0029B002B16D00B9B03F00103002B46
:1002700011D10A9B002B0ED006E00A9B013B0A938A
:1002800020210598FFF79EFE0A9B002B03D0079ABA
:100290000A9B9A42F1D3049B002B07DA049B5B4232
:1002A00004932D210598FFF78DFE08E00B9B03F0CA
:1002B0000403002B03D02B210598FFF783FE0B9B33
:1002C00003F00203002B19D00B9B03F00103002B5A
:1002D00014D1029B002B11D10A9B002B0ED006E0FB
:1002E0000A9B013B0A9330210598FFF76BFE0A9B9E
:1002F000002B03D0079A0A9B9A42F1D304990B9BD7
:1003000001930A9B0093029B039A0598FFF7E0FE76
:1003100000BF09B000BD000000B58FB0059004918A
:100320000392059B002B04D19E4940F25220F6F720
:100330008BF8059B5B69002B04D19A494FF415702B
:10034000F6F782F8059B1B68002B04D1954940F213
:100350005520F6F779F8059B5B68002B04D191498D
:1003600040F25620F6F770F8049B002B00F06381F2
:10037000049B1B788DF83730049B013304939DF860
:100380003730002B00F04E819DF83730252B40F0A0
:100390003D8100230A9301230C93049B1B788DF865
:1003A00037309DF83730302B0DD0302B1BDC2B2B0A
:1003B00011D02D2B17D10A9B43F001030A93049B04
:1003C0000133049312E00A9B43F002030A93049B57
:1003D000013304930AE00A9B43F004030A93049B4D
:1003E0000133049302E000230C9300BF0C9B002B0D
:1003F000D3D1002309939DF837302A2B0CD1039BCE
:100400001B68191D039A11601B68099A134409930C
:10041000049B013304931AE0049B1B788DF837305A
:100420009DF837302F2B12D99DF83730392B0ED845
:10043000049B01330493099A13469B0013445B0009
:100440001A469DF837301344303B0993D3E7002315
:100450000B93049B1B788DF837309DF837302E2B8B
:100460001DD1049B01330493049B1B788DF8373016
:100470009DF837302F2B12D99DF83730392B0ED8F5
:10048000049B013304930B9A13469B0013445B00B7
:100490001A469DF837301344303B0B93E4E7049B36
:1004A0001B788DF837309DF837306C2B03D09DF8D2
:1004B0003730682B07D1049B01330493049B1B78CE
:1004C0008DF83730EFE79DF83730782B58D0782B00
:1004D00000F39780752B41D0752B00F39280732B1E
:1004E00062D0732B00F38D80702B6BD0702B00F3D8
:1004F0008880692B20D0692B00F38380642B1BD06C
:10050000642B7EDC632B06D0632B7ADC252B73D027
:10051000582B35D075E0039B1B68191D039A116099
:100520001B680C930C9B8DF81F309DF81F301946EB
:100530000598FFF747FD65E0039B1B68191D039AAB
:1005400011601B680C930A9B0193099B00930B9B02
:100550000A220C990598FFF751FE53E0039B1B6894
:10056000191D039A11601B680C930C990A9B019347
:10057000099B00930B9B0A220598FFF7A9FD41E018
:10058000039B1B68191D039A11601B680C930C993F
:100590000A9B0193099B00930B9B10220598FFF780
:1005A00097FD2FE0CC4B0300039B1B68191D039A9A
:1005B00011601B6808930A9B099A08990598FFF730
:1005C00026FD1FE0039B1B68191D039A11601B6821
:1005D0000C9330210598FFF7F5FC78210598FFF77B
:1005E000F1FC0C99002301930823009308231022A7
:1005F0000598FFF76DFD05E025210598FFF7E2FC62
:1006000000E000BF049B0133049305E09DF8373000
:1006100019460598FFF7D6FC049B1B78002B7FF446
:10062000A7AE00E000BF059B1B7B002B04D0059804
:10063000FFF76EFC00E000BF0FB000BD00B583B057
:1006400001900198FFF78EFB0346184603B000BDEA
:1006500000B58BB001900091019B1B8A043B07936E
:10066000009A079B1344DA1C079BB2FBF3F38DF847
:100670001B300198FFF7D0FB0590059B002B01D1A3
:10068000002338E0059B00221A71059B01225A7154
:10069000079B9AB2059BDA80059B09939DF81B3056
:1006A000013B0493099B019A1A60002308931DE003
:1006B0000198FFF7B1FB0390039B002B0ED0059B25
:1006C0005B790133DAB2059B5A71099B039A1A6070
:1006D000039B019A1A60039B099304E0059800F0BC
:1006E0000DF8002307E0089B01330893089A049B48
:1006F0009A42DDD3059B18460BB000BD00B58BB008
:100700000190019B0793079B5B798DF81B30019B40
:1007100008939DF81B30013B05930023099305E0E6
:10072000089B1B680893099B01330993099A059B51
:100730009A42F5D3089B1B680493019B08930023FE
:1007400009930BE0089B1B68039308990498FFF733
:10075000ABFB039B0893099B013309939DF81B3066
:10076000099A9A42EED300BF00BF0BB000BD00B59E
:1007700085B00190019B0393039B0433012118462C
:10078000FFF776FA00BF05B000BD00B587B0019055
:10079000019B0593059B043301211846FFF77FFA5F
:1007A0000346039303AB0493049B1B78002B02D1F5
:1007B0000198FFF7A3FF00BF07B000BD00B591B0DF
:1007C0000390029101920093039B002B03D14349B4
:1007D000B620F5F739FE039B0993039B0F93099B02
:1007E000DB881A46099B5B7902FB03F3043B089301
:1007F000009A089B9A4203D33849C420F5F724FE97
:10080000099BDB880793009B1A1D079BB2FBF3F340
:100810000E93009B0433079AB3FBF2F2079901FB96
:1008200002F29B1A0D93019B1A68009B1344089ACD
:100830009A4204D2089A009BD31A0C9302E0019BBF
:100840001B680C93019B0C9A1A6005E00F9B1B68B8
:100850000F930E9B013B0E930E9B002BF6D10023B2
:100860000B93079A0D9BD31A0A930A9A0C9B9342F7
:1008700028BF13460A932AE0029A0B9B134406935F
:100880000F9A0D9B1344043305939DF84830002BB9
:1008900005D00A9A0599069802F0C6FE04E00A9A65
:1008A0000699059802F0C0FE00230D930F9B1B686C
:1008B0000F930C9A0A9BD31A0C930B9A0A9B13441E
:1008C0000B93079A0C9B934228BF13460A930C9BE9
:1008D000002BD1D100BF00BF11B000BD804C030080
:1008E00000B589B00590049103920293039B07938E
:1008F00007AA00230093029B04990598FFF75EFF67
:10090000079B039A9A4203D00349F620F5F79CFD12
:1009100000BF09B000BD00BF804C030000B589B026
:100920000590049103920293039B079307AA012366
:100930000093029B04990598FFF740FF079B039AD9
:100940009A4204D003494FF48070F5F77DFD00BF53
:1009500009B000BD804C030082B003468DF807301B
:100960009DF90730002B0DDB9DF8073003F01F02C7
:1009700006499DF907305B09012000FA02F2603355
:1009800041F8232000BF02B0704700BF00E100E043
:1009900000B583B00190019B002B03D10649722062
:1009A000F5F752FD019B00221A60BFF35F8F00BF75
:1009B00000BF03B000BD00BF7C4D030041DF7047A6
:1009C00000BF184600B585B000238DF807300DF143
:1009D00007031846FEF790FBF1EE103A0393039BD2
:1009E00023F09F030293029BE1EE103A00BFBFF396
:1009F0005F8F00BF2620FFF7AFFF9DF80730184636
:100A0000FEF78EFB039B03F00703002B03D0034983
:100A10007D20F5F719FD00BF05B000BDC04D0300F6
:100A200008B5064B00221A700548FFF7B1FF0549CB
:100A3000054800F049F80023184608BD08270020A3
:100A4000042700206C4E03000C27002000B583B063
:100A5000FFF7B8FF01F0D0FD0346002B0ED0FFF7E3
:100A6000ADFF0190019B002B0BD0019B022B08D006
:100A700005494FF4B070F5F7E7FC02E020BF40BF36
:100A800020BF00BF03B000BDC04D030082B0019085
:100A9000019B9B6800229A60019B9B6800221A615F
:100AA000019B9B6800225A61019B9B680022DA60CF
:100AB000019B9B6800225A60019B9B6800221A6080
:100AC00000BF02B07047000000B583B001900091F4
:100AD000019B002B03D110495020F5F7B5FC009B7A
:100AE000002B03D10C495120F5F7AEFC019B009A75
:100AF0001A60019B1B681A68019B5A60019B5A6827
:100B0000019B1B685B689A4202D1019B00225A60DC
:100B100000BF03B000BD00BF784E030000B583B036
:100B20000190019B002B03D113496320F5F78CFC46
:100B3000019B1B68002B03D10F496420F5F784FC4F
:100B4000019B5B68002B14D0019B5B681A46019BDC
:100B50001B689B6813441A46019B5A60019B5A68A4
:100B6000019B1B685B689A4204D1019B00225A607A
:100B700000E000BF03B000BD784E030000B585B0B3
:100B800001900091019B002B03D117493A20F5F702
:100B90005BFC009B002B03D113493B20F5F754FC71
:100BA000019B5B6803930FE0019B9B68039A1268AB
:100BB000009910469847034683F00103DBB2002BEF
:100BC00007D1039B1B680393039B1B68002BEBD18E
:100BD00000E000BF039B1A68009B1A60039B009A09
:100BE0001A6000BF05B000BD444F030000B585B0DA
:100BF0000190019B002B03D10B495120F5F724FCF8
:100C0000019B5B681B680393019B5B681B68002B5F
:100C100006D0019B5B681A68019B5B6812681A60CA
:100C2000039B184605B000BD444F030000B583B0D8
:100C30000190019B002B03D104495D20F5F704FCD2
:100C4000019B5B681B68184603B000BD444F03005E
:100C500000B585B001900091019B002B03D115498F
:100C60006920F5F7F1FB009B002B03D111496A20A5
:100C7000F5F7EAFB00238DF80B30019B5B680393CB
:100C80000FE0039B1B68009A9A4207D1009B1A68E9
:100C9000039B1A6001238DF80B3006E0039B1B6851
:100CA0000393039B1B68002BEBD19DF80B30184678
:100CB00005B000BD444F030000B585B00190019818
:100CC00000F00CF80390039B002B01D0039B00E085
:100CD000014B184605B000BDF04F030086B00190EF
:100CE000164B0593164B04931FE0049A059BD31AE9
:100CF000DB10DA0F13445B10DB00059A13440393F7
:100D0000039B1B680293029A019B9A4202D9039BA0
:100D100004930AE0029A019B9A4203D2039B083390
:100D2000059302E0039B5B6804E0059A049B9A42EA
:100D3000DBD30023184606B0704700BFF053030012
:100D40001855030000B5A1B00590049103920293D9
:100D50000498FFF70CFD039B1593029B1693002349
:100D6000179300238DF8603000231993229B1A9368
:100D700000231F930FA91F9B08220498FFF7CEFDA5
:100D800008231F93119B1293BDF84030ADF84C30EF
:100D9000BDF84230ADF84E3000238DF851309DF84B
:100DA0003C3003F00303DBB2012B26D10F9BC3F3CE
:100DB00095231C939DF83C30C3F3C203DBB28DF83E
:100DC0005030BDF83C30C3F38313DBB21B931B9B45
:100DD0009A0009A91F9B0498FFF7A0FD1B9B9B008D
:100DE0001F9A13441F9312AA09A915AB0093134627
:100DF0001B9A1C9800F0CAFF2FE09DF83C3003F0CE
:100E00000303DBB2022B28D1BDF83E30C3F38913B4
:100E10009BB21E939DF83C30C3F3C203DBB28DF846
:100E200050301E9B082B28BF08231D9307A91F9B2A
:100E30001D9A0498FFF772FD1F9A1D9B13441F9380
:100E40001E9A1D9BD31A1E9315AB12AA07A81D99B3
:100E500001F050F81E9B002BE3D10498FFF795FC9E
:100E600000BF21B000BD000000B583B00190019B20
:100E70001B781A460C4B9B5C002B05D0019B04335E
:100E80001846FCF74FFC0BE0019B1B781A46064BFB
:100E90009B5C002B04D1019B0C331846FBF7ACFC88
:100EA00000BF03B000BD00BF5825002000B587B0CB
:100EB0000390029113468DF8073000230593039B9E
:100EC0001B781A46104B9B5C002B09D0039B043304
:100ED0009DF8072002991846FCF786FC05900FE064
:100EE000039B1B781A46084B9B5C002B08D1039B85
:100EF0000C339DF8072002991846FBF7F1FC05908A
:100F0000059B184607B000BD5825002082B001900F
:100F10000091034B01221A7000BF02B0704700BF5E
:100F20005427002030B58DB003468DF807301A4B9A
:100F300002AC1D460FCD0FC495E80F0084E80F00EA
:100F4000062302934FF0FF3303934FF0FF330493D4
:100F50004FF0FF3305934FF0EB7308939DF8073084
:100F6000002B01D00D4A00E0002202AB19460C48CC
:100F7000F9F71EFF0B900B9B0A930A9B002B04D0E2
:100F8000084A43210A98FDF797FA074A9DF8073067
:100F9000137000BF0DB030BDCC5503000D0F030022
:100FA0004C230020185503005527002000B583B0BE
:100FB00001238DF807309DF807301846FFF7B2FF80
:100FC00000BF03B000BD000000B589B003900291DE
:100FD0000192019B8DF81F30124B00221A709DF870
:100FE0001F301A4602991048FFF760FF0690069BD3
:100FF0000593059B002B04D00C4A53210598FDF75F
:101000005BFA00BF0A4B1B78002B07D0054B1B78FF
:10101000DBB283F00103DBB2002BF3D100BF09B0D8
:1010200000BD00BF542700204C23002018550300AA
:101030005527002000B585B003900291054B009321
:101040004023054A02990398FFF77CFE00BF05B0D4
:1010500000BD00BFC90F03001427002082B001901B
:1010600000BF02B07047000000B583B00190044893
:10107000FFF7FAFE0020FFF755FF00BF03B000BDE9
:101080004C23002082B00190019BDB6801225A7141
:1010900000BF02B07047000000B583B04FF0FF33CF
:1010A0000193FFF783FF0421084800F08BFD0190B6
:1010B000019B002B03DA06494820F5F7C5F90348E0
:1010C000FFF7E0FF00BF03B000BD00BFB83803006A
:1010D0000C56030000B583B001900091019B1B6882
:1010E0001B6800990198984700BF03B000BD00B588
:1010F00083B00190019B1B685B680198984700BF13
:1011000003B000BD00B583B00190019B1B689B68D4
:101110000198984700BF03B000BD82B001900B4614
:101120008DF80330019BDB689DF803201A7100BF26
:1011300002B0704782B00190019BDB681B791846B2
:1011400002B0704782B00190019BDB6801225A71A6
:1011500000BF02B0704782B00190019BDB685B79F1
:10116000184602B07047000000B585B001900091AC
:101170000B4B00221A700B48FFF760FA0390039B99
:10118000002B01D0039B08E00748FFF77FFC074ACC
:10119000074BD31ADB0802930023184605B000BDA5
:1011A000C028002024380300C4560300B8380300C8
:1011B00038380300024A034BD31ADB08184670473D
:1011C000B83803003838030000B587B001900B46EB
:1011D0008DF803309DF80330002B1FD0FFF7EAFF96
:1011E00004900023059313E0059B9B000D4A1344D4
:1011F0000393039B1B881A46019B1B689A4204D1E8
:10120000019B059A1A60002309E0059B01330593B1
:10121000059A049B9A42E7D3052300E00023184671
:1012200007B000BDF022002000B585B001900B464C
:101230008DF803309DF8032001AB11461846FFF7E7
:10124000C3FF0346002B07D1019BDB00044A134474
:101250000393039B1B6800E00023184605B000BD04
:101260003838030084B001900B468DF80330019BA1
:10127000DB00164A134402939DF80330042B17D069
:10128000042B1ADC032B0ED0032B16DC012B02D00F
:10129000022B04D011E002238DF80F3011E004235B
:1012A0008DF80F300DE0029B1B798DF80F3008E0B0
:1012B000029B5B798DF80F3003E000238DF80F302F
:1012C00000BF9DF80F30184604B07047383803004F
:1012D00084B00190009100238DF80F30019B1B78A2
:1012E00003F00403DBB2002B24D0019B1B78C3F373
:1012F0000103DBB2012B02D0022B0CD017E0009BC4
:101300001B68019A1288C2F38312D2B213449A1C4A
:10131000009B1A600BE0009B1B68019A5288C2F385
:10132000891292B213449A1C009B1A6000BF0123D9
:101330008DF80F309DF80F30184604B0704700004C
:1013400000B58BB00023ADF826303D48FEF7BEFC5B
:101350003C48FEF7BBFC3C4B9B6804933B4B1B6833
:101360000693049A069B134002339B00364A1344AB
:101370000433089304AB19460898FFF7A9FF034606
:10138000002B09D0049A069B134002339B002E4A7F
:10139000134404330893EDE700BF0023079311E0E3
:1013A000049B5A1C0492069A1340079A920001A9C2
:1013B0000A44254902339B000B445B681360079B7A
:1013C00001330793079B012BEAD99DF80430C3F33F
:1013D0000103DBB2012B10D0022B1CD1BDF80A3067
:1013E000ADF82630BDF80630C3F389139BB2033342
:1013F0009A08049B1344049313E0BDF80A30ADF837
:101400002630BDF80430C3F38313DBB21A46049BC5
:101410001344049305E00E494FF4C270F5F714F835
:1014200000BF0848FEF75DFC0590059B002B02D02D
:10143000049B054A9360BDF8263018460BB000BDEA
:10144000D82C0020D42C0020C028002068230020A5
:10145000D456030000B585B000210748FEF7ADFB68
:101460000390039B0293029B83F310030193019B60
:10147000184605B000BD00BFDC2C002000B589B0C7
:101480000390029101920093039B1B0C0793FFF7BB
:10149000E1FF0690FFF78EFE0246079B934204D3BE
:1014A000214940F2A910F4F7CFFF069B1904009BD5
:1014B0005A1C0A9B1340079A0A431C4902339B009B
:1014C0000B445A60009A0A9B134002339B00174A50
:1014D000134404330593039B03F00703D9B2059A21
:1014E000137861F3C5031370019B03F00F03D9B2A6
:1014F000059A138861F389131380029BC3F31501C6
:10150000059A136861F39F231360059A13780121EC
:1015100061F301031370059A137823F00403137029
:1015200000BF09B000BD00BFD4560300C028002092
:1015300000BF704700B58DB00390029113468DF83F
:101540000730039B02330A9301238DF827300023D1
:101550008DF81B300DF11B031846FDF7CDFD3F4BF9
:101560005A68029B1A603E4B1A683C4B99683B4B89
:101570005B68CB1A134401330B9314E00121394803
:10158000FEF776FBFFF7DCFE079007993548FEF77C
:101590006FFB334B1A68314B9968304B5B68CB1A41
:1015A000134401330B930A9A0B9B9A42E6D89DF899
:1015B0002730002B48D0002305939DF80730002BDF
:1015C00017D09DF81430012262F301038DF8143016
:1015D0009DF8143043F004038DF81430039B03F09E
:1015E0000F03DAB2BDF8143062F38913ADF814308A
:1015F00016E09DF81430022262F301038DF81430D6
:101600009DF8143043F004038DF81430039BC3F3AA
:1016100009039AB2BDF8163062F38F13ADF8163095
:101620000E4B5A680E4B1B68134002339B000B4A4B
:10163000134404330893059A089B1A60074B5A68B1
:101640000A9B1344054A53609DF81B301846FDF76A
:1016500067FD9DF8273018460DB000BDC02800205A
:1016600068230020DC2C002000B58BB0059004918D
:10167000039202931F4B1B68079306AB0122194686
:101680000298FFF757FF0346002B24D0069B023336
:1016900009930023089311E0089B9B00039A1A44C6
:1016A000099B591C099107990B4012681249023392
:1016B0009B000B445A60089B01330893089A029BD5
:1016C0009A42E9D3069A079B00931346029A04991B
:1016D0000598FFF7D3FE084B1B78002B04D000F0D1
:1016E00065F80346002BFAD1FFF722FF00BF0BB0CD
:1016F00000BD00BF68230020C028002000B583B0D3
:10170000019000910023002200990198FFF7ACFF9F
:1017100000BF03B000BD00B587B0039002910192F5
:10172000019B059305AA012302990398FFF79CFFEB
:1017300000BF07B000BD00B587B0039002910192D1
:101740000093019B0493009B059304AA0223029932
:101750000398FFF789FF00BF07B000BD00B58BB04D
:101760000390029101920093019B0593009B0693C5
:101770000C9B07930D9B08930E9B099305AA0523C9
:1017800002990398FFF770FF00BF0BB000BD000087
:10179000054B9A68044B5B689A420CBF01230023F7
:1017A000DBB21846704700BFC028002000B599B0D2
:1017B000FFF7EEFF0346002B01D00023C2E19C4B54
:1017C0000022C3F81824BFF34F8F00BF984B9B68CB
:1017D0000493984B1B680C93049A0C9B13400233A0
:1017E0009B00934A134404330E9300231793002362
:1017F000169300230B9304AB19460E98FFF768FD70
:101800000346002B19D08A4BD3F81834002B14D17F
:10181000874B5A68049B9A4205D8854B5B68844A7B
:10182000936000238EE1049A0C9B134002339B00CB
:101830007F4A134404330E93DDE70023159311E030
:10184000049B5A1C04920C9A1340159A920001A909
:101850000A44774902339B000B445B681360159B75
:1018600001331593159B012BEAD99DF8043003F041
:101870000303DBB2022B40F09F80BDF80630C3F3B8
:1018800089139BB20993BDF80630C3F389139BB249
:10189000502B28BF50239BB20893089BC3F3090326
:1018A0009AB2BDF8063062F38F13ADF80630089B8C
:1018B000083307939DF80430C3F3C203DBB20B93E4
:1018C00007995D48FEF7C4FE1790179B002B00F0A8
:1018D000D5801798FEF74BFF01A9169B0822179891
:1018E000FEF7FEFF169B08331693049BDA430C9B0E
:1018F000134001339B000693089A069B9A4245D9F0
:10190000069B002B09D0049A0C9B134002339B00CA
:10191000474A13440433149301E0484B1493069B45
:10192000002B03D0069B8DF84F3002E0089B8DF80A
:101930004F30069B002B02D0404B129301E0002356
:101940001293069B002B07D0089BDAB2069BDBB2F2
:10195000D31A8DF8473002E000238DF847309DF808
:101960004F20169B14991798FEF7BAFF9DF84F3039
:10197000169A13441693129B002B16D09DF84720FD
:10198000169B12991798FEF7ABFF0EE0049A0C9B7A
:10199000134002339B00264A134404330593169BDD
:1019A000089A05991798FEF79BFF099B03339A083D
:1019B000049B1344049361E09DF8043003F0030397
:1019C000DBB2012B5AD1BDF80430C3F38313DBB271
:1019D000062B28BF0623DAB2BDF8043062F3891360
:1019E000ADF80430BDF80430C3F38313DBB2023327
:1019F0000A939DF80430C3F3C203DBB20B930A9B36
:101A00009B0019460C48FEF723FE1790179B002BEE
:101A100034D01798FEF7ABFE01A9169B0822179841
:101A2000FEF75EFF169B08331693002315931CE008
:101A3000C02800206823002024380300CC28002080
:101A4000049B5A1C04920C9A134002339B003F4A99
:101A50001344191D169B04221798FEF741FF169B8D
:101A600004331693159B01331593BDF80430C3F36B
:101A70008313DBB21A46159B9342E1D3179B002BCD
:101A800040D0324BD3F810341093304BD3F8183485
:101A9000002B1BD01798FEF778FE4DE000238DF841
:101AA0003F301098FFF757FB0346002B02D001236D
:101AB0008DF83F309DF83F30002B03D017991098D8
:101AC000FFF708FB109BDB681B681093109B002B33
:101AD000E4D11798FEF759FE00238DF803300DF17D
:101AE00003031846FDF708FB184BD3F81834002BF6
:101AF00002D1049B154A93609DF803301846FDF708
:101B00000FFB19E0114BD3F810340D9306E00D983C
:101B1000FFF7F8FA0D9BDB681B680D930D9B002BFC
:101B2000F5D10B4A0B4BD31ADB081B0443F002031D
:101B300009491846FFF7E2FDFFF72AFE034683F046
:101B40000103DBB2184619B000BD00BFC028002059
:101B500060380300383803008457030000B585B0AF
:101B60000023039323E0164BD3F810340293012390
:101B70008DF807300FE00298FFF7DCFA03461A46AB
:101B8000039B934203D100238DF8073006E0029BAC
:101B9000DB681B680293029B002BECD19DF8073099
:101BA000002B01D0039B07E0039B01330393039BAE
:101BB000092BD8DD4FF0FF33184605B000BD00BF3C
:101BC000C028002000B585B001900B468DF8033089
:101BD000FFF7C4FF0390039BB3F1FF3F01D1039BC9
:101BE00022E0039BDBB219460198FFF796FA104BEF
:101BF000D3F81034002B08D10D4A019BC2F81034E1
:101C0000019BDB6800221A600DE0094BD3F8103409
:101C1000DA68019BDB6812681A60054BD3F8103450
:101C2000DB68019A1A60039B184605B000BD00BF2F
:101C3000C028002000B583B00C4BD3F810340193BA
:101C40000A4B01221A7009E00198FFF77BFA01980C
:101C5000FFF74DFA019BDB681B680193019B002B8A
:101C6000F2D100BF00BF03B000BD00BFC0280020FC
:101C700082B00190009100BF02B0704710B584B0EF
:101C800003900291039BDB88002B0AD0039BDB8827
:101C90001A461F4B009313461E4A1F490298FEF72F
:101CA00057F9039B1B7A052B2ED0039B5B7A002BE5
:101CB00012D0039B9B881A46039B1B7A1946104639
:101CC000FFF7D0FA03461A46144B53F822301A464F
:101CD00013490298FEF73CF9039B1B6819460298CA
:101CE000FFF7C6FF039B1B7A1A460E4B53F82240A0
:101CF000039B9B8800211846FFF796FA034622466D
:101D000009490298FEF724F900BF04B010BD00BFD6
:101D1000B8570300C8570300005803008023002071
:101D2000185803006C2300201C58030000B585B030
:101D30000390029113468DF80730039B1B7A052B05
:101D40000FD0039B5B7A002B06D00D4B1B681A4605
:101D50000C490298FEF7FCF80B490298FEF7F8F8D8
:101D600007E09DF80730002B03D007490298FEF7E3
:101D7000EFF80298FEF7CCF800BF05B000BD00BF39
:101D800080230020185803002858030030B58BB07A
:101D900007900691059204930E9B1B7B8DF82730CC
:101DA0000E9B00221A730E990498FFF767FF059B9C
:101DB000062B76D0059B062B00F28F80059B052B0A
:101DC00057D0059B052B00F28880059B042B3CD047
:101DD000059B042B00F28180059B032B26D0059BDD
:101DE000032B7AD8059B022B16D0059B022B74D8A7
:101DF000059B002B03D0059B012B05D06DE00799B7
:101E00000E98FEF7A5F869E0069B1B681A4607992D
:101E10000E98FEF79DF861E0069B1A68069B043356
:101E20001B6807990E98FEF793F857E0069B1A680F
:101E3000069B04331968069B08331B6800930B4606
:101E400007990E98FEF784F848E0069B1968069BF0
:101E500004331868069B08331B68069A0C32126814
:101E60000192009303460A4607990E98FEF770F810
:101E700034E0069B1868069B04331C68069B0833F5
:101E80001B68069A0C321268069910310968029193
:101E9000019200932346024607990E98FEF758F8E0
:101EA0001CE0069B1C68069B04331D68069B0833D8
:101EB0001B68069A0C321268069910310968069858
:101EC0001430006803900291019200932B46224641
:101ED00007990E98FEF73CF800E000BF00220E992B
:101EE0000498FFF723FF0E9B9DF827201A7300BF6D
:101EF0000BB030BD00B587B0039002910192009302
:101F0000029B082B60D8009B1B7B8DF81330009B35
:101F100000221A7300990198FFF7B0FE0023059381
:101F200014E0059A029B9A4209D2039A059B134436
:101F30001B781A4626490098FEF70AF803E025495F
:101F40000098FEF705F8059B01330593059B072BC9
:101F5000E7D921490098FDF7FBFF0023059326E010
:101F6000059A029B9A421BD2039A059B13441B7845
:101F70008DF812309DF812307E2B0AD89DF8123061
:101F8000184601F0DFFB0346002B02D09DF812300B
:101F900000E02E231A4611490098FDF7D9FF03E00F
:101FA0000F490098FDF7D4FF059B01330593059B6E
:101FB000072BD5D9012200990198FFF7B7FE009BA6
:101FC0009DF813201A7300E000BF07B000BD00BFEA
:101FD0002C58030034580300385803003C580300C1
:101FE0004058030082B0204B0193019B02221A61EA
:101FF000019B02225A61019B1C4A9A61019B1C4A67
:10200000DA61019B4FF400721A62019B00229A620E
:10201000019B00225A62019B0022DA62019B134A53
:102020009A64019B134ADA64019B10221A65019B92
:1020300000229A65019B00225A65019B0022DA6505
:10204000019B07330C4A10681860019B0B4A10680B
:1020500018609188927999809A71019B20229A71D7
:1020600000BF02B0704700BFE02C002044580300BE
:10207000582D0020582F00205058030054580300BA
:1020800000B589B003900291019200230693039B4F
:10209000DB680593039B1B690493049A059B9A4292
:1020A00005D9049A059BD31A013B079307E0039BCC
:1020B0009A680499059BCB1A1344013B0793039B31
:1020C0009A68059BD31A079A934228BF1346079331
:1020D000079A019B934228BF13460793039B5A68B4
:1020E000059B1344079A0299184601F09DFA069A37
:1020F000079B13440693029A079B13440293019A89
:10210000079BD31A0193059A079B13440593039BDE
:102110009B68059A9A4201D100230593039B059A77
:10212000DA60019B002BB5D1069B184609B000BDB3
:1021300000B589B0039002910192039BDB6807937D
:10214000039B9A68079BD31A0693069A019B9A42AF
:102150000ED9039B5A68079B1344019A02991846AB
:1021600001F062FA079A019B1A44039BDA601AE0B5
:10217000069B0593039B5A68079B1344059A029993
:10218000184601F051FA019A069BD31A0593039B56
:102190005868029A069B1344059A194601F044FABE
:1021A000039B059ADA6000BF09B000BD86B00190BC
:1021B000019B1B690493019BDB680393049A039BB7
:1021C0009A4208D8019B9A68039BD21A049B134435
:1021D000013B059304E0049A039BD31A013B05934A
:1021E000059B184606B0704700B589B00390029170
:1021F0000192029B0693039B5A1C13465B001344F7
:10220000DB001F4A13440593059B5B69022B29D011
:10221000022B2ED8002B02D0012B13D029E00598D9
:10222000FFF7C4FF0490049A019B9A4202D2002354
:10223000079321E0019B0793019A06990598FFF700
:1022400077FF19E00598FFF7B1FF0490019A049B0E
:10225000934228BF13460793079A06990598FFF7FC
:1022600067FF09E0019A06990598FFF709FF0790B3
:1022700002E00023079300BF079B184609B000BD8A
:10228000E02C002000B587B00390029101920E4B24
:102290001B78002B01D1FFF7A5FE00238DF813302A
:1022A0000DF113031846FCF727FF019A02990398D2
:1022B000FFF79AFF05909DF813301846FCF730FFA2
:1022C000059B184607B000BDE02C002082B00346F5
:1022D0008DF807309DF90730002B0CDB9DF8073097
:1022E00003F01F0205499DF907305B09012000FA40
:1022F00002F241F8232000BF02B0704700E100E085
:1023000082B003468DF807309DF90730002B09DBBA
:102310000B4A9DF90730134493F80033DBB25B0995
:10232000DBB20AE0074A9DF8073003F00F03043BD5
:1023300013441B7EDBB25B09DBB2184602B0704768
:1023400000E100E000ED00E000B583B00190019BEA
:10235000002B03D10449C420F4F776F8019B5B6895
:10236000184603B000BD00BF5C58030010DF704783
:1023700000BF184682B003468DF807309DF907303C
:102380001F2B07DC9DF907300C4A22FA03F303F0F8
:10239000010310E09DF907303F2B0BDC9DF907305E
:1023A000203B012202FA03F3002B14BF0123002378
:1023B000DBB200E00123184602B07047FC06FFBD07
:1023C00082B00190019B072B07D8EC22019B42FAB7
:1023D00003F303F00103002B01D1002300E00123EC
:1023E000184602B07047000000B583B003468DF870
:1023F00007309DF907301846FFF7BCFF0346002B56
:1024000002D142F201032EE09DF907301846FFF792
:1024100077FF03461846FFF7D3FF0346002B02D190
:1024200042F202031FE0114B9B68002B15D09DF96F
:1024300007305B090D4A52F823209DF8073003F05E
:102440001F03012101FA03F319469DF907305B09C7
:102450000A43064941F8232004E09DF90730184655
:10246000FFF734FF0023184603B000BDEC26002020
:1024700000B587B003468DF8073002AB1349184604
:10248000FEF722FB17E002AB1846FFF75DFF059051
:10249000059B1B680493059B59689DF80720049BC6
:1024A000104698470346002B01D111230BE002ABE5
:1024B0001846FEF733FB02AB1846FFF745FF03460D
:1024C000002BE0D10023184607B000BD605903007F
:1024D00000B587B003468DF8073002AB11491846A6
:1024E000FEF7F2FA12E002AB1846FFF72DFF059057
:1024F000059B1B680493059B59689DF80720049B66
:102500001046984702AB1846FEF708FB02AB184688
:10251000FFF71AFF0346002BE5D100BF00BF07B04D
:1025200000BD00BF6C59030000B583B01620FFF753
:102530005BFF0190019B0093009B002B04D0044A99
:10254000A1210098FBF7B8FF00BF03B000BD00BF9A
:10255000B858030000B585B0224B1B78002B01D082
:1025600008233CE0204B01221A700020FFF780FF77
:102570000346112B01D1002331E00020FFF7A8FF13
:102580001A4B1B68029300238DF807300DF10703E7
:102590001846FCF7B1FD02AB15491846FFF7E6FEF9
:1025A0000390039B002B0CBF01230023DAB20D4BD9
:1025B0001A709DF807301846FCF7B2FD039B002BFC
:1025C00001D0039B0BE0084B00221A70094B00223C
:1025D0001A70FFF7A9FF0120FFF77AFF00231846C2
:1025E00005B000BD682F00206A2F00205C59030051
:1025F000D5E40200692F0020014B1B781846704774
:10260000682F002000B585B06B4610491846FEF7CC
:102610005BFA10E06B461846FFF796FE0390039BAB
:102620001B680293039B5A68029B104698476B46AF
:102630001846FEF773FA6B461846FFF785FE034609
:10264000002BE7D100BF00BF05B000BD78590300E3
:1026500008B5FFF7D7FF00BF08BD60DF704700BFB8
:10266000184669DF704700BF184661DF704700BF3A
:102670001846000000B583B00190019B002B03D1E8
:102680000449C420F3F7E0FE019B5B68184603B0E1
:1026900000BD00BF8459030082B00190019B002B54
:1026A00001D10E2304E0044B1A46019B1A6000235B
:1026B000184602B0704700BFF022002010B586B067
:1026C000034600918DF807300098FFF7E5FF05906D
:1026D000059B002B01D0059BC4E002AB0C2200211E
:1026E000184600F0D3FF9DF807308DF8083001231D
:1026F0008DF80A300623ADF80C30009B1A6802AB47
:1027000019462020FFF7ADFF0590059B002B0FD049
:10271000564A574BD31ADB081B0443F001040598B3
:10272000FEF7CAFA03461A4652492046FEF7F3FF5F
:1027300002AB0C220021184600F0A8FF01238DF8FF
:10274000093000238DF80A3000238DF80B30009BF0
:102750001A6802AB19464020FFF783FF0590059BDE
:10276000002B0FD0414A424BD31ADB081B0443F025
:1027700001040598FEF7A0FA03461A463E49204692
:10278000FEF7C9FF02AB0C220021184600F07EFFC5
:102790000A238DF80830009B1A6802AB1946012005
:1027A000FFF75FFF0590059B002B0FD02F4A304BA2
:1027B000D31ADB081B0443F001040598FEF77CFAEA
:1027C00003461A462D492046FEF7A5FF02AB0C2210
:1027D0000021184600F05AFF4FF4B0630293009BAB
:1027E0001A6802AB1946A120FFF73BFF0590059B35
:1027F000002B0FD01D4A1E4BD31ADB081B0443F0DD
:1028000001040598FEF758FA03461A461C4920466B
:10281000FEF781FF02AB0C220021184600F036FFC4
:102820009DF8083023F001038DF80830009B1A68EA
:1028300002AB1946A020FFF714FF0590059B002B63
:102840000FD00A4A0A4BD31ADB081B0443F00104D9
:102850000598FEF731FA03461A460A492046FEF764
:102860005AFF0023184606B010BD00BF9038030081
:1028700038380300E45903002C5A0300785A030047
:10288000C45A0300185B030082B04FF08053D3F8A2
:102890000C319B020193019B03F10053184602B0D7
:1028A0007047000010B584B00190019B1B68039332
:1028B0000198FFF7D2FE0290019B1B68039A9A428F
:1028C00029D2224A224BD31ADB081B0443F002030D
:1028D00020491846FEF712FF1C4A1D4BD31ADB088D
:1028E0001B0443F00200019B1B68039A1A49FEF780
:1028F00022FF164A164BD31ADB081B0443F00204CE
:10290000FFF7C2FF0246019B1B68D31A1A46134900
:102910002046FEF700FF029B002B03D1104B012243
:102920001A700FE0094A0A4BD31ADB081B0443F064
:1029300001040298FEF7C0F903461A4609492046E9
:10294000FEF7E9FE029B184604B010BD9038030064
:10295000383803006C5B03009C5B0300D05B030012
:102960006B2F0020FC5B030000B597B00190224B59
:102970001B7883F00103DBB2002B3AD13423ADF88E
:1029800046300DF1460202AB11461846FFF76DFEC8
:102990001590159B002B03D0159B052B22D129E008
:1029A00002AB14930FAB15491846FEF78DF811E0F2
:1029B0000FAB1846FFF75EFE1390139B1B68129334
:1029C000139B5A68129B1146149898470FAB1846F0
:1029D000FEF7A4F80FAB1846FFF74CFE0346002B9A
:1029E000E6D1CBE7064A40F23B111598FBF764FDB0
:1029F00000E000BF17B000BD6B2F0020C45C0300D7
:102A00001C5C030000B583B00190019B002B03D137
:102A10000449C420F3F718FD019B5B68184603B016
:102A200000BD00BFD05C03004BDF704700BF1846FD
:102A300000B589B0019004AB1846FFF7F5FF079089
:102A4000079B002B03D0079B052B20D124E002AB72
:102A500013491846FEF738F811E002AB1846FFF7A5
:102A6000D1FF0690069B1B680593049A069B596844
:102A7000059B1046984702AB1846FEF74FF802AB8D
:102A80001846FFF7BFFF0346002BE6D1D3E7054A00
:102A90006B210798FBF710FD00BF09B000BD00BF18
:102AA000D85D0300305D030000B587B001AB0022A4
:102AB0001A605A609A60DA601C2301931D23029306
:102AC0004FF0CD63039302238DF8103001A900234A
:102AD0000B4A0C48F7F7E8FC03460B4A13600A4B15
:102AE0001B680593059B002B04D0084A46210598D6
:102AF000FBF7E2FC0348F7F763FD00BF07B000BD3A
:102B0000392C0300E45D0300702F0020EC5D03000E
:102B100000B587B003460A468DF80F3013468DF88E
:102B20000E309DF80F308DF810309DF80E308DF876
:102B300011300F4B00221A7004AA002300930223C5
:102B400019210C48F7F77AFF03460B4A13600A4B2A
:102B50001B680593059B002B04D0084A5C2105984F
:102B6000FBF7AAFC00F080F800BF07B000BD00BF73
:102B70006C2F0020E45D0300702F0020EC5D03004B
:102B800000B585B0034600918DF807309DF80730F9
:102B9000184600F025F80E4B00221A700123009A07
:102BA00019210C48F7F774FF03460B4A13600A4BD0
:102BB0001B680393039B002B04D0084A70210398E1
:102BC000FBF77AFC00F050F800BF05B000BD00BF75
:102BD0006C2F0020E45D0300702F0020EC5D0300EB
:102BE00000B587B003468DF80F300F4B00221A70E6
:102BF0000DF10F0200230093012319210B48F7F771
:102C00001DFF03460A4A1360094B1B680593059B89
:102C1000002B04D0074A7C210598FBF74DFC00F0FF
:102C200023F800BF07B000BD6C2F0020E45D030057
:102C3000702F0020EC5D030082B001900091019B99
:102C40001B78002B09D1019B1B79012B03D8054B65
:102C500001221A7000E000BF00E000BF00BF02B018
:102C6000704700BF6C2F002020BF054B1B78DBB2E4
:102C700083F00103DBB2002BF6D100BF00BF704729
:102C80006C2F002000B587B00C4B019320230293DA
:102C90000B4B03934FF40073049301A90723094AD4
:102CA0000948FCF753F90590059B002B0CBF012345
:102CB0000023DBB2184607B000BD00BF742F002010
:102CC000942F0020CD2C0300A45E030000B583B038
:102CD0000190019B1B78022B05D1019B1B781846A4
:102CE00000F00DF808E0019B1B78012B04D1019B3B
:102CF0001B78184600F003F800BF03B000BD82B097
:102D0000019000BF02B0704742F2A831C2F2000148
:102D1000096800F000B880B50B468DF803000DF18E
:102D200003000121012200F01EF89DF80310002885
:102D300008BF411E084608BD38B542F2A831C2F2AC
:102D4000000104460D6800F033FC02462846214687
:102D500000F020FC013004D00A20BDE83840FFF725
:102D6000D3BFC04338BDF8B51D4617460C460646CE
:102D7000184600F0F1FB002803D407FB04F2A2423E
:102D800001D20020F8BD2846314600F003FCB0FB1C
:102D9000F4F0F8BD002B35D129B9B0FBF2FC0CFBE7
:102DA000120260467047914215D22DE9F041B2FA05
:102DB00082F39A409940D3F1200C30FA0CFC51EA8E
:102DC0000C01984000F04EF8280036FA03F200217A
:102DD0000023BDE8F081F0B5B1FBF2FC0CFB121151
:102DE000B2FA82F39A409940D3F1200630FA06F6FF
:102DF0003143984000F036F8614628003200DA404E
:102E00000023F0BDF3B5B3FA83FC49085FEA300054
:102E100013FA0CF3DCF1200432FA04F423430CB46B
:102E20001A0000F01FF80CBC33FA0CF3DCF11F0C95
:102E300035FA0CF518BF6D1E03BCA5FB026705FB38
:102E40000377801BB941904271EB030C05D3821AC2
:102E500071EB0303681C0021F0BD02000B00280089
:102E60000021F0BD940D4FF6C2752D02B5FBF4F4B0
:102E7000D60A761C04FB04F5A5FB0656F64306EBC2
:102E80000416550832BF002777086D1C05FB16771E
:102E9000A6FB07477F0807EBC63714001500E7FBC2
:102EA00002457F1B4D1C0400E7FB014505FB120694
:102EB000A64284BF6D1EB618964224BF6D1CB61A7A
:102EC000704710B582B0044600698DF8071078B1DC
:102ED000D4E900239A4231D26269531C6361815460
:102EE000D4E90501884229D1204600F02CF825E0DC
:102EF000E06850B1D4E9002C62451FD2531CB3EBFB
:102F00000C0318BF0B46835418E0A06858B1D4E9ED
:102F1000002C624512D2531CB3EB0C0318BFCBB28A
:102F200040F822300AE0236A43B1D4E90001884224
:102F300004D20DF107012046012298472068013094
:102F4000206002B010BD42694AB110B50446036A60
:102F5000002B1CBF216998470020606110BD70479D
:102F6000012A0CDBF8B515460C4606462F46013DF6
:102F700030462146FFF7A5FF012FF7D8F8BD70476F
:102F8000CB0606D43023890558BF20231946FFF706
:102F9000E7BF704770B514460D46064600F0A6FB25
:102FA000014630462A462346BDE8704000F000B88E
:102FB0002DE9F04F03AF8DB047F83C3C91460C46ED
:102FC000064600F0E5FA0546EB46073020F007001C
:102FD000ADEB0008C546A7F1380A5046002124226F
:102FE00000F054FB47E908546FF0004047F8340CF8
:102FF00043F21900C0F2030047F8288C47E906069F
:103000005046494657F83C2C00F022F8DD46A7F11F
:103010000C04A546BDE8F08F436A08460121FFF77E
:10302000A2BE83B000B582B0CDE9031242F2A83C43
:10303000C2F2000C059303AA01920146DCF80000DD
:10304000FFF7A8FF02B05DF804EB03B07047000083
:103050002DE9F04F89B01646884682460020CAF80E
:1030600000000DF10E0B18F8011B252906D00029D0
:1030700000F058825046FFF724FFF4E7002742464D
:1030800018F8010BA0F12003102B0DD88021DFE8E8
:1030900003F0091B1B191B1B1B151B1B30181B10D6
:1030A0001B1B120040210DE05E280DD14FF4805112
:1030B00008E0102106E04FF4007103E04FF40041F6
:1030C00000E020210F43DAE7A0F13001C9B209295D
:1030D0001CD8002101EB810100EB410118F8010B24
:1030E000A0F130023039D2B20A2AF3D321EAE175D5
:1030F0000DE056F8045B102000EAD5600743002D70
:1031000048BF6D4202F10208507800E000252E28E9
:103110000BD1424612F8010B2A2808D156F8041B9D
:1031200098F8010008F1020214E000211AE0A0F171
:103130003001C9B209294FF0000110D801EB81011B
:1031400000EB410112F8010BA0F130033039DBB282
:103150000A2BF3D3002904D447F4807701E047F425
:1031600080779046A0F16802D3B2D20142EA5302BE
:10317000D2B2092A22D8DFE802F0050E122121215D
:103180000F21210F424612F8010B682812D198F83E
:10319000010008370BE0023718F8010B0EE0424639
:1031A00012F8010B6C2807D198F80100023708F1DA
:1031B000020803E0043700E001379046622815DD7D
:1031C000A0F16302152A3FF64EAFDFE802F02D0CA6
:1031D0000B0B0B0B0C0B0B0B0BA23A430B0B1E0B2D
:1031E000540B0B173FE747F4804748E0252800F0D1
:1031F0009D80582840F0A78147F4005743F25803B8
:1032000078281FD143F278031CE0A9463568002DC9
:1032100004BF45F6DC65C0F20305F805284600F159
:10322000F38000F0C5F9F1E03478A5F101095046CA
:1032300039464A46FFF7A4FE50462146FFF741FEB5
:10324000F6E030233A0603EAE27CFA0519D527F4C2
:10325000007716E0009556F8045B01960024002DD7
:1032600000F0F2803806232101EAE07247F480770B
:1032700008210026F0E0FA0548BF27F400774FF058
:10328000000C7A044FEA8772009504D4002A08D40F
:10329000321D00240BE0002A14D456F8045BEC170E
:1032A00016E0F21D22F0070606F108027468356880
:1032B000CDF808C07B0713D417F0080F12D00024F4
:1032C000EDB20FE0F21D22F00706746856F8085BB5
:1032D0007A0709D43A070AD545F3C0146DB206E05F
:1032E000ADB20024019228E045F3C0342DB2002C89
:1032F000019608DBBA061ED47A0648BF4FF0200CB0
:10330000CDF808C019E000226D4262EB04042D22C2
:1033100012E056F8040B3907DAF8001000F1928039
:10332000BA0752BF0160002206C09CE65046252124
:10333000FFF7C7FD97E62B220292FA0548BF27F454
:1033400000778946FA0558BF4FF0010900266E281C
:1033500022DD6F38092800F2A180DFE800F005487F
:103360009F9F9F9F239F9F4855EA040000F09680EF
:10337000E80840EA4470062262F3DF050BF80650C5
:10338000013650EAD4014FEAD4044FEAD001054691
:1033900041EA4470F0D181E0582828D0642818BF51
:1033A00069287BD155EA040078D0380407D506F0A7
:1033B0000300032802BF2C200BF806000136284624
:1033C00021460A220023FFF7E5FC00EB8002A5EB73
:1033D0004202D5F109030023A34142F030020BF869
:1033E000062006F1010605460C46DED356E0002A0B
:1033F00045EA0400029A02D4012140B32CE058BBF4
:1034000027F4807719BB26E000F0E8F8044627F49B
:103410000077A9EB0009504639464A46FFF7B0FD50
:1034200034B115F8011B5046FFF74BFD013CF8D1B4
:103430000436F8067FF517AE504620214A46FFF7BE
:103440008FFD10E601700EE627F48077082130200A
:103450008DF80E000126002255EA040002921CD0CD
:1034600045F6BC60C0F20300BA045CBF45F6CC6010
:10347000C0F203002A0942EA047205F00F03154660
:10348000C35C0BF80630013652EA14124FEA1414EA
:103490004FEA151242EA0472EFD18946A9EB060001
:1034A00020EAE07906EB09000099029D0C1AFF2D35
:1034B000204688BF0138002D18BF441E17F4047F32
:1034C00005D1504639462246FFF75AFD0024FF2D0C
:1034D00004D9290A5046FFF7F4FC00E01DB150461C
:1034E0002946FFF7EEFC504639462246FFF748FDD5
:1034F000504630214A46FFF733FD012E08DB3546A2
:10350000013E50461BF80610FFF7DBFC012DF6D8F4
:10351000F806019E7FF5A7AD504620212246FFF711
:103520001FFDA0E5DAF80C0028B1DAE9001291429B
:103530003CBF002242545046FFF705FDDAF8000078
:1035400009B0BDE8F08F00287FF48DAD5046FFF73D
:10355000FAFC4FF0FF30F3E742F2A431C2F200016F
:1035600042F2A832C2F200020968126842F2AC3399
:10357000C2F20003411A1B6818BF0121821A18BF4A
:1035800001221140C01A18BF012008404042704774
:10359000402070470068FEF775BE082907D343F244
:1035A000A012C2F2000210600022C0E900217047A0
:1035B000017889B14FF0013C0346194653F8042BBA
:1035C000CCFA52F2002AF8D092FAA2F2B2FA82F2BF
:1035D00001EBD201081A70470020704700291CBF78
:1035E0000278002A01D10020704700B5D0F800E031
:1035F0000429034609D34FF0013CCCFA5EF222B90C
:10360000043953F804EF0329F7D84FF00132C2FA16
:103610005EF292FAA2F2B2FA82F2181AB1EBD20F6B
:1036200088BFD108084400BD5AB3844690EA01031C
:103630009B071FD1830707D011F8013B00F8013B1E
:10364000521EF7D11CE08446203A09D32DE9F00739
:10365000B1E8F807A0E8F807203AF9D2BDE8F0078A
:103660001C3205D451F8043B40F8043B121FF9D238
:10367000043205D011F8013B00F8013B521EF9D18C
:103680006046704700220B0011001A0084465AB3AE
:10369000830704D000F8011B521EF9D124E0C9B2FF
:1036A00041EA012141EA0141202A11D3203A2DE9C2
:1036B000F0030B460C460D460E460F4688468946DB
:1036C000A0E8FA03203AFBD2BDE8F00320320BD089
:1036D000042A05D340F8041B121F05D0042AF9D28E
:1036E00000F8011B521EFBD16046704743F2A41044
:1036F000C2F200000068002804BF42F2B030C2F2FB
:103700000000704784460020002918BF002A0ED010
:10371000097848B200280BD4BCF1000F18BFCCF8D0
:1037200000100021C3E90011002818BF01207047D4
:103730006FF0010070477F298EBF6FF001000170AC
:103740000120704743F2A411C2F200010968002968
:1037500004BF42F2B031C2F20001496889680A68C8
:10376000092110477F280BD846F27802C0F20302E5
:1037700046F2F803C0F20303105C595C084070473E
:1037800000207047A0F161011A2938BF2038704726
:10379000A0F141011A2938BF203070477F280BD88B
:1037A00046F27802C0F2030246F2F803C0F20303C5
:1037B000105C595C0840704700207047A0F161011F
:1037C0001A2938BF20387047A0F141011A2938BFA3
:0437D00020307047EE
:0837D400859E020000000000C8
:1037DC00218E02000000000025970200DC2300204F
:1037EC00278C020000000000BB9A0200C4230020BA
:1037FC00C9990200F0230020656802000000000057
:08380C00A99E0200000000006B
:103814006929030000000000312A030000000000B1
:10382400202800205827002060270020602700203F
:043834001800000078
:1038380008410300000000001442030000000000DB
:10384800C042030000000000CC4303000000000059
:10385800DC44030000000000D0560300000003030E
:103868008C45030000000000F8460300000000003B
:10387800943E0300000000002C3D030000000303F9
:10388800B058030000000303D859030000000303E5
:10389800245D030000000303B44D03000000000092
:1038A800384F030000000000204003000000000023
:1038B800EC55030000000000F855030060230020C9
:1038C800453A5C467265656C616E63696E67205047
:1038D800726F6A656374735C467265656C616E636A
:1038E800696E672050726F6A656374735C6E5246C6
:1038F80035323833325F424C455F70726F6A6563A8
:10390800745C696E74656772617465645C6E524656
:10391800355F53444B5F31372E312E305F6464641A
:10392800653536305C6E5246355F53444B5F3137F0
:103938002E312E305F646464653536305C6578619D
:103948006D706C65735C4D795F70726F6A656374D6
:103958005C626C655F6170705F626C696E6B795CEC
:103968006D61696E2E63000053757279615F424C18
:10397800450000005265636569766564204C4544DE
:10398800204F4E210000000052656365697665642A
:10399800204C4544204F464621000000436F6E6E80
:1039A8006563746564000000446973636F6E6E65D7
:1039B800637465640000000053656E64206275746A
:1039C800746F6E207374617465206368616E6765D7
:1039D8002E00000054574920696E697469616C694A
:1039E8007A6174696F6E20636F6D706C657465645D
:1039F8002E2E2E004C49533220696E697469616C11
:103A0800697A6174696F6E20636F6D706C65746537
:103A1800642E2E2E00000000416363656C207465DF
:103A280073742072756E6E696E6700004C4953326C
:103A380044483132202D2057686F20616D2049207D
:103A4800636F64653A25780A00000000426C696E6D
:103A58006B79206578616D706C6520737461727420
:103A680065642E00416363656C206576656E74201D
:103A7800636F64653A20307825780A002E2E2F2E41
:103A88002E2F2E2E2F2E2E2F2E2E2F2E2E2F6D6FC9
:103A980064756C65732F6E7266782F68616C2F6E13
:103AA80072665F6770696F2E68000000453A5C4671
:103AB8007265656C616E63696E672050726F6A65C6
:103AC8006374735C467265656C616E63696E6720CA
:103AD80050726F6A656374735C6E52463532383360
:103AE800325F424C455F70726F6A6563745C696EE1
:103AF80074656772617465645C6E5246355F5344E1
:103B08004B5F31372E312E305F6464646535363053
:103B18005C6E5246355F53444B5F31372E312E3041
:103B28005F646464653536305C636F6D706F6E65B5
:103B38006E74735C626F617264735C626F617264ED
:103B4800732E63000E1E1F0C1B0C00000D0E0F10B1
:103B5800494E54315F5352433A20307825780A0051
:103B680052656164696E67733A2025640A00000033
:103B78006E72665F6472765F6770696F74655F699D
:103B88006E697420616C726561647920696E737402
:103B9800616C6C6564000000453A5C467265656C52
:103BA800616E63696E672050726F6A656374735CD7
:103BB800467265656C616E63696E672050726F6AE4
:103BC800656374735C6E524635323833325F424CEB
:103BD800455F70726F6A6563745C696E746567725D
:103BE800617465645C6E5246355F53444B5F313790
:103BF8002E312E305F646464653536305C6E524613
:103C0800355F53444B5F31372E312E305F64646427
:103C1800653536305C6578616D706C65735C4D79BF
:103C28005F70726F6A6563745C626C655F61707007
:103C38005F626C696E6B795C70636131303034300F
:103C48005C733133325C4C495332444831325C4CFA
:103C5800495332444831322E63000000010002000B
:103C680025642025642025640A0000000000000067
:103C780000000000000000000338FDD87047000075
:103C8800453A5C467265656C616E63696E67205083
:103C9800726F6A656374735C467265656C616E63A6
:103CA800696E672050726F6A656374735C6E524602
:103CB80035323833325F424C455F70726F6A6563E4
:103CC800745C696E74656772617465645C6E524693
:103CD800355F53444B5F31372E312E305F64646457
:103CE800653536305C6E5246355F53444B5F31372D
:103CF8002E312E305F646464653536305C636F6DD9
:103D0800706F6E656E74735C626C655C636F6D6D0D
:103D18006F6E5C626C655F636F6E6E5F7374617407
:103D2800652E63006E72665F626C655F67617474AE
:103D38000000000073645F626C655F6761705F64B8
:103D48006174615F6C656E6774685F7570646174D7
:103D580065282920287265717565737429206F6E2E
:103D680020636F6E6E656374696F6E203078257896
:103D78002072657475726E65642025732E000000CC
:103D8800546865207265717565737465642054584C
:103D98002F5258207061636B6574206C656E677470
:103DA8006820697320746F6F206C6F6E672062796A
:103DB8002025752F2575206F63746574732E000098
:103DC8005468652072657175657374656420636FE6
:103DD8006D62696E6174696F6E206F662054582039
:103DE800616E64205258207061636B6574206C6545
:103DF8006E6774687320697320746F6F206C6F6EC0
:103E080067206279202575206D6963726F73656319
:103E18006F6E64732E00000073645F626C655F6789
:103E2800617474635F65786368616E67655F6D74FC
:103E3800755F72657175657374282920726574756C
:103E4800726E65642025732E0000000073645F6243
:103E58006C655F67617474735F65786368616E67CA
:103E6800655F6D74755F7265706C7928292072655D
:103E78007475726E65642025732E000023D1BCEA28
:103E88005F782315DEEF121200000000636C6F6389
:103E98006B000000453A5C467265656C616E63694B
:103EA8006E672050726F6A656374735C46726565ED
:103EB8006C616E63696E672050726F6A65637473B4
:103EC8005C6E524635323833325F424C455F707211
:103ED8006F6A6563745C696E746567726174656442
:103EE8005C6E5246355F53444B5F31372E312E306E
:103EF8005F646464653536305C6E5246355F5344A2
:103F08004B5F31372E312E305F646464653536304F
:103F18005C696E746567726174696F6E5C6E7266F7
:103F2800785C6C65676163795C6E72665F647276F3
:103F38005F636C6F636B2E6300000000453A5C465C
:103F48007265656C616E63696E672050726F6A6531
:103F58006374735C467265656C616E63696E672035
:103F680050726F6A656374735C6E524635323833CB
:103F7800325F424C455F70726F6A6563745C696E4C
:103F880074656772617465645C6E5246355F53444C
:103F98004B5F31372E312E305F64646465353630BF
:103FA8005C6E5246355F53444B5F31372E312E30AD
:103FB8005F646464653536305C636F6D706F6E6521
:103FC8006E74735C647269766572735F6E72665C38
:103FD800636F6D6D6F6E5C6E72665F6472765F6341
:103FE8006F6D6D6F6E2E63002E2E2F2E2E2F2E2EA0
:103FF8002F2E2E2F2E2E2F2E2E2F6D6F64756C6563
:10400800732F6E7266782F68616C2F6E72665F67A9
:1040180070696F2E6800000074776900453A5C4645
:104028007265656C616E63696E672050726F6A6550
:104038006374735C467265656C616E63696E672054
:1040480050726F6A656374735C6E524635323833EA
:10405800325F424C455F70726F6A6563745C696E6B
:1040680074656772617465645C6E5246355F53446B
:104078004B5F31372E312E305F64646465353630DE
:104088005C6E5246355F53444B5F31372E312E30CC
:104098005F646464653536305C696E746567726147
:1040A80074696F6E5C6E7266785C6C656761637963
:1040B8005C6E72665F6472765F7477692E63000067
:1040C80000000000000000000338FDD87047000021
:1040D8002E2E2F2E2E2F2E2E2F2E2E2F2E2E2F2EF3
:1040E8002E2F696E746567726174696F6E2F6E72B8
:1040F80066782F6E7266785F676C75652E6800004B
:10410800434C4F434B000000453A5C467265656C72
:10411800616E63696E672050726F6A656374735C61
:10412800467265656C616E63696E672050726F6A6E
:10413800656374735C6E524635323833325F424C75
:10414800455F70726F6A6563745C696E74656772E7
:10415800617465645C6E5246355F53444B5F31371A
:104168002E312E305F646464653536305C6E52469D
:10417800355F53444B5F31372E312E305F646464B2
:10418800653536305C6D6F64756C65735C6E726630
:10419800785C647269766572735C7372635C6E7264
:1041A80066785F636C6F636B2E6300002E2E2F2E74
:1041B8002E2F2E2E2F2E2E2F2E2E2F2E2E2F696E97
:1041C800746567726174696F6E2F6E7266782F6E90
:1041D8007266785F676C75652E6800002E2E2F2E2C
:1041E8002E2F2E2E2F2E2E2F2E2E2F2E2E2F6D6F62
:1041F80064756C65732F6E7266782F68616C2F6EAC
:1042080072665F6770696F2E680000004750494FFB
:1042180054450000453A5C467265656C616E636999
:104228006E672050726F6A656374735C4672656569
:104238006C616E63696E672050726F6A6563747330
:104248005C6E524635323833325F424C455F70728D
:104258006F6A6563745C696E7465677261746564BE
:104268005C6E5246355F53444B5F31372E312E30EA
:104278005F646464653536305C6E5246355F53441E
:104288004B5F31372E312E305F64646465353630CC
:104298005C6D6F64756C65735C6E7266785C647275
:1042A80069766572735C7372635C6E7266785F6759
:1042B80070696F74652E630050525300453A5C462E
:1042C8007265656C616E63696E672050726F6A65AE
:1042D8006374735C467265656C616E63696E6720B2
:1042E80050726F6A656374735C6E52463532383348
:1042F800325F424C455F70726F6A6563745C696EC9
:1043080074656772617465645C6E5246355F5344C8
:104318004B5F31372E312E305F646464653536303B
:104328005C6E5246355F53444B5F31372E312E3029
:104338005F646464653536305C6D6F64756C657395
:104348005C6E7266785C647269766572735C7372AF
:10435800635C7072735C6E7266785F7072732E63E2
:10436800000000002E2E2F2E2E2F2E2E2F2E2E2F19
:104378002E2E2F2E2E2F696E746567726174696FE9
:104388006E2F6E7266782F6E7266785F676C7565D1
:104398002E6800002E2E2F2E2E2F2E2E2F2E2E2F53
:1043A8002E2E2F2E2E2F6D6F64756C65732F6E72E7
:1043B80066782F68616C2F6E72665F6770696F2E02
:1043C800680000005541525400000000453A5C4620
:1043D8007265656C616E63696E672050726F6A659D
:1043E8006374735C467265656C616E63696E6720A1
:1043F80050726F6A656374735C6E52463532383337
:10440800325F424C455F70726F6A6563745C696EB7
:1044180074656772617465645C6E5246355F5344B7
:104428004B5F31372E312E305F646464653536302A
:104438005C6E5246355F53444B5F31372E312E3018
:104448005F646464653536305C6D6F64756C657384
:104458005C6E7266785C647269766572735C73729E
:10446800635C6E7266785F756172742E630000001B
:10447800F1CE02002E2E2F2E2E2F2E2E2F2E2E2F47
:104488002E2E2F2E2E2F696E746567726174696FD8
:104498006E2F6E7266782F6E7266785F676C7565C0
:1044A8002E6800002E2E2F2E2E2F2E2E2F2E2E2F42
:1044B8002E2E2F2E2E2F6D6F64756C65732F6E72D6
:1044C80066782F68616C2F6E72665F6770696F2EF1
:1044D800680000005541525445000000453A5C46CA
:1044E8007265656C616E63696E672050726F6A658C
:1044F8006374735C467265656C616E63696E672090
:1045080050726F6A656374735C6E52463532383325
:10451800325F424C455F70726F6A6563745C696EA6
:1045280074656772617465645C6E5246355F5344A6
:104538004B5F31372E312E305F6464646535363019
:104548005C6E5246355F53444B5F31372E312E3007
:104558005F646464653536305C6D6F64756C657373
:104568005C6E7266785C647269766572735C73728D
:10457800635C6E7266785F75617274652E630000A5
:10458800B5DD02006170705F627574746F6E000053
:10459800453A5C467265656C616E63696E6720506A
:1045A800726F6A656374735C467265656C616E638D
:1045B800696E672050726F6A656374735C6E5246E9
:1045C80035323833325F424C455F70726F6A6563CB
:1045D800745C696E74656772617465645C6E52467A
:1045E800355F53444B5F31372E312E305F6464643E
:1045F800653536305C6E5246355F53444B5F313714
:104608002E312E305F646464653536305C636F6DBF
:10461800706F6E656E74735C6C69627261726965E5
:10462800735C627574746F6E5C6170705F627574D0
:10463800746F6E2E6300000010230020534F465401
:104648004445564943453A20415353455254494FEE
:104658004E204641494C454400000000534F465403
:104668004445564943453A20494E56414C49442011
:104678004D454D4F52592041434345535300000087
:10468800415353455254494F4E204641494C4544A5
:104698002061742025733A25750000004552524F59
:1046A80052202575205B25735D2061742025733A9F
:1046B80025750D0A50432061743A2030782530382A
:1046C80078000000456E64206F66206572726F7214
:1046D800207265706F727400554E4B4E4F574E20C6
:1046E8004641554C542061742030782530385800A4
:1046F8006170705F74696D6572000000453A5C46D0
:104708007265656C616E63696E672050726F6A6569
:104718006374735C467265656C616E63696E67206D
:1047280050726F6A656374735C6E52463532383303
:10473800325F424C455F70726F6A6563745C696E84
:1047480074656772617465645C6E5246355F534484
:104758004B5F31372E312E305F64646465353630F7
:104768005C6E5246355F53444B5F31372E312E30E5
:104778005F646464653536305C636F6D706F6E6559
:104788006E74735C6C69627261726965735C74697A
:104798006D65725C6170705F74696D6572322E63ED
:1047A800000000000100060000000000E0260020D4
:1047B80099E60200FFFFFFFFFFFFFFFFFFFFFFFF7C
:1047C800FFFFFFFF00000000000000000000D6010E
:1047D80006010000453A5C467265656C616E636966
:1047E8006E672050726F6A656374735C46726565A4
:1047F8006C616E63696E672050726F6A656374736B
:104808005C6E524635323833325F424C455F7072C7
:104818006F6A6563745C696E7465677261746564F8
:104828005C6E5246355F53444B5F31372E312E3024
:104838005F646464653536305C6E5246355F534458
:104848004B5F31372E312E305F6464646535363006
:104858005C636F6D706F6E656E74735C6C696272A9
:1048680061726965735C756172745C6170705F75A3
:104878006172742E63000000453A5C467265656C8F
:10488800616E63696E672050726F6A656374735CEA
:10489800467265656C616E63696E672050726F6AF7
:1048A800656374735C6E524635323833325F424CFE
:1048B800455F70726F6A6563745C696E7465677270
:1048C800617465645C6E5246355F53444B5F3137A3
:1048D8002E312E305F646464653536305C6E524626
:1048E800355F53444B5F31372E312E305F6464643B
:1048F800653536305C636F6D706F6E656E74735CB2
:104908006C69627261726965735C7574696C5C610B
:1049180070705F7574696C5F706C6174666F726DCE
:104928002E6300002E2E2F2E2E2F2E2E2F2E2E2FC2
:104938002E2E2F2E2E2F696E746567726174696F23
:104948006E2F6E7266782F6E7266785F676C75650B
:104958002E6800002E2E2F2E2E2F2E2E2F2E2E2F8D
:104968002E2E2F2E2E2F6D6F64756C65732F6E7221
:1049780066782F68616C2F6E72665F7274632E683A
:1049880000000000453A5C467265656C616E6369BB
:104998006E672050726F6A656374735C46726565F2
:1049A8006C616E63696E672050726F6A65637473B9
:1049B8005C6E524635323833325F424C455F707216
:1049C8006F6A6563745C696E746567726174656447
:1049D8005C6E5246355F53444B5F31372E312E3073
:1049E8005F646464653536305C6E5246355F5344A7
:1049F8004B5F31372E312E305F6464646535363055
:104A08005C636F6D706F6E656E74735C6C696272F7
:104A180061726965735C74696D65725C6472765FF6
:104A28007274632E6300000052544320696E7374DD
:104A3800616E636520616C726561647920696E6975
:104A48007469616C697A65642E0000005254433AB7
:104A580020696E697469616C697A65642E0000006A
:104A68005254433A20556E696E697469616C697A6B
:104A780065642E00000000000338FDD87047000070
:104A8800453A5C467265656C616E63696E67205075
:104A9800726F6A656374735C467265656C616E6398
:104AA800696E672050726F6A656374735C6E5246F4
:104AB80035323833325F424C455F70726F6A6563D6
:104AC800745C696E74656772617465645C6E524685
:104AD800355F53444B5F31372E312E305F64646449
:104AE800653536305C6E5246355F53444B5F31371F
:104AF8002E312E305F646464653536305C636F6DCB
:104B0800706F6E656E74735C6C69627261726965F0
:104B1800735C62616C6C6F635C6E72665F62616C21
:104B28006C6F632E63000000453A5C467265656CE5
:104B3800616E63696E672050726F6A656374735C37
:104B4800467265656C616E63696E672050726F6A44
:104B5800656374735C6E524635323833325F424C4B
:104B6800455F70726F6A6563745C696E74656772BD
:104B7800617465645C6E5246355F53444B5F3137F0
:104B88002E312E305F646464653536305C6E524673
:104B9800355F53444B5F31372E312E305F64646488
:104BA800653536305C65787465726E616C5C66700C
:104BB80072696E74665C6E72665F667072696E7436
:104BC800662E6300453A5C467265656C616E636982
:104BD8006E672050726F6A656374735C46726565B0
:104BE8006C616E63696E672050726F6A6563747377
:104BF8005C6E524635323833325F424C455F7072D4
:104C08006F6A6563745C696E746567726174656404
:104C18005C6E5246355F53444B5F31372E312E3030
:104C28005F646464653536305C6E5246355F534464
:104C38004B5F31372E312E305F6464646535363012
:104C48005C65787465726E616C5C667072696E74AE
:104C5800665C6E72665F667072696E74665F666FB8
:104C6800726D61742E63000030313233343536375B
:104C78003839414243444546453A5C467265656C5D
:104C8800616E63696E672050726F6A656374735CE6
:104C9800467265656C616E63696E672050726F6AF3
:104CA800656374735C6E524635323833325F424CFA
:104CB800455F70726F6A6563745C696E746567726C
:104CC800617465645C6E5246355F53444B5F31379F
:104CD8002E312E305F646464653536305C6E524622
:104CE800355F53444B5F31372E312E305F64646437
:104CF800653536305C636F6D706F6E656E74735CAE
:104D08006C69627261726965735C6D656D6F626A08
:104D18005C6E72665F6D656D6F626A2E630000007F
:104D28002E2E2F2E2E2F2E2E2F2E2E2F2E2E2F2E96
:104D38002E2F636F6D706F6E656E74732F6C696262
:104D48007261726965732F6578706572696D656ED9
:104D580074616C5F73656374696F6E5F766172739B
:104D68002F6E72665F73656374696F6E5F697465D1
:104D7800722E68002E2E2F2E2E2F2E2E2F2E2E2FF7
:104D88002E2E2F2E2E2F636F6D706F6E656E7473BF
:104D98002F6C69627261726965732F6D75746578BD
:104DA8002F6E72665F6D74782E6800007077725F80
:104DB8006D676D7400000000453A5C467265656C6D
:104DC800616E63696E672050726F6A656374735CA5
:104DD800467265656C616E63696E672050726F6AB2
:104DE800656374735C6E524635323833325F424CB9
:104DF800455F70726F6A6563745C696E746567722B
:104E0800617465645C6E5246355F53444B5F31375D
:104E18002E312E305F646464653536305C6E5246E0
:104E2800355F53444B5F31372E312E305F646464F5
:104E3800653536305C636F6D706F6E656E74735C6C
:104E48006C69627261726965735C7077725F6D67B5
:104E58006D745C6E72665F7077725F6D676D742ECD
:104E680063000000DC370300DC37030004000000A7
:104E7800453A5C467265656C616E63696E67205081
:104E8800726F6A656374735C467265656C616E63A4
:104E9800696E672050726F6A656374735C6E524600
:104EA80035323833325F424C455F70726F6A6563E2
:104EB800745C696E74656772617465645C6E524691
:104EC800355F53444B5F31372E312E305F64646455
:104ED800653536305C6E5246355F53444B5F31372B
:104EE8002E312E305F646464653536305C636F6DD7
:104EF800706F6E656E74735C6C69627261726965FD
:104F0800735C6578706572696D656E74616C5F73EA
:104F1800656374696F6E5F766172735C6E72665FEB
:104F280073656374696F6E5F697465722E630000E0
:104F3800736F72746C69737400000000453A5C46C4
:104F48007265656C616E63696E672050726F6A6521
:104F58006374735C467265656C616E63696E672025
:104F680050726F6A656374735C6E524635323833BB
:104F7800325F424C455F70726F6A6563745C696E3C
:104F880074656772617465645C6E5246355F53443C
:104F98004B5F31372E312E305F64646465353630AF
:104FA8005C6E5246355F53444B5F31372E312E309D
:104FB8005F646464653536305C636F6D706F6E6511
:104FC8006E74735C6C69627261726965735C736F2D
:104FD80072746C6973745C6E72665F736F72746CF2
:104FE8006973742E63000000556E6B6E6F776E20C8
:104FF8006572726F7220636F646500004E52465F7F
:1050080053554343455353004E52465F4552524F02
:10501800525F5356435F48414E444C45525F4D4999
:105028005353494E470000004E52465F4552524F77
:10503800525F534F46544445564943455F4E4F547B
:105048005F454E41424C4544000000004E52465FC9
:105058004552524F525F494E5445524E414C000002
:105068004E52465F4552524F525F4E4F5F4D454D2F
:10507800000000004E52465F4552524F525F4E4F5D
:10508800545F464F554E44004E52465F4552524F6C
:10509800525F4E4F545F535550504F525445440041
:1050A8004E52465F4552524F525F494E56414C4907
:1050B800445F504152414D004E52465F4552524F57
:1050C800525F494E56414C49445F53544154450040
:1050D8004E52465F4552524F525F494E56414C49D7
:1050E800445F4C454E475448000000004E52465F0E
:1050F8004552524F525F494E56414C49445F464CC7
:10510800414753004E52465F4552524F525F494EF7
:1051180056414C49445F4441544100004E52465F59
:105128004552524F525F444154415F53495A4500DA
:105138004E52465F4552524F525F54494D454F5566
:10514800540000004E52465F4552524F525F4E5532
:105158004C4C00004E52465F4552524F525F464FEC
:105168005242494444454E004E52465F4552524FC2
:10517800525F494E56414C49445F414444520000F5
:105188004E52465F4552524F525F425553590000A6
:105198004E52465F4552524F525F434F4E4E5F4309
:1051A8004F554E54000000004E52465F4552524F34
:1051B800525F5245534F5552434553004E52465F36
:1051C8004552524F525F4D4F44554C455F4E4F54D8
:1051D8005F494E495449414C495A45440000000032
:1051E8004E52465F4552524F525F4D555445585F97
:1051F800494E49545F4641494C4544004E52465F2A
:105208004552524F525F4D555445585F4C4F434B92
:105218005F4641494C4544004E52465F4552524F05
:10522800525F4D555445585F554E4C4F434B5F4662
:1052380041494C45440000004E52465F4552524F8A
:10524800525F4D555445585F434F4E445F494E4950
:10525800545F4641494C4544000000004E52465FA9
:105268004552524F525F4D4F44554C455F414C5249
:10527800454144595F494E495449414C495A45446E
:10528800000000004E52465F4552524F525F535441
:105298004F524147455F46554C4C00004E52465FC1
:1052A8004552524F525F4150495F4E4F545F494DEE
:1052B800504C454D454E5445440000004E52465F03
:1052C8004552524F525F464541545552455F4E4FE5
:1052D800545F454E41424C45440000004E52465FE3
:1052E8004552524F525F494F5F50454E44494E47D1
:1052F800000000004E52465F4552524F525F4452E2
:10530800565F5457495F4552525F4F564552525562
:105318004E0000004E52465F4552524F525F445273
:10532800565F5457495F4552525F414E41434B00C7
:105338004E52465F4552524F525F4452565F545741
:10534800495F4552525F444E41434B004E52465FBF
:105358004552524F525F424C455F495053505F523D
:10536800585F504B545F5452554E43415445440086
:105378004E52465F4552524F525F424C455F49502C
:1053880053505F4348414E4E454C5F414C52454156
:1053980044595F4558495354530000004E52465FE4
:1053A8004552524F525F424C455F495053505F4CF3
:1053B800494E4B5F444953434F4E4E454354454431
:1053C800000000004E52465F4552524F525F424C19
:1053D800455F495053505F504545525F52454A45D5
:1053E800435445440000000000000000045003003E
:1053F80001000000105003000200000030500300BC
:10540800030000005450030004000000685003002B
:10541800050000007C5003000600000090500300C7
:1054280007000000A850030008000000C050030057
:1054380009000000D85003000A000000F4500300DF
:105448000B0000000C5103000C0000002451030065
:105458000D000000385103000E0000004C510300FD
:105468000F0000005C5103001000000070510300A1
:105478001100000088510300120000009851030039
:1054880013000000B051030080000000C451030065
:1054980081000000E851030082000000045203006C
:1054A80083000000205203008400000040520300E3
:1054B8008500000064520300860000008C5203003F
:1054C80090000000A452030091000000C4520300A1
:1054D80092000000E452030000820000FC52030026
:1054E800018200001C5303000282000038530300AD
:1054F8000084000054530300018400007853030023
:1055080002840000A453030003840000CC5303006A
:10551800453A5C467265656C616E63696E672050DA
:10552800726F6A656374735C467265656C616E63FD
:10553800696E672050726F6A656374735C6E524659
:1055480035323833325F424C455F70726F6A65633B
:10555800745C696E74656772617465645C6E5246EA
:10556800355F53444B5F31372E312E305F646464AE
:10557800653536305C6E5246355F53444B5F313784
:105588002E312E305F646464653536305C636F6D30
:10559800706F6E656E74735C6C6962726172696556
:1055A800735C6C6F675C7372635C6E72665F6C6F62
:1055B800675F6261636B656E645F756172742E63A9
:1055C80000000000FFFFFFFFFFFFFFFFFFFFFFFFDF
:1055D800FFFFFFFF00000000000000000000D601F0
:1055E8000601000035100300691003005D10030078
:1055F800756172745F6C6F675F6261636B656E641F
:1056080000000000453A5C467265656C616E63692E
:105618006E672050726F6A656374735C4672656565
:105628006C616E63696E672050726F6A656374732C
:105638005C6E524635323833325F424C455F707289
:105648006F6A6563745C696E7465677261746564BA
:105658005C6E5246355F53444B5F31372E312E30E6
:105668005F646464653536305C6E5246355F53441A
:105678004B5F31372E312E305F64646465353630C8
:105688005C636F6D706F6E656E74735C6C6962726B
:1056980061726965735C6C6F675C7372635C6E7270
:1056A800665F6C6F675F64656661756C745F626185
:1056B800636B656E64732E63000000002828002069
:1056C8007F000000A828002061707000453A5C4601
:1056D8007265656C616E63696E672050726F6A658A
:1056E8006374735C467265656C616E63696E67208E
:1056F80050726F6A656374735C6E52463532383324
:10570800325F424C455F70726F6A6563745C696EA4
:1057180074656772617465645C6E5246355F5344A4
:105728004B5F31372E312E305F6464646535363017
:105738005C6E5246355F53444B5F31372E312E3005
:105748005F646464653536305C636F6D706F6E6579
:105758006E74735C6C69627261726965735C6C6F9C
:10576800675C7372635C6E72665F6C6F675F6672AC
:105778006F6E74656E642E63000000004261636B97
:10578800656E647320666C7573686564000000005C
:105798006572726F720000007761726E696E6700E1
:1057A800696E666F0000000064656275670000003E
:1057B8001B5B306D000000001B5B313B33306D001C
:1057C8001B5B313B33316D001B5B313B33326D006A
:1057D8001B5B313B33336D001B5B313B33346D0056
:1057E8001B5B313B33356D001B5B313B33366D0042
:1057F8001B5B313B33376D0025734C6F6773206437
:10580800726F70706564202825642925730D0A005D
:10581800257300003C25733E2025733A20000000C4
:105828000D0A0000202530327800000020202000DA
:105838007C00000025630000200000005465726DA4
:10584800696E616C0000000052545400534547478C
:10585800455200002E2E2F2E2E2F2E2E2F2E2E2F7D
:105868002E2E2F2E2E2F636F6D706F6E656E7473D4
:105878002F6C69627261726965732F6578706572E1
:10588800696D656E74616C5F73656374696F6E5F73
:10589800766172732F6E72665F73656374696F6E7B
:1058A8005F697465722E68006E72665F7364680063
:1058B800453A5C467265656C616E63696E67205037
:1058C800726F6A656374735C467265656C616E635A
:1058D800696E672050726F6A656374735C6E5246B6
:1058E80035323833325F424C455F70726F6A656398
:1058F800745C696E74656772617465645C6E524647
:10590800355F53444B5F31372E312E305F6464640A
:10591800653536305C6E5246355F53444B5F3137E0
:105928002E312E305F646464653536305C636F6D8C
:10593800706F6E656E74735C736F66746465766998
:1059480063655C636F6D6D6F6E5C6E72665F7364CA
:10595800682E6300010000070C3803000C380300B0
:10596800080000000C380300143803000800000089
:105978001438030024380300080000002E2E2F2EB0
:105988002E2F2E2E2F2E2E2F2E2E2F2E2E2F636FB4
:105998006D706F6E656E74732F6C69627261726977
:1059A80065732F6578706572696D656E74616C5F7B
:1059B80073656374696F6E5F766172732F6E72665A
:1059C8005F73656374696F6E5F697465722E6800D2
:1059D8006E72665F7364685F626C650073645F62B1
:1059E8006C655F6366675F736574282920726574E8
:1059F80075726E6564202573207768656E20617402
:105A080074656D7074696E6720746F207365742097
:105A1800424C455F434F4E4E5F4346475F474150B8
:105A28002E00000073645F626C655F6366675F7376
:105A3800657428292072657475726E6564202573F3
:105A4800207768656E20617474656D7074696E671F
:105A580020746F2073657420424C455F4741505F46
:105A68004346475F524F4C455F434F554E542E00B7
:105A780073645F626C655F6366675F73657428292A
:105A88002072657475726E65642025732077686569
:105A98006E20617474656D7074696E6720746F2010
:105AA80073657420424C455F434F4D4D4F4E5F43E5
:105AB80046475F56535F555549442E0073645F62ED
:105AC8006C655F6366675F73657428292072657407
:105AD80075726E6564202573207768656E20617421
:105AE80074656D7074696E6720746F2073657420B7
:105AF800424C455F47415454535F4346475F4154C6
:105B080054525F5441425F53495A452E00000000E9
:105B180073645F626C655F6366675F736574282989
:105B28002072657475726E656420257320776865C8
:105B38006E20617474656D7074696E6720746F206F
:105B480073657420424C455F47415454535F434644
:105B5800475F534552564943455F4348414E474581
:105B6800442E0000496E73756666696369656E74D4
:105B78002052414D20616C6C6F63617465642066CE
:105B88006F722074686520536F6674446576696324
:105B9800652E00004368616E676520746865205251
:105BA800414D207374617274206C6F636174696F06
:105BB8006E2066726F6D203078257820746F2030E3
:105BC8007825782E000000004D6178696D756D208C
:105BD80052414D2073697A6520666F72206170703A
:105BE8006C69636174696F6E2069732030782578F9
:105BF8002E00000073645F626C655F656E61626CA5
:105C08006528292072657475726E65642025732E67
:105C180000000000453A5C467265656C616E636918
:105C28006E672050726F6A656374735C467265654F
:105C38006C616E63696E672050726F6A6563747316
:105C48005C6E524635323833325F424C455F707273
:105C58006F6A6563745C696E7465677261746564A4
:105C68005C6E5246355F53444B5F31372E312E30D0
:105C78005F646464653536305C6E5246355F534404
:105C88004B5F31372E312E305F64646465353630B2
:105C98005C636F6D706F6E656E74735C736F667442
:105CA8006465766963655C636F6D6D6F6E5C6E725B
:105CB800665F7364685F626C652E6300DC3703009F
:105CC8000C380300080000002E2E2F2E2E2F2E2E0B
:105CD8002F2E2E2F2E2E2F2E2E2F636F6D706F6E60
:105CE800656E74732F6C69627261726965732F6572
:105CF80078706572696D656E74616C5F73656374E5
:105D0800696F6E5F766172732F6E72665F7365631B
:105D180074696F6E5F697465722E68006E72665F73
:105D28007364685F736F6300453A5C467265656CBF
:105D3800616E63696E672050726F6A656374735C25
:105D4800467265656C616E63696E672050726F6A32
:105D5800656374735C6E524635323833325F424C39
:105D6800455F70726F6A6563745C696E74656772AB
:105D7800617465645C6E5246355F53444B5F3137DE
:105D88002E312E305F646464653536305C6E524661
:105D9800355F53444B5F31372E312E305F64646476
:105DA800653536305C636F6D706F6E656E74735CED
:105DB800736F66746465766963655C636F6D6D6F38
:105DC8006E5C6E72665F7364685F736F632E6300E8
:105DD800D4370300DC37030008000000003000401F
:105DE80000010000453A5C467265656C616E636946
:105DF8006E672050726F6A656374735C467265657E
:105E08006C616E63696E672050726F6A6563747344
:105E18005C6E524635323833325F424C455F7072A1
:105E28006F6A6563745C696E7465677261746564D2
:105E38005C6E5246355F53444B5F31372E312E30FE
:105E48005F646464653536305C6E5246355F534432
:105E58004B5F31372E312E305F64646465353630E0
:105E68005C6578616D706C65735C4D795F70726F9D
:105E78006A6563745C626C655F6170705F626C69AF
:105E88006E6B795C70636131303034305C73313300
:105E9800325C5457495C5457492E63000B0000008C
:105EA80005000000FFFFFFFFFFFFFFFF00000000ED
:105EB80000E0D70130313233343536373839414292
:105EC80043444546303132333435363738396162E8
:105ED80063646566286E756C6C290000A95F030011
:105EE80020600300AC5F030053756E646179004D58
:105EF8006F6E6461790054756573646179005765E4
:105F0800646E65736461790054687572736461794D
:105F180000467269646179005361747572646179CD
:105F280000004A616E75617279004665627275613A
:105F38007279004D6172636800417072696C004D3E
:105F48006179004A756E65004A756C79004175671C
:105F58007573740053657074656D626572004F6384
:105F6800746F626572004E6F76656D62657200448B
:105F78006563656D6265720000414D00504D00001B
:105F8800256D2F25642F25790025483A254D3A257A
:105F98005300256120256220256520255420255998
:105FA800004300006537030085370300913703007D
:105FB8009D370300BD370300C93703003737030097
:105FC8000537030053756E004D6F6E0054756500FC
:105FD800576564005468750046726900536174001F
:105FE800004A616E00466562004D61720041707240
:105FF800004D6179004A756E004A756C00417567FD
:1060080000536570004F6374004E6F7600446563FB
:1060180000002E00000000001A6003001C6003004E
:106028001C6003001C6003001C6003001C6003006C
:106038001C6003001C6003001C6003001C6003005C
:10604800FFFFFFFFFFFFFFFFFFFFFFFFFFFF000056
:10605800F05E0300CC5F03002A5F0300E95F0300E2
:10606800815F0300885F0300915F03009A5F03006C
:1060780020202020202020202068282828282020B0
:106088002020202020202020202020202020202008
:1060980048101010101010101010101010101010C0
:1060A8008484848484848484848410101010101060
:1060B80010818181818181010101010101010101B9
:1060C800010101010101010101010110101010106D
:1060D800108282828282820202020202020202028A
:1060E8000202020202020202020202101010102032
:0D60F8000007032004170201085710408024
:10610800FFFFFF00FC2300201F0000001C240020CC
:106118001F0000000D000300E56A02000090D00394
:106128000000000000000000FFFFFFFFFFFFFFFF6F
:106138000000000000000000000000000000000057
:106148000010014011000400000000000020004081
:1061580000000000002000400000000000000000D7
:106168000020004000000000002000400000000067
:1061780000000000FF000000FF0000000000000019
:1061880098570300A0570300A8570300B05703000F
:10619800B8570300C0570300C8570300D05703007F
:1061A800D8570300E0570300E8570300F0570300EF
:1061B800F857030094310020983100209C310020CA
:1061C800E45E0300E45E0300E45E0300E45E0300B3
:0461D800E45E03007E
:04000003200062195E
:00000001FF
