:020000022000DC
:1070000000000420197202000172020003720200E3
:1070100005720200077202000972020000000000FF
:107020000000000000000000000000000B720200E1
:107030000D720200000000000F72020011720200C7
:10704000CDD9020013720200F5E90200FDD402005E
:107050001372020013720200EDE8020013720200C4
:107060001372020013720200137202001372020004
:1070700013720200137202001372020013720200F4
:1070800013720200712D03001372020013720200CA
:107090001372020013720200DD5903001372020022
:1070A000137202001372020013720200750B0300C8
:1070B00013720200137202000000000000000000C2
:1070C00013720200137202001372020013720200A4
:1070D0001372020013720200137202001372020094
:1070E000137202001372020013720200000000000B
:1070F0000000000013720200000000001372020082
:10710000000000000000000000000000000000007F
:10711000000000000000000000000000000000006F
:10712000000000000000000000000000000000005F
:10713000000000000000000000000000000000004F
:10714000000000000000000000000000000000003F
:10715000000000000000000000000000000000002F
:10716000000000000000000000000000000000001F
:10717000000000000000000000000000000000000F
:1071800000000000000000000000000000000000FF
:1071900000000000000000000000000000000000EF
:1071A00000000000000000000000000000000000DF
:1071B00000000000000000000000000000000000CF
:1071C00000000000000000000000000000000000BF
:1071D00000000000000000000000000000000000AF
:1071E000000000000000000000000000000000009F
:1071F000000000000000000000000000000000008F
:10720000FEE7FEE7FEE7FEE7FEE7FEE7FEE7FEE756
:10721000FEE7FEE700F002B8FFF7FCBF0F484FF0B3
:107220000701884385460E4880470E48016841F4AF
:1072300070010160BFF34F8FBFF36F8F00F01AB87A
:1072400009480A490A4A884207D0521A05D00378E9
:1072500001300B700131013AF9D170470000042070
:10726000DD99020088ED00E0A8690300E82A00200B
:10727000E82A002039493A480A1A02D007229143E5
:107280008D46384938480A1A06D00722914381F3BF
:107290000988022282F3148834483549354A00F0BF
:1072A0003EF835483549364A00F039F83548364910
:1072B000364A00F034F836483649374A00F02FF89D
:1072C00036483749374A00F02AF837483749384AAC
:1072D00000F025F837483849384A00F020F8384897
:1072E0003849002200F033F837483849002200F0CE
:1072F0002EF837483749091A0FF0DCF9364A90471B
:1073000024482549884205D00268043003B49047D8
:1073100003BCF7E700200021304A9047FEE788428F
:1073200014D0521A12D003460B43134303242342B2
:1073300006D1036804300B600431043AF9D1704778
:10734000037801300B700131013AF9D1704788425E
:1073500002D002700130FAE77047000000000420FC
:1073600000E003200000042000000420DC8803006B
:10737000E82A0020802C0020E0730200E073020065
:107380008C680300DC880300E82A0020E82A00203B
:10739000A8690300A8690300A8690300A86903009D
:1073A000A8690300A8690300A8690300A86903008D
:1073B000D9880300748A0300802C0020802C0020D0
:1073C000802C0020B43F0020B43F0020B43F0020B8
:1073D000B43F0020B45F002041720200D981020056
:1073E00076DF704700BF18467ADF704700BF184647
:1073F0007CDF704700BF18467FDF704700BF18462C
:107400008FDF704700BF1846B1DF704700BF1846D6
:1074100033DF704700BF184682B00190024B012253
:107420001A7000BF02B07047D930002082B00190BE
:10743000024B01221A7000BF02B07047D830002002
:1074400082B00190024B01221A7000BF02B0704757
:10745000DA30002082B001900B468DF80330034BE8
:1074600001221A7000BF02B0704700BFDB3000205D
:1074700000B585B006F044FF0390039B082B0AD0AB
:10748000039B0293029B002B05D0144A4FF4877193
:1074900002980AF063F8124A6B4612681146198086
:1074A0000233120C1A7003238DF801306B460D4A1B
:1074B0001946262006F094FF0190019B002B05D071
:1074C000064A4FF4907101980AF048F801212620ED
:1074D00007F002F800BF05B000BD00BFB4690300AB
:1074E000046A03005574020000B583B0034600919E
:1074F000ADF80630BDF80630009A194602480AF089
:107500002DF800BF03B000BDEFBEADDE00B587B003
:107510000AF06EFC0590059B0493049B002B05D09C
:107520001A4A4FF4A27104980AF018F8184A002178
:1075300018480AF099FC0390039B002B05D0134ACE
:107540004FF4A67103980AF009F8134A0121134871
:107550000AF08AFC0290029B002B05D00B4A40F2F5
:107560005B11029809F0FAFF0D4A01210D480AF05B
:107570007BFC0190019B002B05D0044A40F269116D
:10758000019809F0EBFF00BF07B000BDB46903002C
:107590002D740200A869030019740200AC6903008D
:1075A00041740200B069030010B586B003AB184601
:1075B0000EF0EAFE034683F00103DBB2002B0CD091
:1075C000204A214BD31ADB081B0443F002031F4956
:1075D00018460DF03FFA002331E01A4A1A4BD31A2D
:1075E000DB081B0443F00300BDF81430184AA2FB6B
:1075F0000323DB089BB21C46BDF81420144BA3FBED
:107600000213D9080B469B000B445B00D31A9BB2B4
:107610001A46049B0093134622460E490DF04AFA7F
:10762000BDF81430632B06D9BDF81430B3F5617F73
:1076300001D8012300E0002303F00103DBB2184668
:1076400006B010BD3869030000690300086A030032
:10765000CDCCCCCC286A030001231846704700002B
:1076600008B50A4B18460AF091FC094B18460AF077
:107670008DFC084B18460AF089FC002001F06EF8DA
:10768000054B03221A7000BF08BD00BF182B002055
:10769000382B0020582B0020DC30002000B583B0B0
:1076A000224B00221A70224B00221A70214B00221A
:1076B0001A70214B01221A70204B00224FF4203106
:1076C00018460AF00BFC0190019B002B05D01C4AC8
:1076D00040F2D111019809F041FF1A4B002240F20B
:1076E000666118460AF0FAFB0090009B002B05D05B
:1076F000134A4FF4EF71009809F030FFFFF754FF81
:10770000034683F00103DBB2002B0CD00E4A0F4B73
:10771000D31ADB081B0443F003030D4918460DF090
:1077200099F9FFF79DFF00BF03B000BDDB300020DB
:10773000D8300020D9300020DC300020182B002069
:10774000B4690300382B0020386903000069030086
:107750004C6A030000B583B00C4B00221A700C4B2E
:1077600002221A700B4B00224FF4203118460AF007
:10777000B5FB0190019B002B05D0074A40F2052183
:10778000019809F0EBFE00BF03B000BDDA30002025
:10779000DC300020582B0020B469030000B583B012
:1077A00005F08AF90190019B0093009B002B05D006
:1077B000054A40F21621009809F0D0FE002005F09D
:1077C000DFF900BF03B000BDB469030000B587B0A6
:1077D0009DF80030012262F303038DF800309DF81C
:1077E0000030012262F307138DF800306B460B2244
:1077F0001A491846FFF7FCFD0590059B0493049B6E
:10780000002B05D0164A40F22A21049809F0A6FE62
:1078100001AB0822002118460EF0A0FF1023ADF89E
:1078200004303C23ADF806300023ADF808304FF4A7
:10783000C873ADF80A3001AB1846FFF7D5FD0590C7
:10784000059B0393039B002B05D0054A4FF40D7154
:10785000039809F083FE00BF07B000BD6C6A030007
:10786000B469030000B583B00190044A40F241219D
:10787000019809F073FE00BF03B000BDB4690300B6
:1078800000B587B00190019B1B78002B44D10023E9
:1078900005932BE0019B1A69059B13441B7818463E
:1078A0000AF0B6FD0490049B002B19D0049B112B09
:1078B00016D01B4A1B4BD31ADB081B0443F00103F1
:1078C000049A194918460DF0D2F8049B0393039BC0
:1078D000002B05D0154A40F25F21039809F03EFEC7
:1078E000049B112BD6D0059B01330593019B9B8AEA
:1078F0001A46059B9342CDD3019B1A69019B9B8A33
:10790000013B13441B780D2B06D100BF0A200AF05F
:107910007FFD0346112BF9D000BF07B000BD00BFAB
:107920003869030000690300786A0300B469030042
:1079300000B587B000230193174B019301AB1946A3
:10794000164804F03BFD0590059B0493049B002B17
:1079500005D0134A40F27921049809F0FFFD02ABEB
:107960000422002118460EF0F9FE0E4B029302ABE2
:1079700019460D4804F05AFF0590059B0393039B9D
:10798000002B05D0064A40F28121039809F0E6FD5C
:1079900000BF07B000BD00BF65780200982C002032
:1079A000B469030081780200F02A002000B585B098
:1079B0000190019B1B78002B11D10A4B1B883B21A6
:1079C0001846FFF70DFD0390039B0293029B002BCB
:1079D00005D0054A40F29721029809F0BFFD00BF8B
:1079E00005B000BD0C2B0020B469030000B583B0C6
:1079F0000190044A40F2A221019809F0AFFD00BFB6
:107A000003B000BDB469030000B58BB001AB1C220C
:107A1000002118460EF0A2FE002301934FF4A0337C
:107A200002934FF4F023039303238DF810300023C7
:107A3000ADF8123000238DF814300B4B06930B4B2E
:107A4000079301AB184603F0A7FC0990099B089324
:107A5000089B002B05D0064A40F2B921089809F08E
:107A60007DFD00BF0BB000BDAD790200ED790200D5
:107A7000B469030000B585B0002001F063FB0390FA
:107A8000039B0293029B002B05D0124A4FF43171E5
:107A9000029809F063FD01F0DBFC0390039B019366
:107AA000019B002B05D00B4A4FF43271019809F06D
:107AB00055FDFFF7ADFC0390039B0093009B002B4B
:107AC00005D0044A4FF43371009809F047FD00BF18
:107AD00005B000BDB469030000B585B003468DF85C
:107AE00007309DF80730002B11D0032B12D1022054
:107AF00001F028FB0390039B0293029B002B0BD009
:107B0000074A40F2DE21029809F028FD04E0FFF761
:107B1000B1FF02E000BF00E000BF00BF05B000BD44
:107B2000B469030000B58DB001900091019B1B88E2
:107B3000562B00F0B580562B00F3C580522B00F079
:107B40008880522B00F3BF803B2B00F096803B2BAC
:107B500000F3B980212B4ED0212B00F3B480132BDE
:107B600063D0132B00F3AF80102B02D0112B32D037
:107B7000A9E05D4A5D4BD31ADB081B0443F0030305
:107B80005B4918460CF066FF072001F0DBFA0B900A
:107B90000B9B0593059B002B05D0564A40F2F7211D
:107BA000059809F0DBFC019B9A88534B1A80524BD5
:107BB0001B881946514804F023FC0B900B9B04933F
:107BC000049B002B00F081804A4A40F2FA2104987D
:107BD00009F0C4FC79E0444A444BD31ADB081B0487
:107BE00043F00303464918460CF034FF424B4FF66E
:107BF000FF721A8074E000238DF80C3000238DF89A
:107C00000D30019B9B8803AA11461846FFF7F8FB2D
:107C10000B900B9B0793079B002B58D0354A4FF4D2
:107C20004371079809F09AFC51E0334B1888002300
:107C300000228521FFF7E0FB0B900B9B0693069B30
:107C4000002B46D02B4A40F21231069809F086FCF0
:107C50003FE0294B1888002300220021FFF7D4FBC6
:107C60000B900B9B0993099B002B34D0214A4FF4B6
:107C70004671099809F072FC2DE0019B9B88132145
:107C80001846FFF7ADFB0B900B9B0893089B002B4E
:107C900023D0184A40F21F31089809F05FFC1CE01D
:107CA000019B9B8813211846FFF79AFB0B900B9BB7
:107CB0000A930A9B002B12D00E4A40F226310A98F2
:107CC00009F04CFC0BE000BF0AE000BF08E000BF79
:107CD00006E000BF04E000BF02E000BF00E000BF1C
:107CE00000BF0DB000BD00BF38690300006903008C
:107CF000A46A0300B46903000C2B0020982C002018
:107D0000B06A030000B587B00DF0EAFD0590059B51
:107D10000493049B002B05D0154A40F23931049896
:107D200009F01CFC0023019301AB194601200DF062
:107D30008BFE0590059B0393039B002B05D00C4AFB
:107D400040F23F31039809F009FC01AB18460DF0F1
:107D500099FF0590059B0293029B002B05D0044AD6
:107D600040F24331029809F0F9FB00BF07B000BDB3
:107D7000B469030000B583B001900091009B5A885C
:107D8000104B1B889A421AD1009B1B8840F6772221
:107D9000934214D1009B9B88033B9AB20A4B1A80F2
:107DA0000A4A0B4BD31ADB081B0443F00300064BB3
:107DB0001B881A46044B1B8806490CF068FE00BF5E
:107DC00003B000BD0C2B00200E2B002038690300EF
:107DD00000690300C06A030000B585B0114912486C
:107DE00004F015FA0390039B0293029B002B05D02D
:107DF0000E4A40F25E31029809F0B0FBF7210A48C2
:107E000004F02FFA0390039B0193019B002B05D0F4
:107E1000064A40F26131019809F0A0FB00BF05B0AD
:107E200000BD00BF757D0200842C0020B4690300F2
:107E300000B587B003468DF807309DF807300A2B50
:107E400006D00A2B36DC042B05D0072B19D031E0E5
:107E5000FFF710FE33E01B4B1B8813211846FFF77A
:107E6000BFFA0590059B082B26D0059B0393039B27
:107E7000002B21D0144A40F27631039809F06EFBB2
:107E80001AE0104B1B884FF6FF72934216D10F4831
:107E900003F009F90590059B082B0FD0059B04936F
:107EA000049B002B0AD0084A4FF46071049809F033
:107EB00055FB03E000BF02E000BF00E000BF00BFD1
:107EC00007B000BD0C2B0020B4690300A42C0020D7
:107ED00000B587B00190019B1B78022B55D0022B77
:107EE00065DC002B02D0012B58D060E0334B1B78AF
:107EF0001A46334B134418460AF052FA2F4B1B789C
:107F00000133DAB22D4B1A702C4B1B78013B2C4AF3
:107F1000D35C0A2B0DD0294B1B78013B284AD35C3C
:107F20000D2B06D0254B1B781A46264B1B889A42F0
:107F30003FD3224B1B78012B23D9204B1B78ADF864
:107F40000E30214B1B880DF10E021D491F4804F015
:107F500013FD0590059B082B10D0059B132B0DD00E
:107F6000059B052B0AD0059B0493049B002B05D091
:107F7000174A40F2AF31049809F0F0FA059B132B31
:107F8000DBD00E4B00221A7013E0019B5B68104A95
:107F900040F2B931184609F0E1FA0BE0019B5B6849
:107FA0000B4A40F2BD31184609F0D8FA02E000BF92
:107FB00000E000BF00BF07B000BD00BFDD30002003
:107FC000E03000200E2B00200C2B0020F02A002097
:107FD000B469030030B58DB0134B04AC1D460FCD12
:107FE0000FC495E8030084E80300104B00934FF49E
:107FF000807301930E4B02934FF480730393694691
:1080000004A807230B4A0AF03BF90B900B9B0A9339
:108010000A9B002B05D0084A40F2E2310A9809F089
:108020009DFA00BF0DB030BDDC6A0300D4310020E2
:10803000D4320020D17E0200B469030000B5AFB095
:1080400001ABAC22002118460EF088FB02238DF80C
:10805000043000238DF8063005238DF80730012306
:10806000ADF85030114B159301238DF8803040232B
:10807000239344F2506324930D4B2A9301AB19468A
:108080000C4802F0F3FD2D902D9B2C932C9B002B84
:1080900005D0094A40F2FD312C9809F05FFA012120
:1080A000044802F0D6FD00BF2FB000BD102B002009
:1080B000D97A0200A42C0020B469030000B587B06F
:1080C00001901749012001F057F80590059B049392
:1080D000049B002B05D0134A40F20D41049809F08F
:1080E0003DFA0DF10B031946002001F011FA05903D
:1080F000059B0393039B002B05D00A4A4FF4826132
:10810000039809F02BFA9DF80B30022B0CBF0123CA
:108110000023DAB2019B1A7000BF07B000BD00BF98
:10812000317E0200B469030000B583B04FF4804192
:1081300000200CF0C5F90190019B0093009B002BDF
:1081400005D0054A40F21B41009809F007FA0CF0EF
:108150004FF900BF03B000BDB469030000B583B0A0
:108160000BF08AFE0190019B0093009B002B05D031
:10817000044A40F22741009809F0F0F900BF03B02B
:1081800000BD00BFB469030008B50CF0CFFC034686
:1081900083F00103DBB2002B01D00BF083FE00BFA4
:1081A00008BD000000B583B00321094802F03AFE83
:1081B0000190019B0093009B002B05D0054A40F2E3
:1081C0003D41009809F0CAF900BF03B000BD00BFEF
:1081D000A42C0020B469030000B589B0FFF7FAFEB3
:1081E000FFF7A2FFFFF7DAFAFFF790F90DF113039B
:1081F0001846FFF763FFFFF7B1FFFFF783FDFFF7B7
:10820000E5FAFFF7E9FDFFF793FBFFF717FFFFF72D
:10821000FBFBFFF72DF90DF0B9FF0790079B002B33
:1082200005D0884A40F25541079809F097F98648E9
:108230000EF05CF9854A864BD31ADB081B0443F029
:108240000303844918460CF005FC804A804BD31A7E
:10825000DB081B0443F003037F4918460CF0FAFBCC
:10826000FFF7A0FF794A7A4BD31ADB081B0443F0CF
:1082700003037A4918460CF0EDFB794A01AB07CAB3
:1082800083E8070001AB18460DF04EFE0346002BB5
:108290000AD16E4A6E4BD31ADB081B0443F003036A
:1082A000704918460CF0D6FB6F4B1B78032B00F07F
:1082B000BE80032B00F3AA80022B68D0022B00F3B0
:1082C000A580002B02D0012B14D09FE0674B1B78B8
:1082D000DBB2002B00F0AD805C4A5D4BD31ADB08AB
:1082E0001B0443F00303624918460CF0B3FBFFF78D
:1082F000D5F99EE05F4B1B78DBB2002B23D05D4BA2
:1083000000221A70FFF750F9034683F00103DBB235
:10831000002B0DD04D4A4E4BD31ADB081B0443F003
:108320000303554918460CF095FBFFF799F985E0D2
:10833000464A474BD31ADB081B0443F003034F495B
:1083400018460CF087FB4E4B1B78DBB2002B72D02B
:108350004B4B00221A704B4B184609F017FE059044
:10836000059B002B05D0374A40F2BE41059809F025
:10837000F5F8364A364BD31ADB081B0443F00303E7
:10838000414918460CF066FBFFF7E4F953E03F4B18
:108390001B78DBB2002B50D03C4B00221A702B4ACA
:1083A0002B4BD31ADB081B0443F003033849184650
:1083B0000CF050FBFFF7F8F803468DF81B30FFF781
:1083C0004BF903468DF81A309DF81B30002B0FD067
:1083D0009DF81A30002B0BD01C4A1D4BD31ADB081A
:1083E0001B0443F003032B4918460CF033FB24E035
:1083F000164A174BD31ADB081B0443F00303264924
:1084000018460CF027FBFFF72BF916E00F4A104B2C
:10841000D31ADB081B0443F00103134A12781F49E7
:1084200018460CF024FB104B00221A7006E000BF27
:1084300004E000BF02E000BF00E000BFFFF7A4FEC1
:1084400032E700BFB4690300F46A0300386903002F
:1084500000690300086B03001C6B0300486B0300FA
:10846000706C03005C6B0300DC300020DB3000200C
:108470006C6B0300D9300020886B0300B06B0300E5
:10848000D8300020382B0020D86B0300DA300020D1
:10849000FC6B0300186C0300346C0300506C030089
:1084A00000B583B00190019B1B68184600F016F9D7
:1084B0000346002B04D10B494FF4F670FFF714F874
:1084C000019B1B681F2B02D84FF0A04306E0019BC5
:1084D0001B6803F01F02019B1A60034B184603B090
:1084E00000BD00BF7C6C03000003005000B585B0E8
:1084F0000190084611461A4603468DF803300B4694
:108500008DF8023013468DF8013001AB1846FFF7A5
:10851000C7FF03909DF803209DF802305B001A43CB
:108520009DF801309B001A439DF818301B0242EA67
:1085300003019DF81C301B04019A1943039B02F5AB
:10854000E07243F8221000BF05B000BD00B585B051
:1085500003900023019300230093002301220121B3
:108560000398FFF7C3FF00BF05B000BD00B585B09D
:1085700003900B468DF80B309DF80B3000220192D2
:1085800000220092002200210398FFF7AFFF00BFF6
:1085900005B000BD00B585B0019001AB1846FFF7EE
:1085A0007FFF0390019B012202FA03F3194603980F
:1085B00000F080F800BF05B000BD00B585B00190A7
:1085C00001AB1846FFF76CFF0390019B012202FAF2
:1085D00003F31946039800F077F800BF05B000BD1B
:1085E00000B585B0019001AB1846FFF759FF039025
:1085F000039BD3F804350293029BDA43019B0121CC
:1086000001FA03F31A40039BC3F80825019B0122DA
:108610009A40029B1A40039BC3F80C2500BF05B08B
:1086200000BD00B583B001900091009B002B03D1E9
:108630000198FFF7C2FF02E00198FFF7ABFF00BF10
:1086400003B000BD00B585B0019001AB1846FFF73F
:1086500027FF0390039800F01DF80246019B22FAC1
:1086600003F303F00103184605B000BD00B585B063
:10867000019001AB1846FFF713FF0390039800F039
:1086800011F80246019B22FA03F303F00103184696
:1086900005B000BD82B00190019BD3F8103518469B
:1086A00002B0704782B00190019BD3F804351846A0
:1086B00002B0704782B001900091019B009AC3F80C
:1086C000082500BF02B0704782B001900091019B65
:1086D000009AC3F80C2500BF02B0704784B0019027
:1086E000019B5B09029300230393029B002B03D0A1
:1086F000029B012B04D007E04FF0FF33039303E00C
:108700004FF6FF73039300BF019B03F01F03019318
:10871000039A019B22FA03F303F00103DBB218462C
:1087200004B0704700B585B00190019B002B03D0C9
:1087300009493A20FEF7D8FE24231846FFF796FF92
:108740000346002B14BF012300238DF80F309DF842
:108750000F30184605B000BDAC6C030000B583B007
:108760000190019B002B03D005494120FEF7BCFE80
:10877000242301211846FFF754FF00BF03B000BDBA
:10878000AC6C030000B583B00190019B002B03D0BB
:1087900005494720FEF7A8FE242300211846FFF7CD
:1087A00040FF00BF03B000BDAC6C030000B583B058
:1087B0000023019305E00198FFF7E4FF019B0133DB
:1087C0000193019B002BF6D000BF00BF03B000BD9A
:1087D00000B583B00023019305E00198FFF7BEFFC9
:1087E000019B01330193019B002BF6D000BF00BF1A
:1087F00003B000BD00B583B00190019B002B03D0F6
:1088000005495F20FEF770FE24231846FFF7E8FEB7
:1088100000BF03B000BD00BFAC6C030000B583B067
:108820000023019306E024231846FFF78FFE019BE7
:1088300001330193019B002BF5D0FFF7B7FF00BF79
:1088400003B000BD00B585B00190019B002B03D0A3
:108850000F49AC20FEF748FE26231846FFF7F2FE2C
:108860000346002B14BF012300238DF80F309DF821
:108870000F30002B14BF01230023DBB283F0010370
:10888000DBB203F00103DBB2184605B000BD00BF48
:10889000AC6C030000B583B00023019307E02623EE
:1088A00003211846FFF762FE019B01330193019BF0
:1088B000002BF4D000BF00BF03B000BD84B0019016
:1088C0004FF0FF330293002303930AE026231A4656
:1088D000019B934202D1039B029305E0039B01336A
:1088E0000393039B002BF1D0029B184604B0704702
:1088F00000B583B00190019B002B03D00349CB202E
:10890000FEF7F2FD2623184603B000BDAC6C030051
:1089100000B583B00190019B03F00103002B01D04F
:10892000FFF77CFF019B03F00203002B01D0FFF750
:10893000B1FF00BF03B000BD00B583B00190019B43
:108940001B68184600F04AF80346002B04D10B4977
:108950004FF4F670FEF7C8FD019B1B681F2B02D871
:108960004FF0A04306E0019B1B6803F01F02019B30
:108970001A60034B184603B000BD00BFF06C030043
:108980000003005000B585B001900B468DF8033010
:1089900001AB1846FFF7D0FF0390019A039B02F545
:1089A000E07253F82230019A23F44031039B02F520
:1089B000E07243F82210019A039B02F5E07253F82B
:1089C00022109DF803301B04019A1943039B02F502
:1089D000E07243F8221000BF05B000BD84B00190E2
:1089E000019B5B09029300230393029B002B03D09E
:1089F000029B012B04D007E04FF0FF33039303E009
:108A00004FF6FF73039300BF019B03F01F03019315
:108A1000039A019B22FA03F303F00103DBB2184629
:108A200004B0704700B583B00190019B002B04D1C6
:108A30000198FFF707FF034600E00023184603B044
:108A400000BD000000B587B003460A468DF8073028
:108A500013468DF8063000238DF817300023049359
:108A60009DF807301846FFF729FF0490049B002B60
:108A700062D19DF80630022B52D0022B5CDC002B19
:108A800031D0012B58D13549049A13465B00134469
:108A90000B441B788DF817303049049A13465B005D
:108AA00013440B4401331B78002B0ED02C4B2D4A62
:108AB0004FF48041184609F011FA0390039B002BF4
:108AC00003D1284A9DF8073013702449049A1346AD
:108AD0005B0013440B4402331978234A049B13446C
:108AE0000A461A7028E01E4B184609F04FFA1E4A33
:108AF000049B134419781948049A13465B001344E5
:108B0000034402331B78994215D11449049A134641
:108B10005B0013440B4402331B788DF817300AE0D6
:108B20000E49049A13465B0013440B4401331B782F
:108B30008DF8173000E000BF9DF81730002B09D0EA
:108B40000A4B1B68002B05D0084B1B689DF81720AB
:108B50001046984700BF07B000BD00BFE4330020B7
:108B6000B82B0020E7330020E8330020E03300205A
:108B700000B583B00190019B1B7802211846FFF7D6
:108B800061FF00BF03B000BD00B583B00C4B1B7884
:108B9000002B0FD00023019308E0019B022B02D091
:108BA0000198FFF7EFFD019B01330193019B002B1F
:108BB000F3D001E0FFF7FAFD00BF03B000BD00BF36
:108BC000DC3300202DE9D04F92B003468DF83F30C2
:108BD0000023119300231093BF4B1B78002B04D06C
:108BE000BD4A00231370FFF7CFFF9DF83F30172BCE
:108BF00000F37882162B80F26E82152B00F05E82D5
:108C0000152B00F36F82142B00F04E82142B00F30F
:108C10006982132B00F03E82132B00F36382122B28
:108C200000F03182122B00F35D82112B00F35A8287
:108C30000D2B80F2E0810C2B00F0D6810C2B00F381
:108C400051820B2B00F0C1810B2B00F34B820A2BBE
:108C500000F0AC810A2B00F34582092B00F09781CC
:108C6000092B00F33F82082B00F08281082B00F3D0
:108C70003982072B00F07481072B00F33382062B17
:108C800000F05E81062B00F32D82052B00F005819C
:108C9000052B00F32782042B00F0BE80042B00F389
:108CA0002182032B68D0032B00F31C82002B07D0FA
:108CB000002BC0F21782013B012B00F213820BE064
:108CC000FFF762FF854B184609F060F91190844A5E
:108CD0009DF83F30137006E20020FFF723FD0346A6
:108CE000002B0ED00020FFF74DFD9DF83F30022BEA
:108CF00003D14FF4E163109310E04FF47A631093C3
:108D00000CE00020FFF72AFD9DF83F30022B02D136
:108D1000C823109302E04FF4C8731093704A9DF873
:108D20003F3013706D4C109B0022009301924FF066
:108D300000024FF00003DDE900673946CB033146FE
:108D400043EA51433146CA0312F57A71029143F165
:108D5000000303934FF4FA624FF00003DDE90201D0
:108D60000DF0F2FB02460B46134600221946204640
:108D700009F0B4F81190B6E10020FFF7D3FC0346E8
:108D8000002B0ED00020FFF7FDFC9DF83F30032B99
:108D900003D14FF44873109310E04FF47A631093AB
:108DA0000CE00020FFF7DAFC9DF83F30032B02D1E6
:108DB000C823109302E04FF4C8731093484A9DF8FB
:108DC0003F301370454C109B0022049305924FF0E6
:108DD00000024FF00003DDE904673946CB0331465A
:108DE00043EA51433146CA0312F57A71069143F1C1
:108DF000000307934FF4FA624FF00003DDE9060128
:108E00000DF0A2FB02460B461346002219462046EF
:108E100009F064F8119066E10020FFF783FC034637
:108E2000002B06D00020FFF7ADFC4FF47A631093BF
:108E300005E00020FFF792FC4FF4C8731093284A16
:108E40009DF83F301370254C109B00220893099227
:108E50004FF000024FF00003DDE908673946CB030D
:108E6000314643EA51433146CA0312F57A710A91F9
:108E700043F100030B934FF4FA624FF00003DDE976
:108E80000A010DF061FB02460B461346002219460B
:108E9000204609F023F8119025E10020FFF742FC5D
:108EA0000346002B0DD00020FFF76CFC9DF83F30EF
:108EB000052B02D1C823109317E04FF47A63109367
:108EC00013E00020FFF74AFC9DF83F30052B09D145
:108ED000C823109309E000BFD5330020782B002071
:108EE000D43300204FF4C8731093814A9DF83F306B
:108EF0001370804C109B00229A4693464FF000025C
:108F00004FF000034FEACB3343EA5A434FEACA32E9
:108F100012F57A710C9143F100030D934FF4FA624C
:108F20004FF00003DDE90C010DF00EFB02460B468D
:108F3000134600221946204608F0D0FF1190D2E0D7
:108F40000020FFF757FC6A4A9DF83F301370694BC9
:108F5000002240F26661184608F0C0FF1190C2E09E
:108F60000020FFF7FBFB624A9DF83F301370BAE028
:108F7000614B01221A700120FFF73CFC5D4B00227F
:108F800040F26661184608F0A9FF1190ABE05A4B19
:108F900001221A700120FFF72DFC564B00224FF4DE
:108FA0000051184608F09AFF11909CE0524B0122A4
:108FB0001A700120FFF71EFC4E4B002240F2666142
:108FC000184608F08BFF11908DE04B4B01221A7070
:108FD0000120FFF70FFC474B00224FF400511846C9
:108FE00008F07CFF11907EE0FFF7F2FB404A9DF80D
:108FF0003F30137077E0414B184608F0C7FF1190DF
:109000009DF83F30C3F111031093109B002B33D018
:10901000119B002B30D1109B012B26D9374C109B74
:109020009BB21A46C82302FB03F3DA171E46174603
:109030004FF000024FF00003FB0343EA5643F203F4
:1090400012F57A7843F100094FF4FA624FF0000309
:10905000404649460DF078FA02460B461346002278
:109060001946204608F03AFF11900220FFF776FBE0
:10907000234B01221A7036E00220FFF783FB204BBE
:1090800000221A702FE0FFF77FFD194A9DF83F304C
:10909000137028E0FFF778FD0020FFF75FFB144A0C
:1090A0009DF83F3013701EE0FFF76EFD0120FFF7C3
:1090B00055FB0F4A9DF83F30137014E0FFF764FD35
:1090C0000020FFF74BFB0120FFF748FB084A9DF803
:1090D0003F30137007E0FFF77BFB054A9DF83F30F8
:1090E000137000E000BF119B184612B0BDE8D08F8E
:1090F000D4330020782B0020D5330020982B00207B
:10910000DC33002000B583B00190074B1B6803F0EF
:109110000103002B04D0054B1B781846FFF752FDC6
:1091200000BF03B000BD00BFD8330020D4330020FF
:1091300000B583B001900220FFF75CFB00BF03B0D5
:1091400000BD000000B585B003468DF80730002350
:109150000393084B1B6803F00103002B05D09DF817
:1091600007301846FFF72EFD0390039B184605B005
:1091700000BD00BFD833002000B585B0019000913C
:1091800000230393294A019B1360294A009B136023
:10919000019B03F00203002B2AD00023029308E076
:1091A00001220121029800F053F80390029B013341
:1091B0000293029B002B02D1039B002BF0D0039B58
:1091C000002B06D140F2333201211A4808F0C6F8CC
:1091D0000390039B002B02D108F048F90390039BF6
:1091E000002B05D1144A0021144808F03DFE0390DD
:1091F000019B03F00103002B14D00120FFF788FB33
:10920000039B002B05D10E4A00210E4808F02CFECE
:109210000390039B002B05D10B4A01210B4808F05A
:1092200023FE0390039B184605B000BDD8330020F1
:10923000E03300202C6D0300718B0200286D0300C9
:1092400005910200206D030031910200246D03009E
:1092500084B001900B468DF8033013468DF8023030
:1092600000230393019B002B3DD19DF80230012B7D
:109270000CD19DF80330012B05D1019BDBB20E33DD
:109280008DF8023002E000238DF802309DF80330A3
:10929000022B0FD0022B23DC002B16D0012B1FD169
:1092A0001449019A13465B0013440B449DF80220B5
:1092B0001A701AE00F49019A13465B0013440B44DD
:1092C00001339DF802201A700FE00A49019A1346F3
:1092D0005B0013440B4402339DF802201A7004E033
:1092E0000723039301E007230393039B184604B06D
:1092F000704700BFE433002000B585B001900B46F5
:109300008DF80330019B002B16D19DF80330002B04
:1093100003D003238DF80F3002E000238DF80F30C7
:109320000198FFF7E5FA02469DF80F3019461046FE
:10933000FFF728FB002300E00623184605B000BD18
:1093400000B583B0019001210198FFF7D5FF0346D6
:10935000184603B000BD00B583B0012200210020F3
:10936000FFF776FF0190019B002B04D0019B072B98
:1093700001D0019B1CE0072202210120FFF768FFBA
:109380000190019B002B04D0019B072B01D0019B76
:109390000EE0042202210020FFF75AFF0190019BFA
:1093A000002B04D0019B072B01D0019B00E0002380
:1093B000184603B000BD00B583B001220221002091
:1093C000FFF746FF0190019B002B04D0019B072B68
:1093D00001D0019B1CE0072202210120FFF738FF8A
:1093E0000190019B002B04D0019B072B01D0019B16
:1093F0000EE00A2200210020FFF72AFF0190019BC6
:10940000002B04D0019B072B01D0019B00E000231F
:10941000184603B000BD00B583B001900120FFF7EE
:1094200001FB0346002B03D0019B02221A700CE0C3
:109430000020FFF7F7FA0346002B03D0019B0B2215
:109440001A7002E0019B00221A7000BF03B000BD39
:1094500000B583B00020FFF773FF0190019B002B44
:1094600004D0019B062B01D0019B0CE00120FFF7EB
:1094700067FF0190019B002B04D0019B062B01D0BC
:10948000019B00E00023184603B000BD00B585B085
:1094900001900091019B1B88102B02D0112B18D03A
:1094A0002FE0194B1B68002B0DD1FFF754FF0390E1
:1094B000039B002B07D0154B1B68002B03D0134BCD
:1094C0001B6803989847104B1B6801330E4A1360C2
:1094D00017E00D4B1B68013B0B4A13600A4B1B68DE
:1094E000002B0DD1FFF767FF0390039B002B07D0E4
:1094F000064B1B68002B03D0044B1B68039898474E
:1095000000BF00BF05B000BDF0330020EC330020E9
:1095100000B585B00190009100230393094A019B97
:109520001360009B002B02D00098FFF774FF064BDE
:109530001B68002B02D1FFF73EFF0390039B1846E8
:1095400005B000BDEC330020F0330020BFF34F8F97
:1095500000BF064BDB6803F4E0620449044B13438D
:10956000CB60BFF34F8F00BF00BFFDE700ED00E011
:109570000400FA0582B01D4B1B6801931C4B1B684D
:109580000093019B082B2CD1009B052B25D0009B21
:10959000052B24D8009B042B1DD0009B042B1ED828
:1095A000009B032B15D0009B032B18D8009B022B8C
:1095B0000DD0009B022B12D8009B002B03D0009BE8
:1095C000012B02D00BE001230CE001230AE0012370
:1095D00008E0012306E0012304E0012302E0012367
:1095E00000E00023184602B0704700BF30010010B1
:1095F0003401001082B01D4B1B6801931C4B1B688B
:109600000093019B082B2CD1009B052B25D0009BA0
:10961000052B24D8009B042B1DD0009B042B1ED8A7
:10962000009B032B15D0009B032B18D8009B022B0B
:109630000DD0009B022B12D8009B002B03D0009B67
:10964000012B02D00BE001230CE001230AE00123EF
:1096500008E0012306E0012304E0012302E00123E6
:1096600000E00023184602B0704700BF3001001030
:109670003401001082B01D4B1B6801931C4B1B680A
:109680000093019B082B2CD1009B052B25D0009B20
:10969000052B24D8009B042B1DD0009B042B1ED827
:1096A000009B032B15D0009B032B18D8009B022B8B
:1096B0000DD0009B022B12D8009B002B03D0009BE7
:1096C000012B02D00BE001230CE000230AE0002371
:1096D00008E0002306E0002304E0002302E000236A
:1096E00000E00023184602B0704700BF30010010B0
:1096F0003401001082B01D4B1B6801931C4B1B688A
:109700000093019B082B2CD1009B052B25D0009B9F
:10971000052B24D8009B042B1DD0009B042B1ED8A6
:10972000009B032B15D0009B032B18D8009B022B0A
:109730000DD0009B022B12D8009B002B03D0009B66
:10974000012B02D00BE001230CE000230AE00023F0
:1097500008E0002306E0002304E0002302E00023E9
:1097600000E00023184602B0704700BF300100102F
:109770003401001082B01D4B1B6801931C4B1B6809
:109780000093019B082B2CD1009B052B25D0009B1F
:10979000052B24D8009B042B1DD0009B042B1ED826
:1097A000009B032B15D0009B032B18D8009B022B8A
:1097B0000DD0009B022B12D8009B002B03D0009BE6
:1097C000012B02D00BE001230CE000230AE0002370
:1097D00008E0002306E0002304E0002302E0002369
:1097E00000E00023184602B0704700BF30010010AF
:1097F0003401001082B01D4B1B6801931C4B1B6889
:109800000093019B082B2CD1009B052B25D0009B9E
:10981000052B24D8009B042B1DD0009B042B1ED8A5
:10982000009B032B15D0009B032B18D8009B022B09
:109830000DD0009B022B12D8009B002B03D0009B65
:10984000012B02D00BE001230CE000230AE00023EF
:1098500008E0002306E0002304E0002302E00023E8
:1098600000E00023184602B0704700BF300100102E
:109870003401001082B01D4B1B6801931C4B1B6808
:109880000093019B082B2CD1009B052B25D0009B1E
:10989000052B24D8009B042B1DD0009B042B1ED825
:1098A000009B032B15D0009B032B18D8009B022B89
:1098B0000DD0009B022B12D8009B002B03D0009BE5
:1098C000012B02D00BE001230CE001230AE001236D
:1098D00008E0012306E0012304E0012302E0012364
:1098E00000E00023184602B0704700BF30010010AE
:1098F0003401001082B01D4B1B6801931C4B1B6888
:109900000093019B082B2CD1009B052B25D0009B9D
:10991000052B24D8009B042B1DD0009B042B1ED8A4
:10992000009B032B15D0009B032B18D8009B022B08
:109930000DD0009B022B12D8009B002B03D0009B64
:10994000012B02D00BE000230CE000230AE00023EF
:1099500008E0002306E0012304E0012302E00123E4
:1099600000E00023184602B0704700BF300100102D
:109970003401001008B5FFF7BDFF0346002B07D0E8
:109980004FF010234FF08042D3F80832C2F8583518
:1099900000BF08BD00BF044BD3F80034002BFAD041
:1099A00000BF00BF704700BF00E0014000B583B0BA
:1099B0000190044A019BC2F80435FFF7EBFF00BF9A
:1099C00003B000BD00E00140024B034A1A6000BF33
:1099D000704700BFD82B00200090D00308B5FFF7D8
:1099E000C9FD0346002B0ED04FF080430022C3F880
:1099F0000C214FF080430022C3F810214FF0804328
:109A00000022C3F83825FFF7F5FD0346002B76D07A
:109A10004FF08053734AD3F80434C2F820354FF026
:109A20008053704AD3F80834C2F824354FF080537D
:109A30006C4AD3F80C34C2F828354FF08053694A89
:109A4000D3F81034C2F82C354FF08053654AD3F860
:109A50001434C2F830354FF08053624AD3F81834CA
:109A6000C2F834354FF080535E4AD3F81C34C2F844
:109A700040354FF080535B4AD3F82034C2F8443568
:109A80004FF08053574AD3F82434C2F848354FF08A
:109A90008053544AD3F82834C2F84C354FF08053E1
:109AA000504AD3F82C34C2F850354FF080534D4A09
:109AB000D3F83034C2F854354FF08053494AD3F8C4
:109AC0003434C2F860354FF08053464AD3F8383406
:109AD000C2F864354FF08053424AD3F83C34C2F8A0
:109AE00068354FF080533F4AD3F84034C2F86C35A4
:109AF0004FF080533B4AD3F84434C2F87035FFF737
:109B0000B9FD0346002B02D0374B384A1A60FFF7E5
:109B1000F1FD0346002B03D0354BFB22C3F818257B
:109B2000FFF728FE0346002B0AD0324B1B6823F0B8
:109B30000F02314B1B6803F00F032E4913430B60D8
:109B4000FFF758FE0346002B03D02C4B4FF4007256
:109B50001A60FFF78FFE0346002B0DD04FF08043B5
:109B6000D3F8003403F00103002B05D04FF08043FD
:109B70006FF00102C3F80024214BD3F88830204A4B
:109B800043F47003C2F88830BFF34F8F00BFBFF3B8
:109B90006F8F00BFFFF7EEFE4FF01023D3F80032B7
:109BA000002B05DB4FF01023D3F80432002B15DA1D
:109BB0000120FFF7FBFE4FF010231222C3F8002212
:109BC000FFF7E8FE4FF010231222C3F80422FFF73C
:109BD000E1FE0020FFF7EAFEFFF7B8FCFFF7F4FE16
:109BE00000BF08BD00C000408C5600404881030003
:109BF00000F00040E40E0040580200104096024081
:109C000000ED00E06DDF704700BF184679DF704758
:109C100000BF18467DDF704700BF184664DF7047FD
:109C200000BF184682B003460091ADF80630BDF87B
:109C30000630DAB2009B1A70BDF806301B0A9AB2E1
:109C4000009B0133D2B21A700223184602B070474B
:109C500000B589B0039002911346ADF80630029B1F
:109C60001B8803F10902BDF806309A4201D90C2382
:109C700053E004AB1846FFF7C5FF0790079B069318
:109C8000069B002B01D0069B47E0029B1B881A46CF
:109C9000039B134408221A70029B1B8801339AB25B
:109CA000029B1A80029B1B881A46039B13441B22AB
:109CB0001A70029B1B8801339AB2029B1A80029B86
:109CC0001B881A46039B981804AB013306221946D9
:109CD0000CF012FD029B1B8806339AB2029B1A807D
:109CE0009DF8103023F00103DBB2002B07D1029B5B
:109CF0001B881A46039B134400221A7006E0029B3D
:109D00001B881A46039B134401221A70029B1B886E
:109D100001339AB2029B1A800023184609B000BD95
:109D200000B589B0039002910192ADF80230039B17
:109D30001B78012B05D1039B5B78002B01D10723F6
:109D400091E0019B1B889A1CBDF802309A420ED804
:109D5000039B1B78012B0CD1019B1B881A46039B8C
:109D60005B7813449A1CBDF802309A4201D90C2347
:109D700079E0019B1B88BDF80220D31A9BB2023BFD
:109D8000ADF81C30BDF81C30ADF81230019B1B88BB
:109D90000233029A13440DF1120211461846FFF7DE
:109DA00039FF0690069B0593059B002B01D0059B70
:109DB00059E0039B1B78022B06D0039B5B781A4665
:109DC000BDF812309A4209D3BDF81230BDF81C20FC
:109DD0009A4203D309238DF81F3016E008238DF82B
:109DE0001F30039B1B78012B0BD1039B5B781A461A
:109DF000BDF81C30934204D3039B5B78ADF812305E
:109E000003E0BDF81C30ADF81230BDF81230FE2B67
:109E100001D90C2327E0BDF81230DAB2019B1B8870
:109E20001946029B0B440132D2B21A70019B1B8867
:109E300001339AB2019B1A80019B1B881A46029B30
:109E400013449DF81F201A70019B1B8801339AB29E
:109E5000019B1A80019B1A88BDF8123013449AB2F4
:109E6000019B1A800023184609B000BD00B589B0D7
:109E7000039002911346ADF80630029B1B881A1D11
:109E8000BDF806309A4201D90C233AE00DF11603D1
:109E90001846FFF7BBFE0790079B0693069B002B17
:109EA00001D0069B2DE0029B1B881A46039B13449E
:109EB00003221A70029B1B8801339AB2029B1A80FC
:109EC000029B1B881A46039B134419221A70029B9B
:109ED0001B8801339AB2029B1A80BDF81620029BA0
:109EE0001B881946039B0B4419461046FFF79AFE40
:109EF00003461A46029B1B8813449AB2029B1A809F
:109F00000023184609B000BD84B0029101921A46A0
:109F100003468DF80F301346ADF80C30019B1B88BB
:109F2000DA1CBDF80C309A4201D90C2328E0019BC1
:109F30001B881A46029B134402221A70019B1B883D
:109F400001339AB2019B1A80019B1B881A46029B1F
:109F5000134401221A70019B1B8801339AB2019BA2
:109F60001A80019B1B881A46029B13449DF80F2000
:109F70001A70019B1B8801339AB2019B1A8000233F
:109F8000184604B0704784B0029101921A46034605
:109F90008DF80F301346ADF80C30019B1B88DA1C8E
:109FA000BDF80C309A4201D90C2328E0019B1B8894
:109FB0001A46029B134402221A70019B1B8801332C
:109FC0009AB2019B1A80019B1B881A46029B13447C
:109FD0000A221A70019B1B8801339AB2019B1A80D6
:109FE000019B1B881A46029B13449DF80F201A7090
:109FF000019B1B8801339AB2019B1A8000231846EB
:10A0000004B0704700B58DB0039001930B468DF8F6
:10A010000B3013468DF80A3000238DF82B300E9B41
:10A020001B88ADF8283000230B9372E0039B5A681D
:10A030000B9B9B001A4404AB106818600DF11701CC
:10A0400004AB00221846FFF7E9FD0890089B079330
:10A05000079B002B01D0079B7DE09DF817309DF8F2
:10A060000A209A4252D19DF82B30002B03D00023B6
:10A070008DF82A3002E002238DF82A300E9B1B88CF
:10A080001A469DF817301A449DF82A301A44BDF834
:10A090003C309A4201DD0C235DE09DF82B3083F0CB
:10A0A0000103DBB2002B16D00E9B1B8801339AB242
:10A0B0000E9B1A800E9B1B881A46019B13449DF829
:10A0C0000B201A700E9B1B8801339AB20E9B1A80CC
:10A0D00001238DF82B300E9B1B881A46019B1A44D6
:10A0E0000DF1170104AB1846FFF798FD0890089B87
:10A0F0000693069B002B01D0069B2CE00E9B1B8831
:10A100009DF8172013449AB20E9B1A800B9B0133C3
:10A110000B93039B1B881A460B9B934286DB9DF88F
:10A120002B30002B16D00E9B1A88BDF82830D31A7E
:10A130009BB2013BADF82630BDF82630FF2B01D98C
:10A140000C2308E0BDF82830019A1344BDF82620FE
:10A15000D2B21A70002318460DB000BD00B58BB006
:10A16000059003930B468DF8133013468DF812308B
:10A170009DF81310BDF8343001930C9B0093039BA2
:10A1800002220598FFF73EFF0990099B0893089B60
:10A19000002B01D0089B14E09DF81210BDF834305C
:10A1A00001930C9B0093039B10220598FFF72AFF55
:10A1B0000990099B0793079B002B01D0079B00E0A8
:10A1C000002318460BB000BD82B00190019B1B8894
:10A1D000052B0AD9019B1B88B3F5486F07D9019B52
:10A1E0001B884FF6FF72934201D0072325E0019BA5
:10A1F0005B88052B0AD9019B5B88B3F5486F07D9AB
:10A20000019B5B884FF6FF72934201D0072314E055
:10A21000019B1B884FF6FF7293420DD0019B5B8818
:10A220004FF6FF72934207D0019B1A88019B5B880F
:10A230009A4201D9072300E00023184602B0704774
:10A2400000B587B0039002910192ADF80230019BF6
:10A250001B889A1DBDF802309A4201D90C234BE0AD
:10A260000398FFF7B1FF0590059B0493049B002B17
:10A2700001D0049B40E0019B1B881A46029B1344BB
:10A2800005221A70019B1B8801339AB2019B1A8028
:10A29000019B1B881A46029B134412221A70019BD1
:10A2A0001B8801339AB2019B1A80039B1A88019B79
:10A2B0001B881946029B0B4419461046FFF7B2FC57
:10A2C00003461A46019B1B8813449AB2019B1A80CD
:10A2D000039B5A88019B1B881946029B0B44194615
:10A2E0001046FFF79FFC03461A46019B1B88134448
:10A2F0009AB2019B1A800023184607B000BD00B532
:10A3000087B0039002910192ADF80230039B9B88C5
:10A3100002330593019B1B881A46059B13449A1C24
:10A32000BDF802309A4201D90C2353E0059BFE2B65
:10A3300001D90C234EE0059BDAB2019B1B8819461C
:10A34000029B0B440132D2B21A70019B1B8801336D
:10A350009AB2019B1A80019B1B881A46029B1344E8
:10A36000FF221A70019B1B8801339AB2019B1A804D
:10A37000039B1A88019B1B881946029B0B441946B4
:10A380001046FFF74FFC03461A46019B1B881344F7
:10A390009AB2019B1A80039B9B88002B19D0039BC8
:10A3A0009B68002B01D1072314E0019B1B881A46F0
:10A3B000029B9818039B9968039B9B881A460CF094
:10A3C0009BF9019B1A88039B9B8813449AB2019BBB
:10A3D0001A800023184607B000BD00B589B003906D
:10A3E00002910192ADF80230039B9B6A002B01D1D0
:10A3F000072371E000238DF81F3065E0039B996A05
:10A400009DF81F2013465B0013449B000B440693EA
:10A41000069B9B8802330593059BFE2B01D90C23D9
:10A420005AE0059BDAB2019B1B881946029B0B443C
:10A430000132D2B21A70019B1B8801339AB2019B80
:10A440001A80019B1B881A46029B134416221A701D
:10A45000019B1B8801339AB2019B1A80069B1A88C4
:10A46000019B1B881946029B0B4419461046FFF7B7
:10A47000D9FB03461A46019B1B8813449AB2019BE1
:10A480001A80069B9B88002B19D0069B9B68002B8B
:10A4900001D1072320E0019B1B881A46029B9818D4
:10A4A000069B9968069B9B881A460CF025F9019B30
:10A4B0001A88069B9B8813449AB2019B1A809DF8C8
:10A4C0001F3001338DF81F30039B93F82C309DF81B
:10A4D0001F209A4292D30023184609B000BD00B550
:10A4E00095B005900491039200231393039B1B885E
:10A4F000ADF84A30039B00221A80059B93F82D305B
:10A50000002B0ED0BDF84A301A4603990498FFF785
:10A510009FFB1390139B1193119B002B01D0119B58
:10A52000D8E0059B9B78002B0ED0BDF84A301A4628
:10A5300003990498FFF79AFC1390139B1093109BB8
:10A54000002B01D0109BC5E0059BDB78002B10D0C1
:10A55000059BDB7858B2BDF84A30039A0499FFF79F
:10A56000D3FC1390139B0F930F9B002B01D00F9BD9
:10A57000B0E0059B5B68002B11D0059B5B6893F9ED
:10A580000000BDF84A30039A0499FFF7FCFC1390D1
:10A59000139B0E930E9B002B01D00E9B9AE0059B04
:10A5A0001B89002B14D0059B03F10800BDF84A302D
:10A5B0000193039B0093049B06220221FFF7CEFD2B
:10A5C0001390139B0D930D9B002B01D00D9B81E0ED
:10A5D000059B1B8A002B14D0059B03F11000BDF8CE
:10A5E0004A300193039B0093049B07220321FFF74A
:10A5F000B5FD1390139B0C930C9B002B01D00C9B6F
:10A6000068E0059B1B8B002B14D0059B03F1180001
:10A61000BDF84A300193039B0093049B152214213B
:10A62000FFF79CFD1390139B0B930B9B002B01D00A
:10A630000B9B4FE0059B1B6A002B0FD0059B186AF4
:10A64000BDF84A30039A0499FFF7FAFD1390139B63
:10A650000A930A9B002B01D00A9B3BE0059B5B6A97
:10A66000002B0FD0059B586ABDF84A30039A049915
:10A67000FFF745FE1390139B0993099B002B01D014
:10A68000099B27E0059B93F82C30002B0ED0BDF8DA
:10A690004A30039A04990598FFF79FFE1390139B85
:10A6A0000893089B002B01D0089B13E0059B1B78A7
:10A6B000002B0ED0BDF84A30039A04990598FFF795
:10A6C0002FFB1390139B0793079B002B01D0079B35
:10A6D00000E0139B184615B000BD86B003900192B0
:10A6E0001A460B46ADF80A3013468DF80930039B25
:10A6F000002B02D0019B002B01D100235CE0002342
:10A70000ADF816300CE0BDF81630039A13441B78F0
:10A710001A46BDF8163013449BB20133ADF816301B
:10A72000BDF816305A1CBDF80A309A420FDA019B68
:10A730001B88BDF816209A42E5D3BDF816300133C8
:10A74000039A13441B789DF809209A42DBD1BDF887
:10A750001620BDF80A309A4201D300232CE0BDF840
:10A7600016300233ADF81230BDF81630039A134498
:10A770001B78002B08D0BDF81630039A13441B78C1
:10A78000013BADF8143002E00023ADF81430BDF801
:10A790001430002B08D0BDF81220BDF814301A4434
:10A7A000BDF80A309A4201DD002305E0019BBDF8A7
:10A7B00012201A80BDF81430184606B0704700B554
:10A7C00085B001900B46ADF8023013468DF801308C
:10A7D0000023ADF80C309DF8013003AABDF802103B
:10A7E0000198FFF77AFF0346ADF80E30BDF80E3042
:10A7F000002B01D1002304E0BDF80C301A46019B68
:10A800001344184605B000BD72DF704700BF1846FC
:10A8100073DF704700BF184674DF704700BF1846EB
:10A8200082B00190019B93F83034184602B0704713
:10A8300084B00190002303930AE0019A039B134420
:10A840001B78002B01D0012306E0039B0133039307
:10A85000039B052BF1D90023184604B07047000074
:10A8600082B003468DF807309DF807305A1C074B1D
:10A8700083FB02135910D317C91A0B469B000B44D4
:10A88000D11ACBB2184602B0704700BF6766666641
:10A8900082B001900091009BDB7B012B04D1009BD7
:10A8A0009A88019BA3F8242400BF02B0704700B52A
:10A8B00085B001900091019B002283F82E24009B1B
:10A8C0009A88019BB3F824349A4216D1019B1B79D4
:10A8D00083F00103DBB2002B0FD00121019800F0BF
:10A8E000A1FA0390039B002B07D0019B9B6B002BCD
:10A8F00003D0019B9B6B0398984700BF05B000BD38
:10A9000000B585B001900091009B1B88262B1ED1BD
:10A91000009B1B7A012B03D0009B1B7A022B17D1C3
:10A92000019B9B781846FFF79BFF03461946019849
:10A9300000F078FA0390039B002B09D0019B9B6BDE
:10A94000002B05D0019B9B6B0398984700E000BF4C
:10A9500005B000BD00B585B001900B468DF8033001
:10A96000019B03F227431846FFF762FF03468DF869
:10A970000F309DF80330042B2CD0042B30DC032B3C
:10A9800022D0032B2CDC012B02D0022B12D027E08B
:10A99000019B9B79002B0DD0019B93F8243083F011
:10A9A0000103DBB2002B05D09DF80F30002B01D046
:10A9B000012316E0019BDB79002B05D09DF80F30B9
:10A9C000002B01D002230CE0019B1B7A002B01D04D
:10A9D000032306E0019B5B7A002B01D0042300E0F7
:10A9E0000023184605B000BD82B001900091019B84
:10A9F000012283F83120019B0022C3F82024019B0F
:10AA000003F22642009B5A60009B00229A60009B42
:10AA100002221A70009B80229A810023184602B0FD
:10AA2000704782B001900091019B022283F831208F
:10AA3000019B93F82430002B03D0009B07221A704F
:10AA400002E0009B03221A70019B1B699AB2009BD3
:10AA50009A81019B0022C3F82024019B03F2264225
:10AA6000009B5A60019BDA68009B9A60002318469D
:10AA700002B0704700B583B00190019B5B79002B59
:10AA80000FD0019B93F82E3483F00103DBB2002B2F
:10AA900007D00198FFF7C4FE0346002B01D0012325
:10AAA00000E0002303F00103DBB2184603B000BD51
:10AAB00000B585B001900B468DF80330019BD3F8AB
:10AAC0001004019BB3F8143401221946FFF777FEF6
:10AAD0000390039B002B03D0039B9DF803201A7067
:10AAE000019B03F15400019B03F58261019B3C3300
:10AAF0001A46FFF789FE0346184605B000BD00B5AB
:10AB000085B001900091019B5A69009B9A60019B5E
:10AB10009B699AB2009B9A81019B93F82430002B89
:10AB200004D0019B062283F83C2003E0019B012214
:10AB300083F83C200198FFF79DFF0346002B13D0BC
:10AB4000009B02221A7504210198FFF7B1FF0390C0
:10AB5000039B0293029B002B01D0029B0FE0019B01
:10AB6000052283F8312003E0019B032283F8312082
:10AB7000019B03F58262019BC3F820240023184641
:10AB800005B000BD00B585B001900091019BDA6968
:10AB9000009B9A60019B1B6A9AB2009B9A81019B61
:10ABA00093F82430002B04D0019B062283F83C202C
:10ABB00003E0019B012283F83C200198FFF75AFF34
:10ABC0000346002B13D0009B02221A750421019822
:10ABD000FFF76EFF0390039B0293029B002B01D0B3
:10ABE000029B0FE0019B062283F8312003E0019BCA
:10ABF000042283F83120019B03F58262019BC3F894
:10AC000020240023184605B000BD82B00190019BAE
:10AC10009B78002B06D0019B93F82030002B01D0AD
:10AC2000002300E00123184602B0704784B0019071
:10AC3000019B93F82430002B03D0EE23ADF80E30A7
:10AC400002E01F23ADF80E30BDF80E30184604B0F8
:10AC5000704782B001900B468DF80330019B9DF840
:10AC6000032083F8302000BF02B0704730B587B0B2
:10AC700001900091009B002B02D0019B002B01D181
:10AC80000E23B8E0009B78331846FFF7BEFF03465B
:10AC900083F00103DBB2002B01D00723ABE0019B63
:10ACA00000229A70019A009B141D03F178050FCDC4
:10ACB0000FC40FCD0FC495E8070084E80700019B7F
:10ACC000002283F83020009BD3F8A420019B5A6314
:10ACD000009BD3F8A820019B9A63019B4FF6FF725B
:10ACE000A3F82424019B03F58262019BC3F820246E
:10ACF000019B03F226430722002118460BF02EFD8C
:10AD0000019B1B7883F00103DBB2002B03D0019B76
:10AD1000FF2283F85420019B03F15502019BC3F8E5
:10AD200010240198FFF782FF03461A46019BA3F8FF
:10AD300014240098019B03F15501019B03F2144375
:10AD40001A46FFF7CCFB0590059B0493049B002B50
:10AD500001D0049B4FE0019B03F23122019BC3F819
:10AD600018240198FFF762FF03461A46019BA3F8D7
:10AD70001C24009B03F13C00019BD3F81814019B99
:10AD800003F21C431A46FFF7AAFB0590059B0393A9
:10AD9000039B002B01D0039B2DE0019B012283F834
:10ADA0005120019B9B699AB2019BA3F84820019B0B
:10ADB000012283F83C20019B00221A64019B00229F
:10ADC00083F85020019B5A69019B5A64019B03F14F
:10ADD0005400019B3C331A460021FFF715FD0590F6
:10ADE000059B0293029B002B01D0029B03E0019B79
:10ADF00001221A70059B184607B030BD82B0019041
:10AE0000019B1B68012B07D0019B1B68022B03D001
:10AE1000019B1B68042B01D1012300E0002318468D
:10AE200002B0704700B585B001900B468DF8033035
:10AE3000019B1B7883F00103DBB2002B01D00823B8
:10AE40000AE1019B9DF803209A70019B03F22643BF
:10AE50000722002118460BF081FC019B9B79002BF7
:10AE600003D0019B9B78012B0FD0019BDB79002B3A
:10AE700003D0019B9B78012B07D0019BDB79002B32
:10AE800014D0019B9B78022B10D1019B5B6B002B94
:10AE900008D0019B012283F82D24019B5B6B0820C5
:10AEA000984703E0019B002283F82D249DF803308E
:10AEB00019460198FFF74EFD03461A46019B9A700A
:10AEC000019B5B6B002B20D0019B9B78032B03D055
:10AED000019B9B78042B18D1019B5B79002B14D02C
:10AEE000019B93F82E3483F00103DBB2002B0CD0CE
:10AEF000019B002283F83024019B012283F82F2438
:10AF0000019B5B6B0720984703E0019B002283F8BD
:10AF10002F24019B3C331822002118460BF01EFC05
:10AF2000019B012283F83C20019B2C331846FFF73C
:10AF300065FF0346002B06D0019BDB6ADAB2019B5A
:10AF400083F8512003E0019B012283F85120019BEB
:10AF500093F82430002B12D0019B28331846FFF7BA
:10AF60004DFF0346002B06D0019B9B6ADAB2019B82
:10AF700083F8522003E0019B012283F85220019BB9
:10AF8000002283F85020019B9B78042B25D0042BB2
:10AF900030DC032B19D0032B2CDC022B0DD0022B21
:10AFA00028DC002B21D0012B24D1019B3C331946F6
:10AFB0000198FFF719FD03901DE0019B3C331946F2
:10AFC0000198FFF72EFD039015E0019B3C331946D5
:10AFD0000198FFF794FD03900DE0019B3C33194667
:10AFE0000198FFF7CFFD039005E0019B002283F855
:10AFF000312000E000BF019B9B78002B20D0019BFB
:10B0000003F15400019BD3F82014019B3C331A46F2
:10B01000FFF7FAFB0390039B002B01D0039B1BE07F
:10B02000019B93F85420019B93F830301946104649
:10B03000FFF7EEFB0390039B002B01D0039B0BE07B
:10B04000019B5B6B002B06D0019B5B6B019A92F816
:10B050003120104698470023184605B000BD00B5C2
:10B0600085B001900091009B0393019B1B88262BC8
:10B0700010D0262B13DC102B02D0112B05D00EE0A4
:10B0800001990398FFF704FC0AE001990398FFF780
:10B090000EFC05E001990398FFF732FC00E000BFC9
:10B0A00000BF05B000BD00B585B00190019B93F8CD
:10B0B00054301846FFF7B0FB019B012283F82E2481
:10B0C000019B002283F83024019B002283F850204A
:10B0D00006210198FFF7ECFC0390039B0293029B6F
:10B0E000002B01D0029B12E0019B9B78194601982E
:10B0F000FFF798FE0390039B002B07D0019B9B6BEF
:10B10000002B03D0019B9B6B0398984700231846A4
:10B1100005B000BD75DF704700BF184676DF704789
:10B1200000BF18467ADF704700BF18467BDF7047C4
:10B1300000BF184684B00346ADF8063000230393E1
:10B1400016E00F49039A13469B0013449B000B44DF
:10B150001B88BDF806209A4207D1039A13469B002C
:10B1600013449B00064A134406E0039B01330393F8
:10B17000039B002BE5D00023184604B0704700BFA6
:10B180001834002082B001900B46ADF80230019BCC
:10B19000BDF802201A80019B00221A72019B05490A
:10B1A00003F10A020B4603CB1060516000BF02B0EE
:10B1B000704700BF4834002082B00190019B4FF6D9
:10B1C000FF721A8000BF02B0704788B003900291EE
:10B1D00011461A460B46ADF806301346ADF804305A
:10B1E000039B9B881A46BDF8063013440793039BC4
:10B1F0009B881946039B9B88BDF80620934228BF75
:10B2000013469BB2CB1A0693039BDB881A46BDF804
:10B21000043013440593039BDB881946039BDB88AA
:10B22000BDF80420934228BF13469BB2CB1A049367
:10B23000029B5A88039B1B889A4205D3029B5A881B
:10B24000039B5B889A4201D900231CE0029B9B88E8
:10B250001A46069B934205D8029B9B881A46079B79
:10B26000934201D200230EE0029BDB881A46049B26
:10B27000934205D8029BDB881A46059B934201D274
:10B28000002300E00123184608B0704700B583B0E2
:10B290000190054B9B69002B03D0034B9B690198E0
:10B2A000984700BF03B000BD2C34002000B585B026
:10B2B00003460091ADF80630BDF8063000991846F7
:10B2C000FFF728FF0390039B002B05D0039B112B56
:10B2D00002D00398FFF7DAFF039B002B0CBF01237A
:10B2E0000023DBB2184605B000BD000000B589B0F0
:10B2F0000190019B0793079B9BB21846FFF71AFF2B
:10B300000690069B002B42D0069B1A7A214B1B7B92
:10B310009A4215D2079B9AB2069B0A3319461046E9
:10B32000FFF7C4FF03468DF813309DF81330002B50
:10B330002DD0069B1B7A0133DAB2069B1A7226E0E7
:10B34000069B00221A72134B1B7C002B0FD0079B0D
:10B350009BB23B211846FFF7E1FE0590059B002BB1
:10B3600005D0059B082B02D00598FFF78FFF094BEE
:10B370005B69002B0BD000238DF80C30079B9BB230
:10B38000ADF80E30034B5B6903AA1046984700BF27
:10B3900009B000BD2C34002030B587B00190019B6E
:10B3A000002B01D10E2353E02B4A019B14461D466E
:10B3B0000FCD0FC495E8070084E80700264B274A05
:10B3C0001A60019B1B68002B11D0019B1B6818465B
:10B3D000FFF7A8FE0490049B002B01D0049B37E0EC
:10B3E000019B1A681D4B1068516803C308E01B4895
:10B3F000FFF79CFE0490049B002B01D0049B27E0E8
:10B400000023059320E0059A13469B0013449B00FC
:10B41000134A134403930398FFF7CEFE059B5B0189
:10B42000104A1A44039B5A60039B04330E4A0021BE
:10B43000184606F019FD0490049B002B01D003234D
:10B4400006E0059B01330593059B002BDBD0002311
:10B45000184607B030BD00BF2C340020483400200F
:10B4600018340020F8330020EDB2020000B587B098
:10B4700003460091ADF80630009B5B7A002B1AD191
:10B48000009B1B7A002B03D1164B5B68059302E0EF
:10B49000144B9B680593009B5B68BDF806200599DB
:10B4A000184606F01BFD0490049B002B16D0049850
:10B4B000FFF7ECFE12E0009B00221A72094B5B6959
:10B4C000002B0BD001238DF80C30BDF80630ADF801
:10B4D0000E30044B5B6903AA1046984700BF07B0C3
:10B4E00000BD00BF2C34002000B585B00190019B49
:10B4F000DB7B8DF80F30019B9B88ADF80C309DF8FD
:10B500000F30012B2CD14FF6FF70FFF713FE029086
:10B51000029B002B03D10420FFF7B8FE21E0BDF809
:10B520000C3019460298FFF72DFE029B03F10A002A
:10B53000019B03F110014FF6FF7340F2F312FFF786
:10B5400044FE03461A46029B5A72074BDB89002BC6
:10B5500007D1BDF80C3002991846FFF787FF00E0CD
:10B5600000BF05B000BD00BF2C34002000B587B07F
:10B570000190019B9B88ADF81630BDF81630184637
:10B58000FFF7D8FD0490049B002B0ED0049B5B6852
:10B59000184606F0FBFC0390039B002B02D0039897
:10B5A000FFF774FE0498FFF707FE00BF07B000BD69
:10B5B00000B587B00190019B06330593059B1A885F
:10B5C000194BDB899A422BD1059B5B89022B27D132
:10B5D000019B9B88ADF81230BDF812301846FFF77A
:10B5E000A9FD0390039B002B1AD0059B0C33184632
:10B5F00000F059FA0346002B06D0BDF8123003992B
:10B600001846FFF733FF0BE0039B5B68184606F014
:10B61000BDFC0290029B002B02D00298FFF736FE81
:10B6200000BF07B000BD00BF2C34002000B585B0BE
:10B630000190019B9B88ADF80E30BDF80E30184686
:10B64000FFF778FD0290029B002B15D0029B03F1BF
:10B650000A00019B03F108014FF6FF7340F2F31259
:10B66000FFF7B3FD03461A46029B5A72BDF80E302F
:10B6700002991846FFF7FAFE00BF05B000BD00B5FD
:10B6800083B001900091019B1B88502B12D0502B4E
:10B6900018DC122B12D0122B14DC102B02D0112B21
:10B6A00004D00FE00198FFF71FFF0CE00198FFF7AF
:10B6B0005DFF08E00198FFF77BFF04E00198FFF7CA
:10B6C000B5FF00E000BF00BF03B000BD30B58FB0D4
:10B6D0000190009100230293009B002B1AD00023BD
:10B6E0000D9314E06B460D99184607F07CFC034659
:10B6F000002B09D0029B5A1C02920D9A92B25B0059
:10B7000038336B4423F82C2C0D9B01330D930D9B88
:10B71000132BE7D9019B1D4602AC0FCC0FC50FCCF4
:10B720000FC594E8070085E8070001980FB030BD09
:10B7300000B583B00346ADF80630BDF80630132BD4
:10B7400001D900230CE0BDF806301946064807F081
:10B750001BFCBDF806301946044807F015FC012310
:10B76000184603B000BD00BF5834002054340020F8
:10B7700000B585B00346ADF80630002303930DE015
:10B78000039B9B00094A13440433BDF8062011466D
:10B79000184607F010FC039B01330393039B1D2BFA
:10B7A000EED900BF00BF05B000BD00BF503400207F
:10B7B00000B583B00346ADF80630BDF80630194633
:10B7C000024807F0F8FB00BF03B000BD583400206A
:10B7D00030B59BB0184B9B68DB431893164B5A68E7
:10B7E00018AB1146184607F058FC189A6B461146DC
:10B7F0001846FFF76BFF0DAC6D460FCD0FC40FCD94
:10B800000FC495E8070084E80700002319930BE0B4
:10B81000199B5B0068336B4433F8303C1846FFF7E4
:10B82000A7FF199B013319930D9B199A9A42EFD3E5
:10B8300000BF00BF1BB030BD5034002000B583B046
:10B8400001900B46ADF8023013468DF801309DF89B
:10B850000130002B06D0BDF802301946019807F0E0
:10B8600093FB05E0BDF802301946019807F0A3FBF1
:10B8700000BF03B000BD000000B585B0019000918D
:10B88000019B9B88ADF80E30019B1B881A2B2ED094
:10B890001A2B71DC192B59D0192B6DDC102B02D00F
:10B8A000112B1ED068E0FFF793FFBDF80E3018464D
:10B8B000FFF73EFF034683F00103DBB2002B05D008
:10B8C0002F4AF021042005F049FE52E0019BDB7B6A
:10B8D000022B4ED1BDF80E3019462A4807F054FB12
:10B8E00047E0BDF80E301846FFF762FF44E0019BC9
:10B8F0001B7AC3F30313DBB28DF80D309DF80D30C6
:10B90000032B8CBF01230023DAB2BDF80E30194699
:10B910001D48FFF793FF9DF80D30022B8CBF0123CC
:10B920000023DAB2BDF80E3019461848FFF786FF3B
:10B930009DF80D30012B8CBF01230023DAB2BDF836
:10B940000E3019461248FFF779FF15E0019B1B7A6C
:10B95000002B10D1019B5B7AC3F3C0038DF80C3030
:10B960009DF80C20BDF80E3019460748FFF766FF1A
:10B9700001E000BF00E000BF00BF05B000BD00BF98
:10B98000346D03005C3400206834002064340020EF
:10B990006034002000B583B00346ADF80630BDF832
:10B9A0000630132B01D9002306E0BDF806301946F6
:10B9B000034807F018FB0346184603B000BD00BF5C
:10B9C0005434002000B583B00346ADF80630BDF80E
:10B9D00006301846FFF7DEFF0346002B02D0BDF805
:10B9E000063000E01423184603B000BD00B587B050
:10B9F00003900B460192ADF80A30019B002B01D158
:10BA00000E2338E0019B00221A60039B002B01D11A
:10BA10000E2330E0039B1B68002B01D10E232AE08C
:10BA2000039BDB8803F003039BB2002B01D00723A9
:10BA300021E0BDF80A301846FFF7C4FF03468DF831
:10BA400017309DF81730142B01D1052313E0039B09
:10BA50001B799DF817209A4201D304230BE0039B26
:10BA60001B689DF817200399C98801FB02F21A444C
:10BA7000019B1A600023184607B000BD82B00190F8
:10BA8000019B1B781AB2019B01331B781BB21B026E
:10BA90001BB213431BB29BB2184602B07047AADF19
:10BAA000704700BF184600B585B001900198FFF7B8
:10BAB000E5FF0346ADF80E30BDF80E3003F001038C
:10BAC000DBB2184605B000BD82B0034600918DF888
:10BAD0000730009A137823F00F031370009A13783D
:10BAE00023F0F00313709DF80730052B51D0052B80
:10BAF0005DDC042B40D0042B59DC032B2FD0032B0F
:10BB000055DC022B1ED0022B51DC002B02D0012B66
:10BB10000BD04CE0009A137823F00F031370009AB7
:10BB2000137823F0F003137040E0009A137801219A
:10BB300061F303031370009A1378012161F3071373
:10BB4000137033E0009A1378012161F3030313703B
:10BB5000009A1378022161F30713137026E0009A0C
:10BB60001378012161F303031370009A1378032102
:10BB700061F30713137019E0009A1378022161F33F
:10BB800003031370009A1378012161F307131370F4
:10BB90000CE0009A1378022161F303031370009AFA
:10BBA0001378022161F30713137000BF00BF00BFB9
:10BBB00002B0704700B595B0034602910192ADF80E
:10BBC0000E30029B9B78002B03D101238DF81E3091
:10BBD00003E0029B9B788DF81E30029B1B88ADF81A
:10BBE0001C3006AB0322002118460AF0B7FD029B69
:10BBF0005B7C06AA11461846FFF766FF029B9A7CFB
:10BC000006AB013319461046FFF75EFF029BDA7B55
:10BC10009DF81A3062F3C3038DF81A30029B1A7C28
:10BC20009DF81A3062F304138DF81A30029B1A7BC8
:10BC30009DF81A3062F300038DF81A30029B1B7DC9
:10BC4000002B01D0022200E001229DF81A3062F39D
:10BC500042038DF81A300DAB1C22002118460AF061
:10BC60007DFD029B5B7B03F01003DBB2002B06D152
:10BC7000029B5B7B03F02003DBB2002B24D004ABE0
:10BC80000322002118460AF069FD029BDA7C04AB0E
:10BC9000013319461046FFF717FF9DF810300122B7
:10BCA00062F303038DF810309DF81030012262F327
:10BCB00007138DF810309DF81230012262F3420311
:10BCC0008DF8123004AB1293029B5B7B8DF83430FD
:10BCD000029B9B7B8DF8353008AB1422002118465F
:10BCE0000AF03CFD07AB089306AB0993029B9B88C7
:10BCF000ADF82C30029B9B68002B06D0029BDB88A2
:10BD0000ADF82830029B9B680C93029B9B69002B2B
:10BD10004FD005AB0322002118460AF01FFD029BFD
:10BD20009B691B88ADF83C30029B9B695B88ADF832
:10BD30003E30029B9B695B680E9305AB1193029B9F
:10BD40009B691B7B05AA11461846FFF7BDFE029BA7
:10BD50009B695A7B05AB013319461046FFF7B4FEC9
:10BD6000029B9B699A7A9DF8163062F3C3038DF8A3
:10BD70001630029B9B69DA7A9DF8163062F3041341
:10BD80008DF81630029B9B691A7A9DF8163062F383
:10BD900000038DF81630029B9B699B7B002B01D022
:10BDA000022200E001229DF8163062F342038DF872
:10BDB0001630029BDB69002B02D0029BDB691093DB
:10BDC00008AA0DA9BDF80E00019BFFF768FE034607
:10BDD000184615B000BD90DF704700BF1846A5DFBC
:10BDE000704700BF1846B5DF704700BF184682B0E5
:10BDF0000190019BF7221A80019B17225A80019B18
:10BE000000221A71019B00225A71019BFB229A7138
:10BE1000019B1B22DA7100BF02B0704730B589B0B8
:10BE200003460A46ADF806301346ADF80430BDF8B7
:10BE30000430ADF81430BDF80430ADF816300023EE
:10BE4000ADF818300023ADF81A3003AB00221A60A9
:10BE50009A8003AA05A9BDF806301846FFF7BBFF74
:10BE60000790079B002B39D01E4A1F4BD31ADB08C3
:10BE70001B0443F00104BDF80650079808F048F988
:10BE800003462A461949204608F001FEBDF80C3049
:10BE9000002B03D1BDF80E30002B0ED0114A124BEF
:10BEA000D31ADB081B0443F00100BDF80C301A461E
:10BEB000BDF80E300E4908F0EAFDBDF81030002B39
:10BEC0000CD0084A084BD31ADB081B0443F00103CB
:10BED000BDF810200749184608F0C9FD079B184611
:10BEE00009B030BD6069030000690300946D030070
:10BEF000E06D0300206E030010B586B00190009144
:10BF0000009B9B88ADF80E30BDF80E30DB00019A27
:10BF1000134406330593019B1A79059B9A71009B84
:10BF2000DB7B012B02D0022B05D009E0019B1A8894
:10BF3000059B1A8004E0019B5A88059B1A8000BF6C
:10BF4000059B1A88059B5B889A4226D9059B1A880F
:10BF5000BDF80E3011461846FFF741FF0490049BD0
:10BF6000002B03D1059B01225A7116E0049B112B73
:10BF700003D1059B01221A710FE0114A114BD31A0C
:10BF8000DB081B0443F00104049808F0C1F80346E1
:10BF90001A460D49204608F06AFD059B9A79059BD3
:10BFA000DB799A4208D9059B9B791A46BDF80E3079
:10BFB00011461846FFF732FF00BF06B010BD00BFA4
:10BFC0006069030000690300786E030000B583B068
:10BFD00001900091009B9B88DB00019A134406337B
:10BFE0001846FFF704FF00BF03B000BD00B587B0DF
:10BFF00001900091009B9B88ADF81630009B5B89F7
:10C00000ADF81430BDF81630DB00019A1344063346
:10C010000493049B1B88BDF81420934228BF134649
:10C020009AB2049B5A80049B5B88172B38BF172356
:10C030009AB2049B5A80019B1B69002B15D0049B6C
:10C040005B79002B11D040F67723ADF80830BDF8AE
:10C050001630ADF80A30049B5B88ADF80C30019BBC
:10C060001B6902AA114601989847049B00225A7145
:10C07000049B00221A7100BF07B000BD10B588B044
:10C0800001900091009B9B88ADF81A30009BDB88E3
:10C09000ADF81830BDF81A30DB00019A13440633AE
:10C0A0000593BDF81830172B38BF1723ADF818309B
:10C0B000059B1B88BDF81820934228BF13469AB2EF
:10C0C000059B5A80059B00221A71059B1A88BDF8B2
:10C0D0001A3011461846FFF786FE0790079B002B83
:10C0E0000FD0174A174BD31ADB081B0443F0010487
:10C0F000079808F00DF803461A461349204608F041
:10C10000B6FC059B5B79002B16D1019B1B69002BAC
:10C1100013D040F67723ADF80C30BDF81A30ADF8E7
:10C120000E30059B5B88ADF81030019B1B6903AA9C
:10C1300011460198984700E000BF08B010BD00BF4D
:10C140006069030000690300AC6E030030B591B074
:10C1500001900091009B04AC1D1D0FCD0FC40FCDAD
:10C160000FC495E8070084E80700BDF81030ADF86B
:10C170003E30BDF81420BDF83E30D1B2019ADB004C
:10C1800013440A465A73019B1B69002B15D04DF6C8
:10C190007A23ADF80830BDF83E30ADF80A30BDF86E
:10C1A0003E30019ADB0013445B7B8DF80C30019B21
:10C1B0001B6902AA11460198984700BF11B030BD13
:10C1C00000B587B001900091009B04330593059B57
:10C1D0001B88DB00019A134406330493059B9B885C
:10C1E0008DF80F30049B9B799DF80F20934228BF58
:10C1F00013468DF80E30059B1B889DF80E2092B2D9
:10C2000011461846FFF70AFE00BF07B000BD00B593
:10C2100085B001900091019B002B01D10E231DE000
:10C22000019B009A1A61019BF7221A80019BF72259
:10C230005A80019BFB221A71002303930AE0039B9F
:10C24000DB00019A134406331846FFF7D0FD039B29
:10C2500001330393039B002BF1D00023184605B054
:10C2600000BD82B001900B46ADF80230019B002B5F
:10C2700001D10E230EE0BDF80230162B03D9BDF814
:10C280000230F72B01D9072304E0019BBDF80220FF
:10C290001A800023184602B07047000010B586B01F
:10C2A00001900091009B0593019B9B88ADF8123093
:10C2B000BDF81230002B70D1019B1B88552B21D06B
:10C2C000552B2EDC3A2B18D03A2B2ADC242B1ED0EF
:10C2D000242B26DC232B1FD0232B22DC102B02D077
:10C2E000112B05D01DE001990598FFF705FE19E017
:10C2F00001990598FFF76AFE14E001990598FFF788
:10C3000075FE0FE001990598FFF7B8FE0AE0019964
:10C310000598FFF71BFF05E001990598FFF750FF0F
:10C3200000E000BFBDF81230059ADB0013449B7A91
:10C33000002B33D0BDF81230059ADB001344DA88A5
:10C34000BDF8123011461846FFF749FD0390039BD4
:10C35000002B0ED1BDF81230059ADB0013440022E9
:10C360009A72BDF81230059ADB0013440122DA728A
:10C3700014E0039B112B11D0094A0A4BD31ADB0896
:10C380001B0443F00104039807F0C2FE03461A465B
:10C390000549204608F06BFB00E000BF06B010BD69
:10C3A0006069030000690300786E0300B0DF704726
:10C3B00000BF184666DF704700BF184682B0019084
:10C3C0000091019B002B01D10E2316E0009B002B56
:10C3D00001D10E2311E0019B1B78DE2B01D1082334
:10C3E0000BE0009B1A68019B5A60019BDE221A70C9
:10C3F000019B4FF6FF725A800023184602B0704727
:10C4000082B001900B46ADF80230019B002B01D1A8
:10C410000E230AE0019B1B78DE2B01D0082304E0E9
:10C42000019BBDF802205A800023184602B07047D5
:10C4300000B585B00190019B1B7A002B18D0019BA1
:10C440005B8800211846FFF7B5FF0390039B002B84
:10C4500003D1019B00221A720AE0039B112B03D126
:10C46000019B01221A7203E0019B5B6803989847C5
:10C4700000BF05B000BD00B583B001900091009BE6
:10C480001B79012B0BD1009B1A88019B5B889A4278
:10C4900005D1019B01221A720198FFF7C9FF00BF65
:10C4A00003B000BD82B00190009100BF02B07047A0
:10C4B00000B589B001900091009B1A88019B5B88B0
:10C4C0009A4236D1009B02330793079B1B78022BBD
:10C4D00031D1079B1B7A042B07D0079B1B7A062BB5
:10C4E00003D0079B1B7A052B27D102AB00221A60D1
:10C4F0005A609A60DA6002238DF808304FF4C073F6
:10C50000ADF80C30079B1B7A052B02D10023ADF848
:10C510000C30009B1B8802AA11461846FFF746FF05
:10C520000690069B002B09D0019B5B6806989847F4
:10C5300004E000BF02E000BF00E000BF09B000BDA2
:10C5400000B585B001900091009B002B43D0019B6A
:10C55000002B40D0009B0393039B1B78DE2B3AD12A
:10C56000019B9A88039B5B889A4202D10398FFF74C
:10C570005FFF019B1B88512B18D0512B28DC112BFE
:10C580001BD0112B24DC012B02D0022B07D01FE083
:10C59000019B043319460398FFF76DFF1BE0019BD5
:10C5A000043319460398FFF77DFF14E0019B043321
:10C5B00019460398FFF77CFF0DE0019B9A88039BC7
:10C5C0005B889A4206D1039B4FF6FF725A8001E0C6
:10C5D00000BF00E000BF05B000BDA8DF704700BF8E
:10C5E0001846ADDF704700BF1846AEDF704700BF8A
:10C5F000184662DF704700BF184600B58FB0019043
:10C60000009100230393019B5869009B9B8803AA18
:10C610001946FFF7EBF90D9005AB082200211846EB
:10C620000AF09CF804AB06930223ADF81430002303
:10C63000ADF81630009B9888019B1B8905AA194606
:10C64000FFF7CFFF0D900D9B002B26D1019B9B691F
:10C65000002B22D0069B1846FFF725FA0346002B35
:10C660001BD0039B002B02D0039B01221A7007AB47
:10C670001822002118460AF071F802238DF81C30A8
:10C68000019B0893009B9B88ADF82430039B0A9381
:10C69000019B9B6907AA1046984700BF0FB000BDD9
:10C6A00000B58DB001900091009B06330B93019B68
:10C6B0005869009B9B8803AA1946FFF797F90A90CF
:10C6C00004AB1822002118460AF048F8019B059394
:10C6D000009B9B88ADF81830039B07930B9B1A882F
:10C6E000019B1B899A4225D10B9B5B89022B21D18F
:10C6F000039B002B38D00B9B0C331846FFF7D3F964
:10C700000346002B06D0039B01221A7002238DF8EA
:10C71000103005E0039B00221A7003238DF81030BF
:10C72000019B9B69002B1FD0019B9B6904AA1046AB
:10C73000984719E00B9B1A88019B9B899A4214D158
:10C74000019B9B69002B10D000238DF810300B9BB0
:10C750000C3308930B9B5B89ADF82430019B9B69DC
:10C7600004AA1046984700E000BF00BF0DB000BD0E
:10C7700000B58BB001900091019B5869009B9B888C
:10C7800002AA1946FFF732F90990099B002B1ED126
:10C79000029B1B78002B1BD0019B9B69002B17D0A1
:10C7A00003AB18220021184609F0D8FF01238DF8A9
:10C7B0000C30019B0493009B9B88ADF81430029BC6
:10C7C0000693019B9B6903AA1046984700E000BFAF
:10C7D0000BB000BD00B585B001900091009B002B0F
:10C7E0001ED0019B002B1BD0009B0393019B1B8839
:10C7F000572B10D0572B15DC102B02D0502B05D007
:10C8000010E001990398FFF7F8FE0CE001990398F6
:10C81000FFF746FF07E001990398FFF7A9FF02E041
:10C8200000BF00E000BF05B000BD000010B592B031
:10C83000019000914F4B0AAC0FCB84E80F00019B95
:10C84000002B01D10E2391E0009B002B01D10E2380
:10C850008CE0009B1A68019B9A61019A0AAB114611
:10C860001846FFF7C6FE1190119B1093109B002BEA
:10C8700001D0109B7AE0019B1B788DF83A300123A0
:10C88000ADF83830019B9A1C0EAB19460120FFF71A
:10C89000A4FE1190119B0F930F9B002B01D00F9BB7
:10C8A00064E002AB20220021184609F057FF022362
:10C8B000ADF80830019B1B788DF80A30F423ADF8F1
:10C8C0000C300123ADF80E3001238DF814309DF8A3
:10C8D000153043F008038DF815309DF8153043F0FE
:10C8E00004038DF8153001238DF8193001238DF8DC
:10C8F0001A30019B5888019B03F10C0202AB1946C8
:10C90000FFF758F91190119B002B01D0119B2DE0DE
:10C9100002AB20220021184609F020FF0323ADF8C6
:10C920000830019B1B788DF80A30F423ADF80C30E9
:10C930000123ADF80E3001238DF814309DF8153029
:10C9400043F010038DF8153001238DF819300123C1
:10C950008DF81A3001238DF81B30019B5888019BFC
:10C960001A1D02AB1946FFF725F90346184612B007
:10C9700010BD00BFE46E030000B58DB003900291BE
:10C980000192ADF80230039B002B01D10E2342E04F
:10C99000039B5B6905AABDF802101846FFF726F84D
:10C9A0000B900B9B0A930A9B002B01D00A9B32E051
:10C9B000BDF802304FF6FF72934202D0059B002B68
:10C9C00001D1052327E0059B1B7883F00103DBB22F
:10C9D000002B01D008231EE0019B1B88F42B01D9FA
:10C9E000072318E006AB10220021184609F0B6FE16
:10C9F000039B9B88ADF81830029B0993019B089319
:10CA000001238DF81A3006AABDF8023011461846E7
:10CA1000FFF7EBFD034618460DB000BD82B003469C
:10CA20008DF807309DF90730002B13DB9DF8073098
:10CA300003F01F0209499DF907305B09012000FA44
:10CA400002F2203341F82320BFF34F8F00BFBFF322
:10CA50006F8F00BF00BF02B0704700BF00E100E071
:10CA6000044BD3F80034002B14BF01230023DBB2A6
:10CA7000184670470000014008B508F083FF0346E0
:10CA800083F00103DBB2002B03D109497B20FAF7C5
:10CA90002BFDFFF7E5FF034683F00103DBB2002B1C
:10CAA00004D000F073FF034B00229A7000BF08BD52
:10CAB000FC6E0300CC34002000B583B0002301934A
:10CAC000174B1B78002B02D0852301931CE0144BDD
:10CAD00000229A60124B00225A60114B00221A6108
:10CAE0000F4B0022DA600F4800F0FEFE019008F0C4
:10CAF00049FF034683F00103DBB2002B01D000F0B5
:10CB000017FF074B01221A70FFF7AAFF0346002BFD
:10CB100002D0034B01229A70019B184603B000BD5E
:10CB2000CC340020E9CC020084B001900091019B3C
:10CB30001B68039306E0039A009B9A420DD0039B67
:10CB40001B680393039B002BF5D1019B1A68009B84
:10CB50001A60019B009A1A6000E000BF04B07047A1
:10CB600084B00190019B1B680393039B002B03D0AF
:10CB7000039B1A68019B1A60039B184604B0704718
:10CB800000B585B00190294B1B78002B03D12849B3
:10CB9000F620FAF7A9FC254B9B78DBB2002B19D0C5
:10CBA000019B002B03D0019B5B6801209847002369
:10CBB0008DF80F300DF10F03184605F0C9FC1B4B23
:10CBC000DB680133194AD3609DF80F30184605F031
:10CBD000D3FC1EE000238DF80E300DF10E03184635
:10CBE00005F0B6FC019B002B03D001991148FFF71B
:10CBF0009BFF0E4BDB68002B01D100F0ADFE0B4B11
:10CC0000DB680133094AD3609DF80E30184605F001
:10CC1000B3FC064BDB68002B04D105494FF4897047
:10CC2000FAF762FC00BF05B000BD00BFCC340020A5
:10CC3000FC6E0300DC34002000B583B0164B1B787B
:10CC4000002B04D1154940F21710FAF74DFC124B96
:10CC5000DB68002B04D111494FF48C70FAF744FCC7
:10CC600000238DF807300DF10703184605F070FC1E
:10CC7000094BDB68013B084AD360074BDB68002B9C
:10CC800001D1FFF7F9FE9DF80730184605F074FC56
:10CC900000BF03B000BD00BFCC340020FC6E030019
:10CCA00000B585B003468DF807309DF80730002B9E
:10CCB00002D10B4B039301E00A4B03930398FFF758
:10CCC0004FFF0290029B002B06D0029B5B689DF8F1
:10CCD000072010469847F1E700BF00BF05B000BD30
:10CCE000D4340020DC34002000B583B003468DF836
:10CCF00007309DF80730002B05D1094B01225A70EF
:10CD00000020FFF7CDFF9DF80730012B05D1044B24
:10CD100001229A700120FFF7C3FF00BF03B000BDDE
:10CD2000CC34002000B583B001900091019B002B12
:10CD300005D1044B01225A700020FFF7B1FF00BF5C
:10CD400003B000BDCC34002000B585B0034600918F
:10CD50008DF807309DF80730032B29D0032B35DCE5
:10CD6000002B02D0012B04D030E00020FFF756FE4C
:10CD70002DE000238DF80F300DF10F03184605F05C
:10CD8000E7FB144B1B7883F00103DBB2002B01D0CF
:10CD9000FFF792FE0F4BDB6801330E4AD3600D4B59
:10CDA00001229A709DF80F30184605F0E5FB0EE061
:10CDB000084B1B78002B04D1074940F25220FAF7A8
:10CDC00093FB00F0B5FDFFF737FF00E000BF00BFA9
:10CDD00005B000BDCC340020FC6E0300054B1B7871
:10CDE000002B04D1034B01221A70002300E085239D
:10CDF00018467047E034002000B585B00190019BD3
:10CE0000002B0AD0064B43F001030393019B9B01C7
:10CE10000293039B0298984700E000BF05B000BD55
:10CE2000D06F030082B001900B468DF803309DF85F
:10CE30000330019A134401221A6000BF02B0704708
:10CE400084B001900B46ADF80230BDF80230019A73
:10CE5000134400221A60BDF80230019A13441B6883
:10CE60000393039B00BF04B0704782B001900B4650
:10CE7000ADF80230BDF80230019A13441B68002B54
:10CE800014BF01230023DBB2184602B0704782B002
:10CE900001900091019B009AC3F8042300BF02B0E7
:10CEA000704782B001900091019B009AC3F808235B
:10CEB00000BF02B0704782B00190019B0622C3F808
:10CEC000002500BF02B0704784B003900291019228
:10CED000039B029AC3F80825039B019AC3F80C250B
:10CEE00000BF04B0704782B001900091019B009A8E
:10CEF000C3F8242500BF02B0704784B00190019BA5
:10CF0000D3F8C4340393019B039AC3F8C424039B4E
:10CF1000184604B0704782B001900091019B009ABE
:10CF2000C3F8002200BF02B0704782B00190019B9D
:10CF3000D3F84C35184602B0704782B00190019B7F
:10CF4000D3F83C35184602B0704784B00190019B7D
:10CF50001B0B8DF80F309DF90F30184604B0704749
:10CF600000B583B00190019B1B68184600F074F86F
:10CF70000346002B04D10B494FF4F670FAF7B4FACC
:10CF8000019B1B681F2B02D84FF0A04306E0019BBA
:10CF90001B6803F01F02019B1A60034B184603B085
:10CFA00000BD00BF4C6F03000003005000B585B00A
:10CFB000019001AB1846FFF7D3FF0390019B0122BC
:10CFC00002FA03F31946039800F032F800BF05B0E7
:10CFD00000BD00B585B0019001AB1846FFF7C0FF5A
:10CFE0000390019B012202FA03F31946039800F013
:10CFF00029F800BF05B000BD00B585B0019001ABB8
:10D000001846FFF7ADFF0390039800F009F80246B9
:10D01000019B22FA03F303F00103184605B000BD9B
:10D0200082B00190019BD3F81035184602B07047CA
:10D0300082B001900091019B009AC3F8082500BFBF
:10D0400002B0704782B001900091019B009AC3F832
:10D050000C2500BF02B0704784B00190019B5B09B2
:10D06000029300230393029B002B03D0029B012B0E
:10D0700004D007E04FF0FF33039303E04FF6FF7354
:10D08000039300BF019B03F01F030193039A019BCD
:10D0900022FA03F303F00103DBB2184604B0704731
:10D0A00000B585B001904FF0A042019B1B6803F5CD
:10D0B000E07340F20C6142F823104FF0A042019B54
:10D0C0005B6803F5E07340F20C6142F82310019BAA
:10D0D0001B681846FFF76AFF019B5B681846FFF75D
:10D0E00065FF4FF0A042019B1B6803F5E07340F21F
:10D0F0000D6142F823104FF0A042019B5B6803F5DD
:10D10000E07340F20D6142F823100420FFF774FE33
:10D11000002303931EE0019B5B681846FFF76CFF3A
:10D120000346002B03D0039B002B17D124E0019B67
:10D130001B681846FFF74DFF0420FFF75DFE019BBB
:10D140001B681846FFF732FF0420FFF755FE039BCC
:10D1500001330393039B082BDDDD00E000BF019B3F
:10D160005B681846FFF735FF0420FFF745FE019B7B
:10D170005B681846FFF71AFF05B000BD00B589B01F
:10D180000390029101920093029B002B03D13F492F
:10D19000F520FAF7A9F9029B1A68029B5B689A428C
:10D1A00003D13A49F620FAF79FF9039B1B791A46F7
:10D1B00013469B001344DB00354A13440793079B37
:10D1C00093F82230002B03D008230593059B59E0E8
:10D1D000079B019A1A60079B009A5A60079B0022DE
:10D1E0009A60079B002283F82520079B002283F882
:10D1F0002420029B9A7B079B83F82720029B5B7B62
:10D20000002B02D00298FFF74BFF4FF0A042029B89
:10D210001B6803F5E07340F20C6142F823104FF0F5
:10D22000A042029B5B6803F5E07340F20C6142F898
:10D230002310039B1B680693029B1968029B5B6883
:10D240001A460698FFF740FE029B9B68194606980F
:10D25000FFF749FE079B1B68002B0CD0039B1B6844
:10D260001846FFF772FE03461A46029B1B7B1946BF
:10D27000104603F015F9079B012283F822200023B2
:10D280000593059B184609B000BD00BF806F0300E1
:10D29000E434002000B585B00190019B1B791A464B
:10D2A00013469B001344DB000C4A13440393039B77
:10D2B00093F82230012B04D0094940F27710FAF795
:10D2C00013F9019B1B6802930298FFF7F4FD039B7F
:10D2D000022283F8222000BF05B000BDE434002004
:10D2E000806F030000B589B001900091009B1B681E
:10D2F000002B04D1804940F23240FAF7F5F84FF4A0
:10D3000092710198FFF7B1FD0346002B27D04FF42F
:10D3100092710198FFF794FD4FF482710198FFF725
:10D32000A4FD034683F00103DBB2002B17D0009B62
:10D330009B6819460198FFF7B4FD009B02229A6092
:10D34000009B9B6819460198FFF7A1FD20210198D9
:10D35000FFF768FD14210198FFF764FDCAE04FF460
:10D3600082710198FFF781FD0346002B55D04FF4E1
:10D3700082710198FFF764FD009A04AB0C3207CA72
:10D3800083E80700009B93F82330002B21D0009BFB
:10D390001B7B012B05D10198FFF7CFFD0346DBB2C4
:10D3A00004E00198FFF7C1FD0346DBB28DF81230AF
:10D3B000009B1B7B022B05D10198FFF7BEFD0346A6
:10D3C000DBB204E00198FFF7B0FD0346DBB28DF855
:10D3D00013304FF4B0710198FFF732FD4FF4AE7186
:10D3E0000198FFF72DFD009B93F8253083F0010392
:10D3F000DBB2002B04D1009B93F82330002B4DD0DF
:10D4000000210198FFF787FD009B00229A604FF0F2
:10D41000FF310198FFF745FD40E04FF4A4710198FA
:10D42000FFF70EFD009B1B7B002B1AD1009A04AB6B
:10D430000C3207CA83E80700009B93F8253083F07D
:10D440000103DBB2002B29D000210198FFF763FD17
:10D45000009B00229A604FF0FF310198FFF721FDF9
:10D460001CE04FF400710198FFF755FD009B40F25E
:10D4700002229A604FF0FF310198FFF712FD009BE6
:10D480009B6819460198FFF702FD08210198FFF7F4
:10D49000C9FC20210198FFF7C5FC2BE00198FFF79C
:10D4A0002CFD0790079B03F00203002B03D0012300
:10D4B0008DF80C300BE0079B03F00403002B03D026
:10D4C00002238DF80C3002E000238DF80C30009B15
:10D4D00093F8253083F00103DBB2002B03D0009BCF
:10D4E000002283F82420009B1B68009A516803AA3D
:10D4F0001046984709B000BD806F030008B5034986
:10D500000348FFF7EFFE00BF08BD00BFE434002072
:10D510000030004000B589B001900091009B079356
:10D52000019B1B788DF80C30019B5B680493019B79
:10D530009B68DBB28DF81430019BDB680693074AC9
:10D54000079B52F823300649079A51F8221003AA84
:10D550001046984700BF09B000BD00BF0C35002041
:10D560001435002000B589B001900091009B07930D
:10D57000019B1B788DF80C30019B5B680493019B29
:10D580009B68DBB28DF81430019BDB680693074A79
:10D59000079B52F823300649079A51F8221003AA34
:10D5A0001046984700BF09B000BD00BF0C350020F1
:10D5B0001435002030B58FB0039002910192039B87
:10D5C0001B780C932C490C9B019A41F82320029B59
:10D5D0001A692A490C9B41F823200C9B012B07D187
:10D5E000029B5B7F002B03D125497620F9F77CFF56
:10D5F000029B5B7F1946234A0C9B13440A461A7010
:10D60000029B04AC1D460FCD0FC495E80F0084E8C3
:10D610000F000C9B089300230D93039B1B781A4665
:10D62000184B9B5C002B0DD0039B181D019B002BFE
:10D6300001D0154A00E0002204AB194602F078FB45
:10D640000D9014E0039B1B781A460E4B9B5C002B3D
:10D650000DD1039B03F10C00019B002B01D00B4A61
:10D6600000E0002204AB194601F0BEFC0D900D9BBA
:10D6700018460FB030BD00BF0C3500201435002017
:10D68000D86F03001C35002015D5020065D50200B7
:10D6900082B003468DF807309DF90730002B0CDB74
:10D6A0009DF8073003F01F0205499DF907305B091B
:10D6B000012000FA02F241F8232000BF02B07047B7
:10D6C00000E100E082B0034600918DF807309DF93B
:10D6D0000730002B0ADB009BDAB20C499DF90730BA
:10D6E0005201D2B20B4483F800230BE0009BDAB264
:10D6F00007499DF8073003F00F03043B5201D2B2F3
:10D700000B441A7600BF02B0704700BF00E100E092
:10D7100000ED00E082B00190019B1B0B5BB218464C
:10D7200002B0704700B583B003460A468DF8073053
:10D7300013468DF806309DF80630012B03D99DF86D
:10D740000630032B0BD99DF80630042B03D99DF826
:10D750000630072B03D907496B20F9F7C5FE9DF862
:10D7600006209DF9073011461846FFF7ABFF00BFB2
:10D7700003B000BD2870030000B583B003468DF8E8
:10D7800007309DF907301846FFF782FF00BF03B04E
:10D7900000BD000082B003468DF807300E4A9DF9A7
:10D7A0000730002B00DA1F335B115BB252F82320E5
:10D7B0009DF90730594203F01F0301F01F0158BFC4
:10D7C0004B425BB222FA03F303F00103C3F30003FD
:10D7D000DBB2184602B0704700E100E082B0019071
:10D7E0004FF08042019BC2F8043300BF02B0704783
:10D7F00082B001904FF08042019BC2F8083300BF15
:10D8000002B0704782B003468DF807309DF80730AC
:10D8100003F1804301221A6000BF02B0704784B058
:10D820000346ADF80630BDF8063003F18043002210
:10D830001A60BDF8063003F180431B680393039B15
:10D8400000BF04B0704782B00346ADF80630BDF8A3
:10D85000063003F180431B68002B14BF0123002313
:10D86000DBB2184602B0704782B001904FF08042A0
:10D87000019BC2F8183500BF02B070474FF08043DB
:10D88000D3F818341B0C03F00103C3F30003DBB21D
:10D890001846704700B583B006238DF807304FF067
:10D8A0008040FFF737FF03461846FFF773FF034634
:10D8B00083F00103DBB2002B13D04FF08040FFF761
:10D8C00029FF03461A469DF8073019461046FFF710
:10D8D00029FF4FF08040FFF71DFF03461846FFF772
:10D8E0004BFF00BF03B000BD00B585B00190019BA8
:10D8F000002B03D10C49A420F9F7F6FD0023039374
:10D900000A4B1B79002B02D08523039308E0074ABA
:10D91000019B1360054B01221A71044B00225A71BE
:10D92000039B184605B000BD607003002035002041
:10D9300008B5074B1B79002B03D10649BD20F9F729
:10D94000D3FDFFF7A7FF0120FFF78EFF00BF08BD43
:10D95000203500206070030008B50A4B1B79002BAE
:10D9600003D10949EA20F9F7BFFD4FF48270FFF7B0
:10D9700056FF0220FFF732FF0820FFF743FF00BFEA
:10D9800008BD00BF203500206070030008B50D4BB6
:10D990001B79002B03D10C49F720F9F7A5FD0220D4
:10D9A000FFF726FF4FF48270FFF739FF0C20FFF7D7
:10D9B00029FF00BFFFF762FF0346002BFAD100BF2B
:10D9C00000BF08BD203500206070030008B54FF48B
:10D9D0008070FFF738FF0346002B14D04FF480709F
:10D9E000FFF71DFF0120FFF703FF114B5B7983F069
:10D9F0000103DBB2002B06D00D4B01225A710C4BF8
:10DA00001B68002098474FF48270FFF71CFF034605
:10DA1000002B0AD04FF48270FFF701FF0220FFF7BE
:10DA2000E7FE034B1B680120984700BF08BD00BFFD
:10DA30002035002082B003468DF807309DF907306D
:10DA4000002B0CDB9DF8073003F01F0205499DF900
:10DA500007305B09012000FA02F241F8232000BFE1
:10DA600002B0704700E100E082B0034600918DF8FB
:10DA700007309DF90730002B0ADB009BDAB20C4916
:10DA80009DF907305201D2B20B4483F800230BE01A
:10DA9000009BDAB207499DF8073003F00F03043BFF
:10DAA0005201D2B20B441A7600BF02B0704700BFD9
:10DAB00000E100E000ED00E082B00190019B1B0B53
:10DAC0005BB2184602B0704700B583B003460A4601
:10DAD0008DF8073013468DF806309DF80630012B7F
:10DAE00003D99DF80630032B0BD99DF80630042B83
:10DAF00003D99DF80630072B03D907496B20F9F7A6
:10DB0000F3FC9DF806209DF9073011461846FFF7F3
:10DB1000ABFF00BF03B000BDB070030000B583B021
:10DB200003468DF807309DF907301846FFF782FF4E
:10DB300000BF03B000BD00B583B00346ADF80630AA
:10DB4000BDF80630184600F024F803461B68012B88
:10DB50000CBF01230023DBB2184603B000BD00B5A3
:10DB600085B00346ADF80630BDF80630184600F023
:10DB700010F803461A4600231360BDF80630184615
:10DB800000F007F803461B680393039B00BF05B032
:10DB900000BD82B00346ADF80630BDF8063003F193
:10DBA000804303F5C043184602B0704782B001902D
:10DBB000034A019BC2F8043300BF02B0704700BFA4
:10DBC0000060004082B00190034A019BC2F8083314
:10DBD00000BF02B0704700BF0060004082B00190FB
:10DBE000034BD3F80423019B1340184602B070473F
:10DBF0000060004082B00190084A019B03F5A273C7
:10DC000052F82330054943F00102019B03F5A2734A
:10DC100041F8232000BF02B0704700BF0060004001
:10DC200082B00190084A019B03F5A27352F8233099
:10DC3000054923F00102019B03F5A27341F823205B
:10DC400000BF02B0704700BF0060004084B0039086
:10DC5000029113468DF80730144A039B03F5A27313
:10DC600052F82330114923F44F3323F44073039ABD
:10DC700002F5A27241F822300C4A039B03F5A2730D
:10DC800052F82320029B1B0203F47C519DF80730BD
:10DC90001B0403F440330B4304491A43039B03F56D
:10DCA000A27341F8232000BF04B070470060004019
:10DCB00082B00190054A019B03F5A27352F823300C
:10DCC0001B0A03F03F03184602B070470060004093
:10DCD00082B00190064A019B03F5A27352F82330EB
:10DCE0001B0C03F00303DBB2184602B0704700BF01
:10DCF0000060004082B00190044A019B03F5A273CA
:10DD0000002142F8231000BF02B0704700600040BD
:10DD100000B583B00190019B1B68184600F031F9F3
:10DD20000346002B04D10B494FF4F670F9F7DCFBE6
:10DD3000019B1B681F2B02D84FF0A04306E0019BFC
:10DD40001B6803F01F02019B1A60034B184603B0C7
:10DD500000BD00BFE07003000003005000B585B0B7
:10DD60000190084611461A4603468DF803300B46CB
:10DD70008DF8023013468DF8013001AB1846FFF7DD
:10DD8000C7FF03909DF803209DF802305B001A4303
:10DD90009DF801309B001A439DF818301B0242EA9F
:10DDA00003019DF81C301B04019A1943039B02F5E3
:10DDB000E07243F8221000BF05B000BD00B585B089
:10DDC00003900B468DF80B309DF80B30002201922A
:10DDD00000220092002200210398FFF7BFFF00BF3E
:10DDE00005B000BD00B585B003900023019300236A
:10DDF00000930023012200210398FFF7AFFF00BF2B
:10DE000005B000BD00B585B0019001AB1846FFF725
:10DE10007FFF0390019A039B02F5E07253F82230D2
:10DE200023F002030293019A039B02F5E072029928
:10DE300043F8221000BF05B000BD00B585B00190C9
:10DE40000B468DF8033001AB1846FFF761FF0390D6
:10DE5000019A039B02F5E07253F82230019A23F4F1
:10DE60004031039B02F5E07243F82210019A039BB4
:10DE700002F5E07253F822109DF803301B04019A5A
:10DE80001943039B02F5E07243F8221000BF05B06E
:10DE900000BD00B585B0019001AB1846FFF738FF13
:10DEA0000390039800F01EF80246019B22FA03F348
:10DEB00003F00103184605B000BD00B585B0019020
:10DEC00001AB1846FFF724FF0390019A039B02F56C
:10DED000E07253F822301B0C03F00303DBB2184648
:10DEE00005B000BD82B00190019BD3F810351846F3
:10DEF00002B0704788B0039002910192164A05ABB8
:10DF000092E8030083E80300039B079319E0079B53
:10DF10009B0020336B4453F80C3CD3F82025019B25
:10DF20001A60079B9B0020336B4453F80C3C019A0A
:10DF30001268C3F82025019B04330193079B01332A
:10DF40000793039A029B1344079A9A42DFD300BFB8
:10DF500000BF08B0704700BF1071030000B585B066
:10DF6000019001AB1846FFF7D3FE0390019B0122FD
:10DF700002FA03F31A46039BC3F8202500BF05B03D
:10DF800000BD84B00190019B5B09029300230393C1
:10DF9000029B002B03D0029B012B04D007E04FF023
:10DFA000FF33039303E04FF6FF73039300BF019B1E
:10DFB00003F01F030193039A019B22FA03F303F07A
:10DFC0000103DBB2184604B0704784B001900091A1
:10DFD000009B0393019BDB080293019B03F0070363
:10DFE00001930122019B02FA03F30399029A0A4466
:10DFF00012781340184604B0704784B00190009125
:10E00000009B0393019BDB080293019B03F0070332
:10E010000193039A029B13441B785AB20121019B7E
:10E0200001FA03F35BB2134359B2039A029B134400
:10E03000CAB21A7000BF04B0704784B0019000915A
:10E04000009B0393019BDB080293019B03F00703F2
:10E050000193039A029B13441B785AB20121019B3E
:10E0600001FA03F35BB2DB435BB2134059B2039A8C
:10E07000029B1344CAB21A7000BF04B0704700007C
:10E0800082B001900C4A019B1344303393F9003065
:10E09000002B09DB084A019B1344303393F900300D
:10E0A000072B01DC012300E0002303F00103DBB2B6
:10E0B000184602B0704700BF2835002082B001909A
:10E0C000064A019B1344303393F90030072BCCBF31
:10E0D00001230023DBB2184602B070472835002028
:10E0E00082B00190064A019B1344303393F900300B
:10E0F000DB43DBB2DB09DBB2184602B0704700BF7E
:10E100002835002084B00390029101928DF80330ED
:10E11000029B59B20E4A039B134430330A461A70CD
:10E120000B49029B019A41F823209DF8033083F0AC
:10E130000103DBB2002B08D0029B083B039A51B2CB
:10E14000034A13440A4683F8602000BF04B07047B6
:10E150002835002082B00190044A019B13443033DB
:10E16000FF221A7000BF02B0704700BF28350020A0
:10E1700000B583B0019003490198FFF73EFF00BF4F
:10E1800003B000BD8C35002000B583B00190034979
:10E190000198FFF752FF00BF03B000BD8C3500208F
:10E1A00000B583B0019006490198FFF70EFF0346C2
:10E1B000002B14BF01230023DBB2184603B000BDBF
:10E1C0008C35002082B00190044A019B1344303307
:10E1D00093F90030184602B0704700BF2835002080
:10E1E00082B00190034A019B52F82330184602B0D6
:10E1F000704700BF2835002084B00190074A019B7A
:10E200001344603393F900308DF80F309DF80F30D0
:10E2100023F0C003184604B0704700BF2835002023
:10E2200084B00190074A019B1344603393F9003096
:10E230008DF80F309DF80F309B09DBB2184604B003
:10E24000704700BF2835002000B589B003900291C7
:10E2500013468DF80730FF238DF81F309DF80730E7
:10E26000002B02D00023059301E0082305939DF8BD
:10E270000730002B02D00823049301E00C23049301
:10E28000059B069314E00F4A069B52F82330B3F126
:10E29000FF3F0AD19DF80730029A06990398FFF7CD
:10E2A00031FF069B8DF81F3006E0069B0133069375
:10E2B000069A049B9A42E6D39DF91F30184609B08E
:10E2C00000BD00BF2835002082B003468DF807301E
:10E2D0009DF80730094A4FF0FF3142F823109DF8AE
:10E2E0000730072B07D99DF80730083B034A134432
:10E2F000FF2283F8602000BF02B07047283500205D
:10E3000000B583B02D4B93F86A30002B03D008235F
:10E310000093009B4EE000238DF8073011E09DF83C
:10E3200007301846FFF72DFE0346002B04D09DF85A
:10E3300007301846FFF70EFF9DF8073001338DF8C0
:10E3400007309DF807302F2BE9D900238DF80730CF
:10E3500009E09DF807301846FFF7B6FF9DF8073033
:10E3600001338DF807309DF807300B2BF1D90622C9
:10E370000021134808F0F2F91248FFF79DFB03460D
:10E3800006211846FFF7A0FB0E48FFF795FB034652
:10E390001846FFF7C3FB4FF4BE70FFF7E0FB4FF0EA
:10E3A0000040FFF703FC054B012283F86A2000239D
:10E3B0000093009B184603B000BD00BF2835002025
:10E3C0008C35002000600040044B93F86A30002B2D
:10E3D00014BF01230023DBB2184670472835002004
:10E3E00000B587B00390029101920398FFF7C9FD31
:10E3F0000346002B04D136494FF40C70F9F774F83A
:10E40000002305930398FFF76BFE0346002B02D011
:10E410000823059358E0029B9B78C3F34003DBB2CB
:10E420001A4601990398FFF70FFF03468DF8133042
:10E430009DF91330B3F1FF3F44D0029B9B78C3F3A7
:10E440008003DBB283F00103DBB2002B13D0029B0D
:10E450009B7803F00103DBB2002B03D00398FFF796
:10E46000D1FC05E0029B5B7819460398FFF7A6FCF8
:10E470000398FFF77DFE029B9B7803F00203DBB25B
:10E48000002B08D09DF91300029B1B781A460399B4
:10E49000FFF7DCFB18E09DF91330083B0D4A1344ED
:10E4A00093F96010029B1B785BB29B015AB29DF9F5
:10E4B0001330083B0A4351B2064A13440A4683F814
:10E4C000602001E004230593059B184607B000BDBA
:10E4D000207103002835002000B589B001900B465B
:10E4E0008DF803300198FFF74CFD0346002B04D153
:10E4F0003C494FF41870F8F7F7FF0198FFF7F0FD6B
:10E500000346002B04D1374940F26120F8F7ECFFB5
:10E510000198FFF7D3FD0346002B2ED00198FFF79B
:10E5200051FE0346083B1846FFF77AFE03468DF876
:10E530000F309DF80F30032B0DD10198FFF7A9FC88
:10E540000346002B03D003238DF81F300EE0022377
:10E550008DF81F300AE09DF80F30012B03D1022304
:10E560008DF81F3002E003238DF81F309DF81F3017
:10E5700019460198FFF761FC30E00198FFF780FD34
:10E580000346002B2AD00198FFF71CFE0346069392
:10E59000069B9BB240339BB29B00ADF81630069BA6
:10E5A0001846FFF727FBBDF816301846FFF7D7FAD5
:10E5B0009DF80330002B11D00198FFF703FE0346AE
:10E5C0001846FFF70DFE0490049B002B06D0012295
:10E5D000069B02FA03F31846FFF7E8FA00BF09B0FA
:10E5E00000BD00BF2071030000B585B00190019807
:10E5F000FFF7C7FC0346002B04D11A4940F28B20D9
:10E60000F8F772FF0198FFF76BFD0346002B04D16A
:10E6100014494FF42370F8F767FF0198FFF74EFD98
:10E620000346002B04D000210198FFF706FC15E0FB
:10E630000198FFF725FD0346002B0FD00198FFF747
:10E64000C1FD03460393039B1846FFF7E9FA012235
:10E65000039B02FA03F31846FFF7B4FA00BF05B0B4
:10E6600000BD00BF2071030000B583B00190019888
:10E67000FFF787FC0346002B04D120494FF4277095
:10E68000F8F732FF0198FFF72BFD0346002B04D16A
:10E690001A4940F29D20F8F727FF0198FFF7A4FFE1
:10E6A0000198FFF7EDFC0346002B06D00198FFF719
:10E6B00089FD03461846FFF71DFB0198FFF770FD23
:10E6C0000346002B05D00198FFF78CFB0198FFF75C
:10E6D0005BFD0198FFF704FD0346002B07D001986E
:10E6E000FFF770FD0346DBB21846FFF7EDFD01981A
:10E6F000FFF730FD00BF03B000BD00BF2071030075
:10E7000000B583B001900198FFF73BFC0346002B56
:10E7100004D1084940F2B220F8F7E6FE0198FFF76D
:10E72000B8FB0346002B14BF01230023DBB21846BD
:10E7300003B000BD2071030000B583B001900198C3
:10E74000FFF71FFC0346002B04D1154940F2B92006
:10E75000F8F7CAFE0198FFF7B1FC0346002B0AD177
:10E760000198FFF78DFC0346002B04D10C4940F2C1
:10E77000BA20F8F7B9FE0198FFF782FC0346002B98
:10E7800009D00198FFF71EFD03469BB240339BB2B0
:10E790009B009BB201E04FF4BE73184603B000BD6E
:10E7A0002071030000B585B001900198FFF7C4FF08
:10E7B0000346ADF80E30BDF80E301846FFF7E9F904
:10E7C0000346184605B000BD00B585B00190019A1A
:10E7D00002210020FFF78EFB002303930BE0039B35
:10E7E0009B00019A13441B68002B01D0012306E013
:10E7F000039B01330393039B012BF0D9002318469D
:10E8000005B000BD00B589B00190002307935DE01D
:10E81000354A079B1344603393F90030B3F1FF3F4F
:10E8200050D00798FFF7E8FC059001990598FFF78D
:10E83000CCFB0346002B46D00798FFF7F1FC0346BC
:10E840008DF813300598FFF738FB03468DF812302A
:10E850009DF81230022B03D103238DF81B3002E008
:10E8600002238DF81B309DF81B3019460598FFF7E1
:10E87000E4FA0598FFF772FB0598FFF7A3FC03463F
:10E880001846FFF7ADFC0390039B002B1BD09DF8AF
:10E890001330032B0FD09DF81230022B03D19DF8BB
:10E8A0001330012B07D09DF81230032B0BD19DF8AC
:10E8B0001330022B07D19DF81320039B11460598B6
:10E8C000984700E000BF079B01330793079B032B8A
:10E8D0009ED90198FFF778FF0346002B95D100BF22
:10E8E00000BF09B000BD00BF2835002000B58BB0C7
:10E8F0000023089301AB00221A605A604FF4807322
:10E90000ADF81A30012309930023079321E0BDF8E5
:10E910001A301846FFF70FF90346002B0ED009985E
:10E92000FFF75CF90346002B08D0BDF81A301846F3
:10E93000FFF715F9089A099B13430893099B5B009D
:10E940000993BDF81A300433ADF81A30079B013330
:10E950000793079B072BDAD94FF4BE70FFF7EBF84C
:10E960000346002B0DD04FF4BE70FFF7F8F8089B5C
:10E9700043F00043089301AB1A4602210020FFF741
:10E98000B9FA089BDBB2002B29D00123099300239D
:10E99000079321E0099A089B1340002B16D0079893
:10E9A000FFF786F905900798FFF792F903468DF86F
:10E9B00013300798FFF714FC0390039B002B05D03E
:10E9C0009DF81320039B114605989847099B5B000F
:10E9D0000993079B01330793079B072BDAD9089B01
:10E9E000002B03DA01AB1846FFF70CFF00BF0BB09A
:10E9F00000BD000008B5064B1B68002B03D105497C
:10EA00005120F8F771FD024B1B68984708BD00BF05
:10EA1000943500207471030082B00190019B044A78
:10EA2000934201D1034B00E00023184602B0704727
:10EA3000002000409435002000B587B0019000917F
:10EA4000019B002B03D11B497720F8F74DFD01985E
:10EA5000FFF7E2FF0590059B002B25D000238DF8E2
:10EA6000133000238DF80B300DF10B03184603F023
:10EA70006FFD059B1B79002B03D001238DF813300C
:10EA800005E0059B009A1A60059B01221A719DF80A
:10EA90000B30184603F070FD9DF81330002B03D0A7
:10EAA00011230393039B02E000230393039B184667
:10EAB00007B000BD7471030082B003468DF80730C3
:10EAC0009DF90730002B0CDB9DF8073003F01F0287
:10EAD00005499DF907305B09012000FA02F241F86F
:10EAE000232000BF02B0704700E100E082B003467F
:10EAF00000918DF807309DF90730002B0ADB009B51
:10EB0000DAB20C499DF907305201D2B20B4483F8B6
:10EB100000230BE0009BDAB207499DF8073003F0B1
:10EB20000F03043B5201D2B20B441A7600BF02B06D
:10EB3000704700BF00E100E000ED00E082B001900E
:10EB4000019B1B0B5BB2184602B0704700B583B047
:10EB500003460A468DF8073013468DF806309DF8B7
:10EB60000630012B03D99DF80630032B0BD99DF8F5
:10EB70000630042B03D99DF80630072B03D907492B
:10EB80006B20F8F7B1FC9DF806209DF9073011467F
:10EB90001846FFF7ABFF00BF03B000BDC471030010
:10EBA00000B583B003468DF807309DF9073018464D
:10EBB000FFF782FF00BF03B000BD84B001900B4699
:10EBC000ADF80230BDF80230019A134400221A60F9
:10EBD000BDF80230019A13441B680393039B00BFE6
:10EBE00004B0704782B001900B46ADF80230BDF81A
:10EBF0000230019A13441B68002B14BF0123002329
:10EC0000DBB2184602B0704782B001900091019BC0
:10EC1000009AC3F8042300BF02B0704782B001908D
:10EC20000091019BD3F80423009B1340002B14BFD9
:10EC300001230023DBB2184602B0704782B0019076
:10EC40000091019B009AC3F8082300BF02B07047EF
:10EC500084B00190019BD3F880340393019B039A05
:10EC6000C3F88024039B184604B0704782B001901B
:10EC7000019B0422C3F8002500BF02B0704784B096
:10EC8000039002910192039B019AC3F81425039B00
:10EC9000029AC3F80C2500BF04B0704784B00390FB
:10ECA00002910192039B029AC3F80825039B019AE3
:10ECB000C3F8102500BF04B0704782B00190019BDB
:10ECC000D3F81835DBB2184602B0704782B0019015
:10ECD0000B468DF803309DF80320019BC3F81C25DB
:10ECE00000BF02B0704782B001900B468DF8033030
:10ECF0009DF80330019A134401221A6000BF02B04C
:10ED0000704782B001900B468DF8033013468DF8A2
:10ED100002309DF803209DF802301343DBB21A46FF
:10ED2000019BC3F86C2500BF02B0704782B0019010
:10ED30000091019B009AC3F8242500BF02B07047E0
:10ED400000B583B00190019B1B68184600F08FF856
:10ED50000346002B04D10B494FF4F670F8F7C4FBBF
:10ED6000019B1B681F2B02D84FF0A04306E0019BBC
:10ED70001B6803F01F02019B1A60034B184603B087
:10ED800000BD00BFF47103000003005000B585B062
:10ED90000190084611461A4603468DF803300B468B
:10EDA0008DF8023013468DF8013001AB1846FFF79D
:10EDB000C7FF03909DF803209DF802305B001A43C3
:10EDC0009DF801309B001A439DF818301B0242EA5F
:10EDD00003019DF81C301B04019A1943039B02F5A3
:10EDE000E07243F8221000BF05B000BD00B585B049
:10EDF00003900023019300230093002301220121AB
:10EE00000398FFF7C3FF00BF05B000BD00B585B094
:10EE100003900B468DF80B309DF80B3000220192C9
:10EE200000220092002200210398FFF7AFFF00BFED
:10EE300005B000BD00B585B0019001AB1846FFF7E5
:10EE40007FFF0390019B012202FA03F31946039806
:10EE500000F003F800BF05B000BD82B00190009142
:10EE6000019B009AC3F8082500BF02B0704784B028
:10EE70000190019B5B09029300230393029B002BEB
:10EE800003D0029B012B04D007E04FF0FF33039324
:10EE900003E04FF6FF73039300BF019B03F01F03D2
:10EEA0000193039A019B22FA03F303F00103DBB2FF
:10EEB000184604B0704700B583B001900091009BE4
:10EEC0001B68B3F1FF3F09D0009B1B681846FFF792
:10EED000B1FF009B1B681846FFF788FF009B5B682B
:10EEE000B3F1FF3F05D0009B5B6800211846FFF798
:10EEF0008DFF019B1A68009B9B6919461046FFF71E
:10EF000015FF019B1868009B597D009B1B7D1A46CD
:10EF1000FFF7F7FE019B1868009B1968009B5B6870
:10EF20001A46FFF7ACFE009B1B7D012B22D1009BF4
:10EF30009B68B3F1FF3F05D0009B9B6800211846FA
:10EF4000FFF764FF009BDB68B3F1FF3F09D0009B34
:10EF5000DB681846FFF76EFF009BDB681846FFF77B
:10EF600045FF019B1868009BD968009B9B681A4667
:10EF7000FFF794FE00BF03B000BD000000B583B0F2
:10EF800001900B468DF80330019B1B684FF48E7186
:10EF90001846FFF712FE019B1B684FF4A27118463A
:10EFA000FFF70BFE019B1B680E491846FFF72CFE6E
:10EFB000019B1B681846FFF7C1FD03461A469DF8E2
:10EFC000033019461046FFF7C1FD019B1B68184628
:10EFD000FFF7B4FD03461846FFF7E2FD00BF03B09C
:10EFE00000BD00BF8000020000B587B00390029111
:10EFF0000192029B002B03D12C49AA20F8F774FA46
:10F00000039B1B791A462C2302FB03F3284A134463
:10F01000049300230593049B93F82A30002B03D01C
:10F0200008230593059B3EE0039B1A68039B1B790D
:10F030001946204B53F8213019461046FFF7FCFCC7
:10F040000346002B03D011230593059B2BE0029967
:10F050000398FFF730FF049B019A5A60029B1A69DC
:10F06000049B1A60049B5B68002B05D0029B1B7FEE
:10F0700019460398FFF782FF039B1B681846FFF7AA
:10F08000F5FD049B00229A61049B0022DA61049B37
:10F09000002283F82920049B00225A61049B01224C
:10F0A00083F82A20059B184607B000BD2C72030088
:10F0B0009C3500207872030000B585B00190009166
:10F0C0004FF48E710198FFF778FD009B9A68009BC2
:10F0D0001B6A13441B788DF80F30009B1B6A5A1C67
:10F0E000009B1A629DF80F3019460198FFF7EEFD5C
:10F0F00000BF05B000BD00B585B001900091009B38
:10F100005B69039316E0009B93F82830DBB2002B79
:10F1100001D0002314E04FF48E710198FFF762FDD7
:10F12000034683F00103DBB2002BECD10099019878
:10F13000FFF7C2FF009B1B6A039A9A42EBD8012398
:10F14000184605B000BD000000B587B003900291DD
:10F150000192039B1B791A462C2302FB03F33B4AC3
:10F1600013440493049B93F82A30012B04D03849AC
:10F170004FF48C70F8F7B8F9029B002B04D1344996
:10F1800040F21910F8F7B0F9019B002B04D1304977
:10F190004FF48D70F8F7A8F9039800F05BF8034678
:10F1A000002B03D011230593059B4CE0049B019A8F
:10F1B0005A61049B029A9A60049B00221A62049B83
:10F1C000002283F8282000230593039B1B684FF43B
:10F1D0008E711846FFF7F1FC039B1B680821184647
:10F1E000FFF781FD039B1B6804991846FFF764FF36
:10F1F000049B5B68002B25D1039B1B680499184670
:10F20000FFF779FF034683F00103DBB2002B02D046
:10F210000F23059313E000BF039B1B684FF48E710F
:10F220001846FFF7DFFC034683F00103DBB2002B37
:10F23000F2D1039B1B680C211846FFF754FD049B79
:10F2400000225A61059B184607B000BD9C3500207E
:10F250002C72030082B00190019B1B791946074A6A
:10F260002C2301FB03F3134414331B68002B14BF3E
:10F2700001230023DBB2184602B070479C35002002
:10F2800000B583B00190019B1B684FF49271184642
:10F29000FFF793FC019B1B684FF484711846FFF73E
:10F2A0008CFC019B1B6800211846FFF71CFD00BF6A
:10F2B00003B000BD10B582B001900091009B9B6926
:10F2C000002B08D14FF484710198FFF776FC019868
:10F2D000FFF7F3FC13E04FF484710198FFF76DFC26
:10F2E000009BDA68009B5B6AD4180198FFF7E5FC85
:10F2F00003462370009B5B6A5A1C009B5A6202B053
:10F3000010BD000000B589B0039002910192039BEB
:10F310001B791A462C2302FB03F37E4A1344059300
:10F32000039B1B7919467B4A2C2301FB03F31344EF
:10F330002A331B78012B04D077494FF4B670F8F7C5
:10F34000D3F8029B002B04D1734940F26D10F8F7FB
:10F35000CBF8019B002B04D16F494FF4B770F8F73D
:10F36000C3F800238DF81C30059B5B68002B06D08A
:10F37000039B1B684FF401711846FFF75FFC059B68
:10F380009B69002B15D0059BDB69002B0ED0059BDC
:10F390005B68002B06D0039B1B684FF40171184675
:10F3A000FFF732FC11230693069BB0E001238DF892
:10F3B0001C309DF81C3083F00103DBB2002B0CD015
:10F3C000059B019A9A61059B029ADA60059B0022CF
:10F3D0005A62059B0022DA6105E0059B029A1A61D8
:10F3E000059B019ADA61059B93F8293083F00103AC
:10F3F000DBB2002B09D09DF81C3083F00103DBB297
:10F40000002B02D00398FFF73BFF059B5B68002BA6
:10F4100073D1039B1B684FF4A2711846FFF7CDFB15
:10F42000039B1B684FF492711846FFF7DBFB034602
:10F430008DF81F30039B1B684FF484711846FFF74B
:10F44000D1FB03468DF81E30039B1B684FF4A2715D
:10F450001846FFF7C7FB03468DF81D309DF81E3098
:10F4600083F00103DBB2002B0DD09DF81D3083F03B
:10F470000103DBB2002B06D09DF81F3083F001039F
:10F48000DBB2002BCCD19DF81F30002B0FD19DF8A3
:10F490001D30002B0BD1039B1B6805991846FFF705
:10F4A00009FF059B9A69059B5B6A9A42B8D8059B40
:10F4B00000229A619DF81F30002B03D0032306938E
:10F4C000069B24E09DF81D30002B03D00F230693EC
:10F4D000069B1CE0059B93F82930002B06D0039B6C
:10F4E0001B6800211846FFF7FEFB0DE0039B1B681D
:10F4F00004211846FFF7F7FB06E0039B1B684FF457
:10F5000001711846FFF780FB00230693069B1846FF
:10F5100009B000BD9C3500202C72030000B589B0F5
:10F5200003900291019201238DF81030029B069303
:10F53000019B0593039B5B68039A116804AA10461C
:10F54000984700BF09B000BD00B587B00190009199
:10F5500000238DF80830009B0493019B9B68039364
:10F56000019B00225A61019B5B68019A116802AA03
:10F570001046984700BF07B000BD00B58BB00190A2
:10F5800000914FF400710198FFF748FB0346002BF0
:10F5900039D04FF492710198FFF724FB0346002BFA
:10F5A00031D04FF492710198FFF707FB4FF40171CE
:10F5B0000198FFF743FB009B93F8293083F0010388
:10F5C000DBB2002B03D004210198FFF78CFB022350
:10F5D0008DF80C300198FFF73BFB03460693009B28
:10F5E0009B690593009BDB680493009B00229A6152
:10F5F000009B0022DA61009B5B68009A116803AAF5
:10F600001046984752E004210198FFF707FB034694
:10F61000002B4BD04FF484710198FFF7E3FA0346B7
:10F62000002B43D000990198FFF744FE009B9A6994
:10F63000009B5B6A9A4239D1009BDB69002B19D091
:10F64000009BDB680993009B5B6A0893009BDA6967
:10F65000009B9A61009B1A69009BDA60009B002264
:10F66000DA61009B00225A62099A08990098FFF714
:10F6700055FF1BE0009B93F8293083F00103DBB2B8
:10F68000002B03D004210198FFF72DFB4FF40171EB
:10F690000198FFF7D3FA009B00229A61009B596AF8
:10F6A000009BDB681A460098FFF738FF4FF48E7115
:10F6B0000198FFF797FA0346002B24D0009B5B6963
:10F6C0000793009B1B6A079A9A420DD9009B93F8F7
:10F6D0002830DBB283F00103DBB2002B04D00099A9
:10F6E0000198FFF7E9FC0EE04FF48E710198FFF7E7
:10F6F00064FA009B5B69002B05D0009B5B6919468F
:10F700000098FFF721FF4FF4A2710198FFF76AFA02
:10F710000346002B1CD04FF4A2710198FFF74DFA5D
:10F72000009B93F82930002B03D000210198FFF7AC
:10F73000DAFA009B9B69002B0AD0009B00229A6199
:10F74000009B596A009BDB681A460098FFF7E6FEAB
:10F7500000BF0BB000BD000008B503490348FFF728
:10F760000CFF00BF08BD00BF9C35002000200040FA
:10F7700082B003468DF807309DF90730002B0CDB73
:10F780009DF8073003F01F0205499DF907305B091A
:10F79000012000FA02F241F8232000BF02B07047B6
:10F7A00000E100E082B0034600918DF807309DF93A
:10F7B0000730002B0ADB009BDAB20C499DF90730B9
:10F7C0005201D2B20B4483F800230BE0009BDAB263
:10F7D00007499DF8073003F00F03043B5201D2B2F2
:10F7E0000B441A7600BF02B0704700BF00E100E092
:10F7F00000ED00E082B00190019B03F06043B3F1A3
:10F80000005F0CBF01230023DBB2184602B0704733
:10F8100082B00190019B1B0B5BB2184602B070478F
:10F8200000B583B003460A468DF8073013468DF8BD
:10F8300006309DF80630012B03D99DF80630032BC6
:10F840000BD99DF80630042B03D99DF80630072B01
:10F8500003D907496B20F7F747FE9DF806209DF96D
:10F86000073011461846FFF79DFF00BF03B000BDEB
:10F870007C72030000B583B003468DF807309DF914
:10F8800007301846FFF774FF00BF03B000BD84B017
:10F8900001900B46ADF80230BDF80230019A1344D6
:10F8A00000221A60BDF80230019A13441B680393CA
:10F8B000039B00BF04B0704782B001900B46ADF8C7
:10F8C0000230BDF80230019A13441B68002B14BFAC
:10F8D00001230023DBB2184602B0704782B00190CA
:10F8E0000091019BD3F80022009B1A43019BC3F8AF
:10F8F000002200BF02B0704782B001900091019BCE
:10F90000D3F80022009BDB431A40019BC3F800227E
:10F9100000BF02B0704782B001900091019B009A35
:10F92000C3F8042300BF02B0704782B00190009179
:10F93000019B009AC3F8082300BF02B0704784B04F
:10F940000190019BD3F880340393019B039AC3F881
:10F950008024039B184604B0704782B00190019B3D
:10F960000822C3F8002500BF02B0704784B003909E
:10F9700002910192039B029AC3F80C25039B019A02
:10F98000C3F8142500BF04B0704784B003900291FF
:10F990000192039B029AC3F80825039B019AC3F8BE
:10F9A000102500BF04B0704782B001900B468DF85F
:10F9B00003309DF80330019A134401221A6000BFFE
:10F9C00002B0704782B001900B468DF803301346A9
:10F9D0008DF802309DF803209DF802301343DBB20E
:10F9E0001A46019BC3F86C2500BF02B0704782B075
:10F9F00001900091019B009AC3F8242500BF02B03A
:10FA0000704784B0039002910192029A039BC3F85D
:10FA10004425039B019AC3F8482500BF04B07047F2
:10FA200082B00190019BD3F84C35184602B0704764
:10FA300084B0039002910192029A039BC3F834258B
:10FA4000039B019AC3F8382500BF04B0704782B009
:10FA50000190019BD3F83C35184602B07047000076
:10FA600000B583B00190019B1B68184600F08FF829
:10FA70000346002B04D10B494FF4F670F7F734FD21
:10FA8000019B1B681F2B02D84FF0A04306E0019B8F
:10FA90001B6803F01F02019B1A60034B184603B05A
:10FAA00000BD00BFAC7203000003005000B585B07C
:10FAB0000190084611461A4603468DF803300B465E
:10FAC0008DF8023013468DF8013001AB1846FFF770
:10FAD000C7FF03909DF803209DF802305B001A4396
:10FAE0009DF801309B001A439DF818301B0242EA32
:10FAF00003019DF81C301B04019A1943039B02F576
:10FB0000E07243F8221000BF05B000BD00B585B01B
:10FB1000039000230193002300930023012201217D
:10FB20000398FFF7C3FF00BF05B000BD00B585B067
:10FB300003900B468DF80B309DF80B30002201929C
:10FB400000220092002200210398FFF7AFFF00BFC0
:10FB500005B000BD00B585B0019001AB1846FFF7B8
:10FB60007FFF0390019B012202FA03F319460398D9
:10FB700000F003F800BF05B000BD82B00190009115
:10FB8000019B009AC3F8082500BF02B0704784B0FB
:10FB90000190019B5B09029300230393029B002BBE
:10FBA00003D0029B012B04D007E04FF0FF330393F7
:10FBB00003E04FF6FF73039300BF019B03F01F03A5
:10FBC0000193039A019B22FA03F303F00103DBB2D2
:10FBD000184604B0704700B583B001900091009BB7
:10FBE0001B68B3F1FF3F09D0009B1B681846FFF765
:10FBF000B1FF009B1B681846FFF788FF009B5B68FE
:10FC0000B3F1FF3F05D0009B5B6800211846FFF76A
:10FC10008DFF019B1A68009B9B6919461046FFF7F0
:10FC2000E6FE019B1868009B597D009B1B7D1A46D0
:10FC3000FFF7C8FE019B1868009B1968009B5B6872
:10FC40001A46FFF793FE009B1B7D012B22D1009BE0
:10FC50009B68B3F1FF3F05D0009B9B6800211846CD
:10FC6000FFF764FF009BDB68B3F1FF3F09D0009B07
:10FC7000DB681846FFF76EFF009BDB681846FFF74E
:10FC800045FF019B1868009BD968009B9B681A463A
:10FC9000FFF77BFE00BF03B000BD000000B583B0DE
:10FCA00001900B468DF80330019B1B684FF488715F
:10FCB0001846FFF7ECFD019B1B684FF49071184646
:10FCC000FFF7E5FD019B1B684FF492711846FFF7A3
:10FCD000DEFD019B1B684FF4A2711846FFF7D7FDAC
:10FCE000019B1B684FF4AC711846FFF7D0FD019BD8
:10FCF0001B680E491846FFF70EFE019B1B6818464D
:10FD0000FFF786FD03461A469DF803301946104654
:10FD1000FFF786FD019B1B681846FFF779FD034638
:10FD20001846FFF7A7FD00BF03B000BD1003420057
:10FD300000B587B0039002910192029B002B03D182
:10FD40002B49CF20F7F7D0FB039B1B791A461346AC
:10FD5000DB0013449B00274A1344049300230593BC
:10FD6000049B93F82030002B03D008230593059BB8
:10FD70003AE0039B1A68039B1B7919461E4B53F804
:10FD8000213019461046FEF757FE0346002B03D0DC
:10FD900011230593059B27E002990398FFF71BFFAA
:10FDA000049B019A5A60029B1A69049B1A60049B87
:10FDB0005B68002B05D0029B1B7F19460398FFF759
:10FDC0006DFF039B1B681846FFF7C7FD049B0022CD
:10FDD0009A61049B0022DA61049B00225A61049B11
:10FDE000012283F82020059B184607B000BD00BF04
:10FDF000E4720300C83500203473030000B589B0F5
:10FE0000039002910192039B1B791A461346DB0073
:10FE100013449B00564A13440593059B93F82030E6
:10FE2000012B04D0534940F25310F7F75DFB029BBE
:10FE3000002B04D14F494FF4AA70F7F755FB019BF3
:10FE4000002B04D14B4940F25510F7F74DFB039BB3
:10FE50001B79002B03D1019BB3F5803F04D34549A7
:10FE60004FF4AB70F7F740FB0298FFF7C3FC034673
:10FE700083F00103DBB2002B03D010230793079B11
:10FE800073E0039800F078F80346002B03D01123A9
:10FE90000793079B69E0059B019A5A61059B029AAB
:10FEA0009A6000230793039B1B684FF490711846D8
:10FEB000FFF7EDFC039B1B684FF4AC711846FFF78E
:10FEC000E6FC039B1868059B9968059B5B691A46CD
:10FED000FFF797FD039B1B6808211846FFF764FD99
:10FEE000059B5B68002B3FD1039B1B684FF490710F
:10FEF0001846FFF7E1FC03468DF81B30039B1B6897
:10FF00004FF4AC711846FFF7D7FC03468DF81A3052
:10FF10009DF81B3083F00103DBB2002B06D09DF867
:10FF20001A3083F00103DBB2002BDDD19DF81A30CB
:10FF3000002B02D00F23079313E0039B1B680C21B7
:10FF40001846FFF731FD00BF039B1B684FF4AC71EF
:10FF50001846FFF7B1FC034683F00103DBB2002B28
:10FF6000F2D1059B00225A61079B184609B000BDDB
:10FF7000C8350020E472030082B00190019B1B7918
:10FF80001946084A0B46DB000B449B00134414330C
:10FF90001B68002B14BF01230023DBB2184602B0FC
:10FFA000704700BFC835002000B589B003900291AA
:10FFB0000192039B1B791A461346DB0013449B00F6
:10FFC000864A13440593039B1B791946834A0B46C3
:10FFD000DB000B449B00134420331B78012B04D01F
:10FFE0007F494FF4D370F7F77FFA029B002B04D1BF
:10FFF0007B4940F2A710F7F777FA019B002B04D159
:020000023000CC
:1000000077494FF4D470F7F76FFA039B1B79002BF5
:1000100003D1019BB3F5803F04D3714940F2A9108D
:10002000F7F762FA0298FFF7E5FB034683F0010356
:10003000DBB2002B03D010230693069BCAE00023FB
:100040008DF81F30059B5B68002B06D0039B1B6857
:100050004FF404711846FFF768FC059B9B69002B61
:1000600015D0059BDB69002B0ED0059B5B68002B30
:1000700006D0039B1B684FF404711846FFF74BFC36
:1000800011230693069BA5E001238DF81F309DF8F0
:100090001F3083F00103DBB2002B09D0059B019ACE
:1000A0009A61059B029ADA60059B0022DA6105E0FD
:1000B000059B029A1A61059B019ADA610023069357
:1000C000039B1B684FF488711846FFF7E0FB039B06
:1000D0001B684FF4A2711846FFF7D9FB039B1B68FE
:1000E000019A02991846FFF7A3FC9DF81F3083F090
:1000F0000103DBB2002B06D0039B1B6800211846CE
:10010000FFF752FC05E0039B1B6820211846FFF710
:10011000E5FB039B1B791946304A0B46DB000B4479
:100120009B00134404331B68002B4BD1039B1B68BB
:100130004FF488711846FFF7BFFB03468DF8133064
:10014000039B1B684FF4A2711846FFF7B5FB0346EB
:100150008DF81230039B1B684FF492711846FFF71D
:10016000ABFB03468DF811309DF8133083F001038B
:10017000DBB2002B0DD09DF8123083F00103DBB20F
:10018000002B06D09DF8113083F00103DBB2002B69
:10019000CCD1039B1B791946104A0B46DB000B445C
:1001A0009B001344183300221A609DF81130002B75
:1001B00001D0032306939DF81230002B09D00F23A2
:1001C000069306E0039B1B684FF404711846FFF783
:1001D000A2FB069B184609B000BD00BFC835002031
:1001E000E472030000B589B00390029101920123EB
:1001F0008DF81030029B0693019B0593039B5B686F
:10020000039A116804AA1046984700BF09B000BDC0
:1002100000B587B00190009100238DF80830009B55
:100220000493019B9B680393019B00225A61019BED
:100230005B68019A116802AA1046984700BF07B090
:1002400000BD00B589B0019000914FF49271019802
:10025000FFF732FB0346002B22D04FF49271019836
:10026000FFF715FB02238DF808300198FFF767FBB5
:10027000034605930198FFF7EAFB03460493009BAE
:10028000DB680393009B00229A61009B0022DA61E5
:10029000009B5B68009A116802AA104698473BE0F1
:1002A0004FF488710198FFF707FB0346002B33D00A
:1002B0004FF488710198FFF7EAFA0198FFF7C7FB3E
:1002C0000790009B9B69079A9A4225D1009BDB69A6
:1002D000002B17D0009BDB68069320210198FFF7C5
:1002E0000BFB009BDA69009B9A61009B1A69009BDB
:1002F000DA60009B0022DA61069A07990098FFF7FE
:1003000071FF09E0009B00229A61009BDB681A469E
:1003100007990098FFF766FF4FF4A2710198FFF765
:10032000CBFA0346002B18D04FF4A2710198FFF7C7
:10033000AEFA009B9B69002B0FD0009B00229A61B4
:10034000009B0022DA610198FFF781FB0146009BC8
:10035000DB681A460098FFF745FF4FF4907101984B
:10036000FFF7AAFA0346002B14D04FF490710198BE
:10037000FFF78DFA0C210198FFF716FB009B5B69D4
:10038000002B07D00198FFF74BFB03461946009856
:10039000FFF73EFF4FF4AC710198FFF78DFA03466B
:1003A000002B10D04FF4AC710198FFF770FA009B4E
:1003B0005B69002B07D00198FFF732FB0346194613
:1003C0000098FFF725FF00BF09B000BD08B503493D
:1003D0000348FFF736FF00BF08BD00BFC835002047
:1003E0000020004082B003468DF807309DF90730A9
:1003F000002B0CDB9DF8073003F01F0205499DF927
:1004000007305B09012000FA02F241F8232000BF07
:1004100002B0704700E100E082B003468DF807307B
:100420009DF90730002B0DDB9DF8073003F01F020C
:1004300006499DF907305B09012000FA02F260339A
:1004400041F8232000BF02B0704700BF00E100E088
:1004500082B0034600918DF807309DF90730002BDC
:100460000ADB009BDAB20C499DF907305201D2B287
:100470000B4483F800230BE0009BDAB207499DF898
:10048000073003F00F03043B5201D2B20B441A763B
:1004900000BF02B0704700BF00E100E000ED00E0E7
:1004A00000B583B003460A468DF8073013468DF831
:1004B00006309DF80630012B03D99DF80630032B3A
:1004C0000CD99DF80630042B03D99DF80630072B74
:1004D00004D90D494FF49270F7F706F89DF80620FD
:1004E0009DF9073011461846FFF7B2FF9DF9073016
:1004F0001846FFF791FF9DF907301846FFF772FF86
:1005000000BF03B000BD00BF3873030082B00346D4
:100510008DF807309DF90730002B0CDB9DF8073074
:1005200003F01F0205499DF907305B09012000FA1D
:1005300002F241F8232000BF02B0704700E100E062
:1005400082B003468DF807309DF90730002B13DB8E
:100550009DF8073003F01F0209499DF907305B0938
:10056000012000FA02F2203341F82320BFF34F8F1D
:1005700000BFBFF36F8F00BF00BF02B0704700BF66
:1005800000E100E082B0034600918DF807309DF94C
:100590000730002B0ADB009BDAB20C499DF90730CB
:1005A0005201D2B20B4483F800230BE0009BDAB275
:1005B00007499DF8073003F00F03043B5201D2B204
:1005C0000B441A7600BF02B0704700BF00E100E0A4
:1005D00000ED00E082B00190019B1B0B5BB218465E
:1005E00002B0704700B583B003460A468DF8073065
:1005F00013468DF806309DF80630012B03D99DF87F
:100600000630032B0BD99DF80630042B03D99DF837
:100610000630072B03D907496B20F6F765FF9DF8D5
:1006200006209DF9073011461846FFF7ABFF00BFC3
:1006300003B000BD8873030000B583B003468DF896
:1006400007309DF907301846FFF760FF00BF03B081
:1006500000BD00B583B003468DF807309DF9073023
:100660001846FFF76DFF00BF03B000BD82B00190D8
:100670000B468DF803309DF80330019A1344012294
:100680001A6000BF02B0704784B001900B46ADF80D
:100690000230BDF80230019A134400221A60BDF8FE
:1006A0000230019A13441B680393039B00BF04B0FC
:1006B000704782B001900B46ADF80230BDF80230B1
:1006C000019A13441B68002B14BF01230023DBB2E3
:1006D000184602B0704782B001900091019BD3F898
:1006E0000022009BDB431A40019BC3F8002200BF9D
:1006F00002B0704782B001900091019B009AC3F84C
:10070000082300BF02B0704782B001900091019BA6
:10071000D3F80423009B1340002B14BF01230023B4
:10072000DBB2184602B0704782B001900B468DF8DC
:100730000330019BD3F8043523F003029DF8033006
:1007400003F003031A43019BC3F8042500BF02B062
:10075000704782B001900B468DF80330019BD3F8AF
:10076000083523F003029DF8033003F003031A4316
:10077000019BC3F8082500BF02B0704782B001900A
:100780000B468DF80330019BD3F8103523F00F0290
:100790009DF8033003F00F031A43019BC3F81025A3
:1007A00000BF02B0704782B00190019B9B0003F52F
:1007B000A0739BB2184602B0704782B001904FF40C
:1007C0008032019B02FA03F3184602B07047000022
:1007D00010B588B0039002910192039B1B791A46D1
:1007E00013465B0013449B00734A13440793039B17
:1007F0001B68724A934203D171494820F6F774FE90
:10080000029B002B03D16E494A20F6F76DFE019B37
:10081000002B03D16A494B20F6F766FE079B1B7A33
:10082000002B03D008230593059BC2E0039B1B68A4
:10083000624A93420FD1029B9B78012B63D0029BAB
:100840009B78002B5FD0029B9B78022B5BD0029B96
:100850009B78032B57D0039B1B685A4A93420FD1B6
:10086000029B9B78012B4ED0029B9B78002B4AD099
:10087000029B9B78022B46D0029B9B78032B42D095
:10088000039B1B68504A93420FD1029B9B78012B1C
:1008900039D0029B9B78002B35D0029B9B78022B92
:1008A00031D0029B9B78032B2DD0039B1B68474ABA
:1008B00093420FD1029B9B78012B24D0029B9B7803
:1008C000002B20D0029B9B78022B1CD0029B9B7894
:1008D000032B18D0039B1B683D4A93420FD1029B08
:1008E0009B78012B0FD0029B9B78002B0BD0029B97
:1008F0009B78022B07D0029B9B78032B03D03049B7
:100900005F20F6F7F1FD079B019A1A60029B5A6877
:10091000079B5A6000238DF81B3010E0039B1C6876
:100920009DF81B301846FFF73EFF03461946204648
:10093000FFF7AAFE9DF81B3001338DF81B30039B97
:100940005B799DF81B209A42E8D3039B1B681846ED
:10095000FFF740FE03461A46029BDB781946104615
:10096000FFF740FE039B1B681846FFF733FE034664
:100970001846FFF761FE039B1A68029B5B781946D5
:100980001046FFF7D1FE039B1A68029B9B7819461D
:100990001046FFF7DEFE039B1A68029B1B78194680
:1009A0001046FFF7EBFE079B01221A720023059306
:1009B000059B184608B010BDEC35002000800040B3
:1009C000C07303000090004000A0004000A0014060
:1009D00000B0014000B583B00190019B1B68184630
:1009E000FFF7F8FD03461846FFF733FE019B1B682F
:1009F0004FF0FF311846FFF76EFE019B1B684FF06A
:100A0000FF311846FFF776FE019800F03FF8019B92
:100A10001B791946054A0B465B000B449B001344A7
:100A2000083300221A7000BF03B000BDEC3500206F
:100A300000B583B00190019B1B791946114A0B4602
:100A40005B000B449B00134408331B78012B03D03D
:100A50000D498F20F6F748FD019B1B6800211846C1
:100A6000FFF704FE019B1B791946064A0B465B0003
:100A70000B449B001344083302221A7000BF03B0DA
:100A800000BD00BFEC350020C073030000B583B08B
:100A90000190019B1B791946114A0B465B000B44E0
:100AA0009B00134408331B78002B03D10D4997207A
:100AB000F6F71AFD019B1B6810211846FFF7D6FDBB
:100AC000019B1B791946064A0B465B000B449B00B1
:100AD0001344083301221A7000BF03B000BD00BFE9
:100AE000EC350020C073030000B587B0039002917D
:100AF00013468DF8073000238DF8173030E09DF84D
:100B000017301846FFF74FFE0346ADF814309DF836
:100B100017301846FFF751FE0490BDF814301946FF
:100B20000398FFF7C6FD0346002B14D004990398E1
:100B3000FFF7EAFD0346002B0DD0BDF8143019462F
:100B40000398FFF7A1FD029B1B68029A5168BDF84C
:100B50001420104698479DF8173001338DF8173050
:100B60009DF817209DF807309A42C8D300BF00BFF8
:100B700007B000BD08B5062202490348FFF7B4FFDD
:100B800000BF08BDEC35002000B0014082B0034634
:100B90008DF807309DF80730044A012101FA03F36C
:100BA000C2F8043500BF02B0704700BF00F001403A
:100BB00082B003468DF807309DF80730044A0121C2
:100BC00001FA03F3C2F8083500BF02B0704700BF56
:100BD00000F0014084B00346029101928DF80F307D
:100BE00008499DF80F30A233029A41F83320054A94
:100BF0009DF80F30A233DB001344019A5A6000BF06
:100C000004B0704700F0014082B003468DF8073011
:100C10009DF80730012202FA03F3184602B070472C
:100C200000B583B003468DF807309DF807301846AD
:100C3000FFF7EAFF0346C3F31003002B14BF0123A1
:100C40000023DBB2184603B000BD82B00190019BC7
:100C5000B3F5003F34BF01230023DBB2184602B0D6
:100C6000704700B583B003468DF807309DF8073014
:100C70001846FFF7C9FF03461846FFF7E6FF03468D
:100C8000184603B000BD000000B583B003468DF8E0
:100C900007309DF807301846FFF7B6FF0246054BB0
:100CA0001B681340002B14BF01230023DBB218463E
:100CB00003B000BDF835002000B583B003468DF8C1
:100CC00007309DF807301846FFF79EFF0246044B99
:100CD0001B681343024A136000BF03B000BD00BF8E
:100CE000F835002000B583B003468DF807309DF835
:100CF00007301846FFF788FF0346DA43034B1B68AB
:100D00001340024A136000BF03B000BDF835002055
:100D100000B587B0019000230493002305930423BA
:100D20000493274B059300238DF80F303EE00023FA
:100D30008DF80E300DF10E03184601F009FC9DF8F8
:100D40000F301846FFF760FF0246059B1340002B4B
:100D500015D09DF80F301846FFF796FF034683F035
:100D60000103DBB2002B0AD09DF80F301846FFF7C5
:100D7000A3FF019B9DF80F201A70002304939DF898
:100D80000E30184601F0F8FB049B002B12D09DF8A2
:100D90000F301846FFF738FF0346DB43059A134030
:100DA00005939DF80F3001338DF80F30059B002B14
:100DB000BDD100E000BF049B184607B000BD00BFD6
:100DC000FFFF010000B585B003468DF80730002312
:100DD00003939DF807301846FFF722FF034683F080
:100DE0000103DBB2002B02D00723039316E09DF82A
:100DF00007301846FFF7DCFE00238DF80B300DF1AD
:100E00000B03184601F0A4FB9DF807301846FFF7C6
:100E100069FF9DF80B30184601F0AEFB039B1846A6
:100E200005B000BD00B587B00346029101928DF870
:100E30000F30029B002B02D0019B002B01D10E230F
:100E400025E0002305939DF80F301846FFF7E8FED4
:100E5000034683F00103DBB2002B02D00723059386
:100E600014E09DF80F301846FFF70EFF034683F09D
:100E70000103DBB2002B02D00823059306E09DF8A6
:100E80000F30019A02991846FFF7A4FE059B1846F9
:100E900007B000BD00B585B003468DF807300023CC
:100EA00003939DF807301846FFF7DBFE034683F0F7
:100EB0000103DBB2002B02D0072303931AE09DF855
:100EC00007301846FFF7ACFE0346002B0DD09DF807
:100ED00007301846FFF7D8FE034683F00103DBB264
:100EE000002B02D00823039304E09DF80730184636
:100EF000FFF74CFE039B184605B000BD84B00346C7
:100F00008DF807309DF807305B08DBB21A460D4BB1
:100F10009B5C8DF80E309DF8073003F00103002B29
:100F200005D09DF80E301B098DF80F3005E09DF8B7
:100F30000E3003F00F038DF80F309DF80F30184678
:100F400004B070471036002084B003460A468DF87E
:100F5000073013468DF806309DF8073003F0010383
:100F6000002B03D00F238DF80F3002E0F0238DF813
:100F70000F309DF8073003F00103002B05D09DF8DA
:100F800006301B018DF80E3003E09DF806308DF819
:100F90000E309DF807305B08DBB21A46104B9A5CA6
:100FA0009DF807305B08DBB219469DF80F301340FF
:100FB000DAB20B4B5A549DF807305B08DBB21A4685
:100FC000074B9A5C9DF807305B08DBB219469DF829
:100FD0000E301343DAB2024B5A5400BF04B07047CC
:100FE0001036002000B585B003468DF80730002389
:100FF000039310E00F4B1A68039BDB00134402932A
:10100000029B1B789DF807209A4201D1029B0DE0BC
:10101000039B01330393084B1B781A46039B9342AF
:10102000E8DB06498820F6F75FFA0023184605B08A
:1010300000BD00BFFC3500200036002020740300F6
:1010400000B585B003460A468DF8073013468DF883
:1010500006309DF807301846FFF7C4FF0390039B46
:10106000002B0BD0039B5B68002B07D0039B5B68B6
:101070009DF806109DF807201046984700BF05B060
:1010800000BD00002DE9F04F87B003460A468DF8F9
:101090000F3013468DF80E309DF80F301846FFF7CD
:1010A0002DFF0346042B7CD0042B00F3C480032BBC
:1010B0006CD0032B00F3BF80022B4FD0022B00F328
:1010C000BA80002B02D0012B3AD0B4E09DF80E304C
:1010D000002B00F0AD809DF80F3001211846FFF77E
:1010E00033FF00238DF817300DF11703184601F078
:1010F0002FFA9DF80F104FF001024FF00003A1F1FD
:101100002004C1F1200003FA01F702FA04F4274396
:1011100022FA00F0074302FA01F6494BD3E9002313
:1011200046EA020100913B430193454BDDE9001281
:10113000C3E900129DF81730184601F01DFA77E058
:101140009DF80E30002B01D0022200E000229DF815
:101150000F3011461846FFF7F7FE6CE09DF80E3091
:10116000002B0CD09DF80F3003211846FFF7ECFE42
:101170009DF80F3001211846FFF762FF5BE09DF8F4
:101180000F3001211846FFF7DFFE54E09DF80E30C6
:10119000002B4FD19DF80F3004211846FFF7D4FEE5
:1011A00048E09DF80E30002B06D09DF80F3003214B
:1011B0001846FFF7C9FE3EE09DF80F3000211846A3
:1011C000FFF7C2FE9DF80F3000211846FFF738FFE9
:1011D00000238DF816300DF11603184601F0B8F90A
:1011E0009DF80F104FF001024FF00003A1F120060F
:1011F000C1F1200003FA01F502FA06F6354322FA9E
:1012000000F0054302FA01F46FEA04086FEA0509E9
:101210000B4BD3E9002308EA020A09EA030B084B47
:10122000C3E900AB9DF81630184601F0A5F902E0BD
:1012300000BF00E000BF00BF07B0BDE8F08F00BFF7
:101240000836002000B583B00548064B1B685B08D4
:101250000022194600F042FE019000BF03B000BD1D
:10126000E02B00200436002000B587B00190002359
:10127000059328E01C4B1A68059BDB00134404937C
:10128000049B1B781846FDF73BFA03468DF80F3098
:10129000049B5B78012B0CBF01230023DBB21A46B1
:1012A0009DF80F309A420CBF012300238DF80E30B9
:1012B000049B1B789DF80E2011461846FFF7E2FEAE
:1012C000059B01330593094B1B781A46059B9342F6
:1012D000D0DB074BD3E90023134301D0FFF7B2FF64
:1012E00000BF07B000BD00BFFC3500200036002065
:1012F0000836002000B585B001900B468DF803300C
:10130000019BDBB21846FFF76DFE0390039B1B7831
:101310001846FDF7F5F903468DF80B30039B5B7813
:10132000012B0CBF01230023DBB21A469DF80B30C2
:101330009A420CBF012300238DF80A309DF80A3031
:10134000002B06D0044BD3E90023134301D1FFF750
:1013500079FF00BF05B000BD0836002000B58BB096
:1013600003900B4601928DF80B30019B092B01D89D
:10137000072367E0FDF728F8034683F00103DBB29B
:10138000002B09D0FCF7BCFF0990099B0893089B30
:10139000002B01D0089B55E02C4A039B13602C4A7C
:1013A0009DF80B3013702B4A019B13602022002103
:1013B000294805F0D3F929494FF000024FF0000306
:1013C000C1E9002331E09DF80B30DB00039A1344A0
:1013D000079303238DF8143000238DF815309DF802
:1013E000163023F001038DF816309DF8163023F0E7
:1013F00002038DF816309DF8163023F004038DF8A3
:101400001630079B9B788DF81530079B1B78184684
:1014100005AB134A1946FCF7E3FF0990099B0693B5
:10142000069B002B01D0069B0CE09DF80B305A1E4A
:101430008DF80B20002BC6D10A4A00210A4800F083
:1014400013FD034618460BB000BD00BFFC3500205D
:101450000036002004360020103600200836002018
:10146000F5120300691203007074030000B583B025
:10147000114B1B68002B04D1104940F23510F6F7D0
:1014800033F8002301930CE00B4B1A68019BDB003F
:1014900013441B7801211846FDF71EF8019B013308
:1014A0000193074B1B781A46019B9342ECD3002310
:1014B000184603B000BD00BFFC35002020740300B7
:1014C0000036002086B003900291019201238DF82E
:1014D00017309DF81730204A039B13601E4A029B69
:1014E00053601D4A019B9360039B44F201029342A7
:1014F00012D0039B44F20202934220D1019B164A70
:10150000D360154BDB681B68134A9361124BDB6891
:101510005B68114AD36112E0019B0F4A13610E4BC5
:101520001B699B680C4A53610B4B1B691B680A4A79
:101530009361094B1B695B68074AD36100BF72B6B0
:1015400000BF00BF9DF81730DBB2002BFAD162B6A6
:1015500000BF00BF06B070473036002000B583B032
:1015600002900091019244F2010071466A4600F037
:1015700003F803B000BD00BF30B58BB007900691F3
:10158000059272B600BF03F015FD03F0CFFA0346D3
:10159000002BFAD1079B44F2020293422FD0079B03
:1015A00044F20202934269D8079B44F2010293423B
:1015B00037D0079B44F2010293425FD8079B012B6F
:1015C00005D0079B41F2010293420CD056E0394A04
:1015D000394BD31ADB081B0443F001033749184683
:1015E00003F038FA57E0334A334BD31ADB081B04B5
:1015F00043F001033249184603F02CFA4BE0059BF7
:1016000009932C4A2C4BD31ADB081B0443F001002E
:10161000099B5B681A46099B1B682A4903F037FA45
:1016200039E0059B0893234A234BD31ADB081B049C
:1016300043F00104089B9D68089B9B68184602F0D4
:1016400067FD03461846089B5B681946089B1B68A4
:10165000069A02920193009103462A461A492046AF
:1016600003F03DFA134A144BD31ADB081B0443F072
:1016700001031649184603F0EDF90CE00D4A0E4B34
:10168000D31ADB081B0443F00103069A10491846DD
:1016900003F0EDF900BF0F4B1B6803F00103002BB3
:1016A00000D000BE059A06990798FFF70BFF00BF10
:1016B0000BB030BD38690300006903007474030087
:1016C00094740300B8740300D4740300FC74030022
:1016D00010750300F0ED00E084B00190019B9B6861
:1016E0000393019BDA68039BD31A184604B0704732
:1016F00082B001900B468DF80330019B1A68019B64
:10170000DB68019989880B4013449DF803201A7007
:10171000019BDB685A1C019BDA6000BF02B0704776
:1017200084B003900B460192ADF80A30039B1A680F
:10173000039B9968BDF80A300B44039989880B40D4
:1017400013441A78019B1A7000BF04B0704700B5AB
:1017500083B001900091009A00210198FFF7E0FF0B
:10176000019B9B685A1C019B9A6000BF03B000BD9F
:1017700084B0039002911346ADF80630029B002B13
:1017800001D10E231DE0BDF80630002B07D0BDF8B7
:1017900006305A1EBDF806301340002B01D0092335
:1017A0000FE0039B029A1A60BDF80630013B9AB223
:1017B000039B9A80039B00229A60039B0022DA60BD
:1017C0000023184604B0704700B583B001900B4663
:1017D0008DF803300198FFF77FFF0246019B9B883D
:1017E0009A4207D89DF8033019460198FFF780FF09
:1017F000002300E00423184603B000BD00B583B009
:10180000019000910198FFF767FF0346002B05D078
:1018100000990198FFF79BFF002300E0052318467D
:1018200003B000BD2DE9F04383B0144801F088FAFD
:10183000034600221C461546114BD3E9002314EB46
:10184000020845EB0309CDE900890E4BD3E90023DB
:10185000DDE90001904271EB030307D2DDE90023CB
:1018600012F1807643F10007CDE90067DDE900233E
:101870001046194603B0BDE8F08300BF002C0020DD
:10188000583600206036002088B001900091019BFE
:101890000793009B0693079BD3E90223CDE904231A
:1018A000069BD3E90223CDE90223DDE90423DDE928
:1018B0000201904271EB03032CBF01230023DBB232
:1018C000184608B070470000F0B585B00190019B44
:1018D0005B69002B03D14349A520F5F705FE0023E2
:1018E0008DF80F30404B1B78002B75D0019B002BDF
:1018F00072D0FFF797FF019BD3E90223904271EB6F
:10190000030358D300238DF80D300DF10D03184655
:1019100000F01EFE019B1B69002B06D101994FF0C0
:10192000FF324FF0FF33C1E902239DF80D30184616
:1019300000F022FE019B5B69019A9269104698476C
:1019400000238DF80C3003AB184600F001FE019B1C
:101950001B69002B1AD0019BD3E90223B3F1FF3F8F
:1019600008BFB2F1FF3F11D0019BD3E902230199D7
:10197000096900200C460546161943EB0507019B33
:10198000C3E9026701238DF80E3002E000238DF8D1
:101990000E309DF80C30184600F0EEFD9DF80E302C
:1019A000002B19D0019B1946104802F013FB0123AC
:1019B0008DF80F3010E0019BD3E90223B3F1FF3F14
:1019C00008BFB2F1FF3F07D0019B1946074802F05C
:1019D00001FB01238DF80F309DF80F30184605B03C
:1019E000F0BD00BF34750300543600208875030035
:1019F00030B58BB0019000910D230993009B00221C
:101A00001A70019BD3E90223CDE90623FFF70AFFF1
:101A1000DDE90623141A63EB0105CDE90245DDE992
:101A20000223012A73F1000319DB029BB3F5350F82
:101A300006D300F0FBFA0246154B1344059301E070
:101A4000069B05934FF49603059A0021114801F077
:101A500071F80990099B002B05D1012314E00021A6
:101A60000C4801F03BF9099B0D2B07D10198FFF7BA
:101A70002BFF03461A46009B1A7004E006494FF4F8
:101A80008670F5F731FD002318460BB030BD00BF5E
:101A9000FFFFB400002C00203475030000B583B0B4
:101AA000034802F0CFFA0190019B184603B000BD35
:101AB0008875030000B583B0034802F0E3FA019093
:101AC000019B184603B000BD8875030000B583B0C4
:101AD000FFF7E4FF0190019B002B06D001994FF026
:101AE000FF324FF0FF33C1E90223019B002BEFD1FE
:101AF00000BF00BF03B000BD054BD3E9002312F1C6
:101B0000807043F10001024BC3E9000100BF704740
:101B10005836002010B582B00190124B1B68002B84
:101B20001DD0019801F00CF904460021019801F044
:101B3000F9F803461946204600F06CFA0346B3F55F
:101B4000960F04D3084940F24110F5F7CDFC054B40
:101B50001B681846FFF7B8FE024B00221A6000BF50
:101B600002B010BD503600203475030000B583B0BC
:101B70000190FFF757FE02460B460349C1E90023D7
:101B800000BF03B000BD00BF6036002000B587B0C5
:101B90000190FFF78FFF049000238DF81730049B0E
:101BA000002B58D0049BD3E90223B3F1FF3F08BFB9
:101BB000B2F1FF3F02D1FFF771FF54E02D4B1B68DC
:101BC000002B03D101238DF817301DE0049BD3E9CE
:101BD0000201284B1B68D3E90223904271EB0303F7
:101BE00012D201238DF81730224B1B68D3E9022350
:101BF000B3F1FF3F08BFB2F1FF3F05D01D4B1B689B
:101C000019461D4802F0E6F99DF81730002B2BD03D
:101C1000FFF744FF04900DF10F0319460498FFF7F6
:101C2000E7FE0346002B12D0124B1B68002B02D19B
:101C3000019800F091FE0F4A049B13609DF80F304D
:101C400083F00103DBB2002BA3D000BF0FE0094BF0
:101C500000221A609DE7074B1B68002B06D10198F4
:101C600000F090FE02E094E700BF00E000BF00BF7C
:101C700007B000BD503600208875030000B587B05E
:101C800001902A4A03AB1946104601F052F904901C
:101C900045E0049B1B78022B2BD0022B2FDC002B62
:101CA00002D0012B11D02AE0049B5B68D3E9022308
:101CB000B3F1FF3F08BFB2F1FF3F22D0049B5B6846
:101CC00019461B4802F086F91BE0049B5A68194B21
:101CD0001B689A4203D1174B00221A6012E0049B42
:101CE0005B681946124802F0DFF903468DF8173099
:101CF00008E0FFF7EBFE104B01221A7002E000BF74
:101D000000E000BF094A03AB1946104601F029F96B
:101D1000064A03AB1946104601F00BF90490049BE8
:101D2000002BB6D100BF00BF07B000BDC0360020F9
:101D300088750300503600205436002000B583B06B
:101D40000190019800F0BEFF0346002B01D0FFF781
:101D5000D3FE0021019800F0D1FF0346002B02D0F2
:101D60000198FFF7D7FE0121019800F0C7FF034655
:101D7000002B02D00198FFF7F9FE0198FFF77EFFD4
:101D80000198FFF703FF00BF03B000BD08B502488C
:101D900000F0E2FF00BF08BD002C002000B585B0B8
:101DA000034600918DF80730104A02AB19461046E1
:101DB00001F094F80390039B002B13D0039B9DF834
:101DC00007201A70039B009A5A60084A02AB194612
:101DD000104601F09BF80346002B01D0FFF7D6FF19
:101DE000002300E00423184605B000BDC0360020E3
:101DF00000B583B0154B1B68009315480823582283
:101E0000144901F038F80190019B002B01D0019B8F
:101E100019E06B46104A1946104800F021FD019068
:101E2000019B002B01D0019B0DE001210B4800F02C
:101E300039FF01230A4A0121084800F0B9FD094B86
:101E400001221A70019B184603B000BD847503007F
:101E5000C0360020683600203D1D0300002C002005
:101E6000FFFF7F005436002000B587B003900B467B
:101E700001928DF80B30039B002B04D1164940F2E0
:101E80005A20F5F731FB019B002B04D1124940F297
:101E90005B20F5F729FB019B002B01D1072317E0FD
:101EA000039B1B68059305994FF0FF324FF0FF33FA
:101EB000C1E90223059B019A5A619DF80B30012B61
:101EC0000CBF01230023DBB21A46059B1A610023D5
:101ED000184607B000BD00BF34750300F0B589B0E7
:101EE000039002910192039B002B04D1264940F2FA
:101EF0006B20F5F7F9FA039B069300238DF8173052
:101F00000DF11703184600F023FB069BD3E90223CB
:101F1000B3F1FF3F08BFB2F1FF3F11D1FFF782FCE1
:101F200002460B46029900200C460546161943EB63
:101F30000507069BC3E9026701238DF81F3002E005
:101F400000238DF81F309DF81730184600F014FB61
:101F50009DF81F3083F00103DBB2002B01D000237A
:101F60000EE0069B019A9A61069B1B69002B02D02A
:101F7000069B029A1A6106990020FFF70FFF03469D
:101F8000184609B0F0BD00BF3475030000B587B036
:101F90000190019B002B04D11D4940F29320F5F7DD
:101FA000A3FA019B049300238DF80F300DF10F036A
:101FB000184600F0CDFA049BD3E90223B3F1FF3FAA
:101FC00008BFB2F1FF3F03D100238DF8173009E0BD
:101FD00004994FF0FF324FF0FF33C1E90223012390
:101FE0008DF817309DF80F30184600F0C5FA9DF8AF
:101FF000173083F00103DBB2002B01D0002304E093
:1020000004990120FFF7CAFE0346184607B000BD39
:102010003475030082B001900091019A009BD31A9D
:1020200023F07F43184602B07047000008B503480C
:1020300000F086FE0346184608BD00BF002C0020B5
:1020400000B587B00390029113468DF80730002346
:102050000593039B1B781A46104B9B5C002B09D001
:10206000039B04339DF8072002991846FDF7C6FE2E
:1020700005900FE0039B1B781A46084B9B5C002BD6
:1020800008D1039B0C339DF8072002991846FDF7F1
:102090005BF80590059B184607B000BD1C35002075
:1020A00000B585B0019000238DF80F30019B1B789F
:1020B0001A46104B9B5C002B08D0019B043318463A
:1020C000FDF75AFF03468DF80F300EE0019B1B7899
:1020D0001A46084B9B5C002B07D1019B0C3318461A
:1020E000FDF7B8F803468DF80F309DF80F3018460D
:1020F00005B000BD1C35002000B587B003900291EB
:1021000013468DF8073000230593039B1B781A466E
:10211000104B9B5C002B09D0039B04339DF80720D8
:1021200002991846FDF740FF05900FE0039B1B78CE
:102130001A46084B9B5C002B08D1039B0C339DF87F
:10214000072002991846FDF7DDF80590059B184613
:1021500007B000BD1C35002084B00190019B9B6836
:102160000393019BDA68039BD31A184604B07047A7
:1021700000B587B001900091019B1B78022B45D0E0
:10218000022B6ADC002B52D0012B66D1019B1B7AFB
:10219000002B05D1012233493348FFF7ADFF5DE045
:1021A000019B5B681B7819463048FFF70DFB0590D3
:1021B000059B002B0AD001238DF80C30059B04935E
:1021C0002B4B1B6803AA104698470DE02748FFF7E2
:1021D000C3FF0346002B07D000238DF80C30244B9F
:1021E0001B6803AA104698472048FFF7B5FF03462F
:1021F0001E4A9288934205D801221A491A48FFF7CD
:102200007BFF2BE01B4B01221A7027E002238DF885
:102210000C30019BDB680493012212491248FFF73E
:102220006BFF134B1B6803AA1046984716E0124930
:102230001248FFF7E3FA0346002B05D101220E49AD
:102240000948FFF7FDFE09E003238DF80C30084B29
:102250001B6803AA1046984700E000BF00BF07B004
:1022600000BD00BFDC360020082C0020E036002036
:10227000D4360020DD360020D8360020F03600208D
:1022800030B591B00390029101928DF803303C4A31
:10229000019B1360029B002B01D107236DE0029B81
:1022A0001968029B5B689BB21A463648FFF760FAD2
:1022B0000F900F9B0E930E9B002B01D00E9B5CE0AA
:1022C000029B9968029BDB689BB21A462E48FFF777
:1022D0004FFA0F900F9B0D930D9B002B01D00D9B80
:1022E0004BE02A4B04AC1D460FCD0FC495E80F0000
:1022F00084E80F00039B5B690A93039B1B7C002B04
:1023000014BF01230023DBB28DF824309DF8033085
:102310008DF82C30039B5B7C002B01D00E2300E05A
:1023200000238DF82530039BDB680693039B9B6895
:102330000793039B1B680593039B5B68049304ABA3
:10234000134A19461348FBF735F90F900F9B0C936E
:102350000C9B002B01D00C9B0FE00F4B00221A703E
:10236000039B1B68B3F1FF3F06D001220B490948CC
:10237000FFF7C2FE034600E00023184611B030BD4F
:10238000D4360020E0360020F0360020947503009B
:1023900071210300082C0020DD360020DC360020EF
:1023A00000B587B00190019B002B03D11349CA20CF
:1023B000F5F79AF8124B1B788DF8173001991148F0
:1023C000FFF71CFA04909DF81730002B12D00C4B2D
:1023D00000221A7001220C490C48FFF78DFE039071
:1023E000039B0293029B002B04D0044AD62102983F
:1023F000FFF7B4F8049B184607B000BDB47503009E
:10240000DD360020E0360020DC360020082C0020DD
:1024100000B585B003468DF807309DF807301946A2
:102420001048FFF7D1F90390039B002B15D10E48FC
:10243000FFF736FE034683F00103DBB2002B0CD01E
:102440000A490848FFF7DAF90346002B05D10122B3
:1024500006490548FFF7F4FD0390039B184605B0B5
:1024600000BD00BFF0360020082C0020D836002028
:1024700082B0EFF310830093009B019372B600BF0C
:10248000019B184602B0704762B600BF00BF70479C
:1024900000B585B00190FFF7EBFF0390154B9B68EB
:1024A000002B1BD1134B01229A60134BD3F88020D1
:1024B000124B13400F4A13600F4B104AC3F8802091
:1024C0000D4BD3F884300B4A53600B4B4FF0FF3267
:1024D000C3F88420019B00221A7002E0019B0122B4
:1024E0001A70039B002B01D1FFF7CEFF0023184683
:1024F00005B000BD0037002000E100E0FC06FFBD94
:1025000000B585B003468DF807300F4B9B68002B54
:1025100016D09DF80730002B12D1FFF7A9FF0390CA
:102520000A4A094B1B681360084A074B5B685360F3
:10253000054B00229A60039B002B01D1FFF7A4FFFB
:102540000023184605B000BD0037002000E100E080
:1025500000B583B0019000F027F80346012B03D0AB
:1025600004494320F4F7C0FF0198FFF791FF00BF33
:1025700003B000BD0876030000B583B003468DF8B4
:10258000073000F011F80346012B03D00549512014
:10259000F4F7AAFF9DF807301846FFF7B1FF00BF18
:1025A00003B000BD0876030084B0EFF30583019308
:1025B000019BC3F308030393039B002B0DD1EFF39F
:1025C00014830093009B0293029B03F00103C3F367
:1025D000000383F00103DBB200E00123184604B0DE
:1025E0007047000082B003468DF807309DF9073030
:1025F000002B0CDB9DF8073003F01F0205499DF905
:1026000007305B09012000FA02F241F8232000BFE5
:1026100002B0704700E100E082B003468DF8073059
:102620009DF90730002B0DDB9DF8073003F01F02EA
:1026300006499DF907305B09012000FA02F2403398
:1026400041F8232000BF02B0704700BF00E100E066
:1026500082B0034600918DF807309DF90730002BBA
:102660000ADB009BDAB20C499DF907305201D2B265
:102670000B4483F800230BE0009BDAB207499DF876
:10268000073003F00F03043B5201D2B20B441A7619
:1026900000BF02B0704700BF00E100E000ED00E0C5
:1026A00000B583B003460A468DF8073013468DF80F
:1026B00006309DF80630012B03D99DF80630032B18
:1026C0000BD99DF80630042B03D99DF80630072B53
:1026D00003D907496B20F4F707FF9DF806209DF901
:1026E000073011461846FFF7B3FF00BF03B000BD27
:1026F0006076030000B583B003468DF807309DF97E
:1027000007301846FFF76EFF00BF03B000BD0000A2
:1027100000B585B00190019B002B0AD0064B43F019
:1027200001030393019B9B010293039B029898472B
:1027300000E000BF05B000BD6077030084B00390E7
:1027400002910192039B029A02F5A872019943F843
:10275000221000BF04B0704782B001900091019B2D
:10276000009A02F5A87253F82230184602B070475A
:1027700082B001900091019B009AC3F8042300BF2E
:1027800002B0704782B001900091019B009AC3F89B
:10279000082300BF02B0704782B001900B46ADF82D
:1027A0000230BDF80230019A13441B68184602B08B
:1027B000704784B001900B46ADF80230BDF802308E
:1027C000019A134400221A60BDF80230019A1344A2
:1027D0001B680393039B00BF04B0704782B0019055
:1027E000019BD3F80435184602B0704700B583B09A
:1027F00001900091009BB3F5805F04D305494FF42D
:10280000BE70F4F771FE019B009AC3F8082500BF63
:1028100003B000BD9076030082B001900B468DF8A6
:1028200003309DF80320019B13441A4601231360D3
:1028300000BF02B0704782B001900091019B009AE6
:10284000C3F8442300BF02B0704782B001900091EA
:10285000019B009AC3F8482300BF02B070470000F4
:1028600000B587B0039002910192039B002B03D126
:1028700032495520F4F738FE029B002B03D12F4933
:102880005620F4F731FE019B002B03D12B49572032
:10289000F4F72AFE039B5B791946294A019B42F80B
:1028A0002130039B5B79274ADB0013441B79002B03
:1028B0000ED008230593244A244BD31ADB081B04AB
:1028C00043F002032249184602F0C4F8059B32E0A7
:1028D000039B1A68029B1B8819461046FFF786FF68
:1028E000039B93F90420029B9B7819461046FFF73F
:1028F000D7FE039B93F904301846FFF7FBFE039BBA
:102900005B79104ADB00134401221A71039B5B7947
:1029100019460C4A039B42F83130002305930A4ABA
:102920000A4BD31ADB081B0443F00303094918467A
:1029300002F090F8059B184607B000BDC076030072
:102940000C3700201037002048690300006903009D
:102950000C7703003077030000B583B00190019B32
:10296000002B03D106498720F4F7BEFD019B1B68AD
:1029700000211846FFF750FF00BF03B000BD00BFA5
:10298000C076030000B583B00190019B002B03D1FA
:1029900006498D20F4F7A8FD019B1B680421184609
:1029A000FFF73AFF00BF03B000BD00BFC0760300D1
:1029B00000B587B00390029101928DF80330039B1C
:1029C000002B03D120499620F4F78EFD4FF480327E
:1029D000029B02FA03F30593029B50339BB29B00C8
:1029E000ADF81230019B23F07F430193039B1B68DA
:1029F00005991846FFF7C6FE039B1B680599184604
:102A0000FFF723FF039B1B68BDF8122011461846F1
:102A1000FFF7CFFE039B1B68019A02991846FFF748
:102A20008DFE039B1B6805991846FFF704FF9DF870
:102A30000330002B05D0039B1B6805991846FFF750
:102A400097FE00BF07B000BDC076030000B585B09B
:102A50000390029113468DF80730039B002B03D19E
:102A60000B49A920F4F740FD039B1B680299184607
:102A7000FFF7E1FE9DF80730002B05D0039B1B6894
:102A800002991846FFF774FE00BF05B000BD00BFF5
:102A9000C076030000B583B001900091019B002B2C
:102AA00003D10949B320F4F71FFD019B1B6800996E
:102AB0001846FFF7CAFE019B1B6800991846FFF7EE
:102AC00061FE00BF03B000BDC076030000B583B057
:102AD00001900B46ADF80230019B002B03D10E494B
:102AE000BA20F4F701FD019B1B68BDF802201146D6
:102AF0001846FFF751FE0346002B09D0019B1B68C7
:102B0000BDF8022011461846FFF753FE012300E0EE
:102B10000023184603B000BDC076030082B00190C8
:102B20000091019A009BD31A23F07F43184602B00C
:102B30007047000000B58BB00390029101920093A2
:102B4000039B002B03D15649CD20F4F7CDFC4FF465
:102B50008032029B02FA03F30993029B50339BB22B
:102B60009B00ADF82230019B23F07F43019309992C
:102B70000398FFF78FFF039B1B681846FFF72EFE95
:102B80000790039B1B6802991846FFF7E5FD069026
:102B9000039B1B68079A02991846FFF7CFFD039B1A
:102BA0001B68BDF8222011461846FFF702FE079960
:102BB0000698FFF7B3FF0346012B0AD11020FFF759
:102BC000A7FD039B1B68BDF8222011461846FFF79E
:102BD000F0FD039B1B681846FFF700FE079007995E
:102BE0000198FFF79BFF0590039B1B680999184606
:102BF000FFF721FE059B012B15D1039B1868019B54
:102C000001331A460299FFF799FD1020FFF780FD66
:102C1000039B1B681846FFF7E1FD0246079B9342A2
:102C200035D00D2339E0039B1B68019A02991846A1
:102C3000FFF784FD039B1B681846FFF7CFFD079045
:102C4000019B013B07991846FFF768FF0590009B21
:102C5000C3F1FF1303F57F43059A9A4201D90D236F
:102C60001BE0059B002B12D1039B1868019B0133CD
:102C70001A460299FFF762FD039B1B681846FFF78F
:102C8000ADFD0246079B934201D00D2305E00122D2
:102C900009990398FFF7DAFE002318460BB000BD30
:102CA000C076030000B583B001900B468DF8033069
:102CB0009DF803301A4602210198FFF7C7FE00BFB6
:102CC00003B000BD00B583B001904FF4827101984C
:102CD000FFF7FCFE0346184603B000BD00B583B005
:102CE000019000914FF48032009B02FA03F31946E1
:102CF0000198FFF7CFFE00BF03B000BD00B585B05F
:102D000001900091009B50339BB29B00ADF80E30B8
:102D1000BDF80E3019460198FFF7D8FE0346184655
:102D200005B000BD00B583B001900091019B1B6808
:102D300000991846FFF710FD0346184603B000BD82
:102D400000B583B00190019B1B681846FFF746FD54
:102D50000346184603B000BD00B583B00190019B47
:102D600093F904301846FFF757FC00BF03B000BDCD
:102D700008B5044B1B68044A12681046984700BF08
:102D800008BD00BF0C3700201037002086B001902E
:102D90000091019B53E8011F8AB2D88902449889A7
:102DA000824228BF121A1889824202BFBFF32F8FB6
:102DB000002307E0C2EA010243E801200028E9D12C
:102DC0004FF001038DF80F30059002910492029AA2
:102DD000009B1A609DF80F30DBB2184606B07047B2
:102DE00084B00190019951E8013FC3EA034341E8EF
:102DF0000132002AF7D10392029300BF04B070475A
:102E000086B001900091019B53E8021F1FFAA1F2C6
:102E1000D888824202BFBFF32F8F00230DE0D889EC
:102E200002449889824228BF121AC1EA024243E84A
:102E300002200028E8D14FF001038DF80F300590F3
:102E400002910492029A009B1A609DF80F30DBB247
:102E5000184606B0704784B00190019951E8023FCE
:102E6000C3EA234341E80232002AF7D103920293D6
:102E700000BF04B0704784B00390029111461A4617
:102E80000B46ADF806301346ADF80430029B002B1C
:102E900001D10E231FE0BDF80630BDF80420B3FBBE
:102EA000F2F101FB02F29B1A9BB2002B01D0092325
:102EB00011E0039B029A1A60039B00225A60039B55
:102EC00000229A60039BBDF806209A81039BBDF8FF
:102ED0000420DA810023184604B0704700B585B09D
:102EE00001900091009B19460198FFF74FFF0346A0
:102EF000002B07D0019B1B68009A12881344039390
:102F0000039B00E00023184605B000BD00B583B068
:102F100001900091009B1A88009B5B889A4204D123
:102F20000198FFF75DFF012300E00023184603B07E
:102F300000BD00B585B001900091009B1946019835
:102F4000FFF75EFF0346002B07D0019B1B68009A2A
:102F5000528813440393039B00E00023184605B0F6
:102F600000BD00B583B001900091009B1A88009BC2
:102F70005B889A4204D10198FFF76DFF012300E0BE
:102F80000023184603B000BD00B585B00190009144
:102F9000009B5B099B00019A1A44009B03F01F03EE
:102FA000012101FA03F31946104600F048F8039096
:102FB00000BF05B000BD00B585B001900091009B39
:102FC0005B099B00019A1A44009B03F01F03012137
:102FD00001FA03F3DB431946104600F05EF8039054
:102FE00000BF05B000BD82B001900091009B5B095D
:102FF0009B00019A13441A68009B03F01F0322FAF6
:1030000003F303F00103C3F30003DBB2184602B07D
:10301000704710B487B001900091019B009A53E86B
:10302000004F104643E8000191F0000FF7D10594DE
:1030300004900391059B184607B010BC704710B46C
:1030400087B001900091019B009A53E8004F44EA39
:10305000020043E8000191F0000FF6D105940490BE
:103060000391049B184607B010BC704710B487B09A
:1030700001900091019B009A53E8004F04EA02007E
:1030800043E8000191F0000FF6D1059404900391FC
:10309000059B184607B010BC704710B487B001906C
:1030A0000091019B009A53E8004F04EA020043E8B4
:1030B000000191F0000FF6D1059404900391049B58
:1030C000184607B010BC704710B487B0019000914B
:1030D000019B009A53E8004F04EB020043E8000113
:1030E00091F0000FF6D1059404900391049B1846CB
:1030F00007B010BC704710B487B001900091019BDD
:10310000009A53E8004FA4EB020043E8000191F05D
:10311000000FF6D1059404900391049B184607B064
:1031200010BC704700B583B0019001210198FFF7F2
:1031300086FF0346184603B000BD00B583B001907A
:1031400000210198FFF792FF0346184603B000BD27
:1031500000B583B001900B468DF80330019B002B26
:1031600003D10849E820F4F7BFF9019BDA689DF81C
:1031700003300199098A01FB03F31344184603B095
:1031800000BD00BF6877030000B583B001900091D7
:10319000019B002B03D10849F520F4F7A5F9009B0A
:1031A000019AD2689B1A019A128AB3FBF2F3DBB23E
:1031B000184603B000BD00BF6877030000B585B0B6
:1031C0000190019B002B01D10E234CE0019B1B6859
:1031D000002B03D12549FF20F4F786F9019B5B689A
:1031E000002B04D121494FF48070F4F77DF9019B45
:1031F0009B68002B04D11D4940F20110F4F774F9CB
:10320000019BDB68002B04D118494FF48170F4F75F
:103210006BF9019B1B8A002B04D1144940F2031067
:10322000F4F762F9019B9A68019B5B68D31A8DF8E9
:103230000F30019B1B68019A52681A6007E0019BDE
:103240001A681368591C11609DF80F201A709DF8B8
:103250000F305A1E8DF80F20002BF0D1019B1B68F8
:1032600000221A710023184605B000BD68770300DC
:1032700000B585B00190019B002B04D11F494FF48C
:103280009270F4F731F90023039300238DF80A308C
:103290000DF10A031846FFF75BF9019B1B681A68DA
:1032A000019B5B689A421FD9019B1B681A68013A0F
:1032B0001A601B681B7819460198FFF749FF0390B5
:1032C000019B9A68019B1B681B68D31A8DF80B3011
:1032D000019B1B681B799DF80B209A4204D9019B26
:1032E0001B689DF80B201A719DF80A301846FFF7ED
:1032F00043F9039B184605B000BD00BF6877030083
:1033000010B584B001900091019B002B04D11549A8
:1033100040F24710F4F7E8F8009B002B04D1114964
:103320004FF4A470F4F7E0F8009B039300238DF8AA
:103330000B300DF10B031846FFF70AF9019B1B68D0
:103340001C68621C1A6003990198FFF71DFF034671
:1033500023709DF80B301846FFF70EF900BF04B03C
:1033600010BD00BF6877030000B583B00190019BDA
:10337000002B03D10B493120F4F7B6F8019B9B6871
:10338000002B0CD0019B5B69019A1069019A1168AE
:10339000019A92689847019B00229A6000E000BF62
:1033A00003B000BDB87703000EB400B584B001903F
:1033B000019B002B03D118494220F4F795F8019B9B
:1033C0005B69002B03D114494320F4F78DF8019B6E
:1033D0001B68002B03D110494420F4F785F8019BAA
:1033E0005B68002B03D10C494520F4F77DF8059B61
:1033F000002B0AD00023039306AB039303AB1A46BA
:103400000599019800F0B4F900E000BF04B05DF840
:1034100004EB03B0704700BFB877030000B583B07A
:1034200001900B468DF803309DF803300A2B03D131
:103430000D210198FFF7F2FF019B1A68019B9B6821
:10344000581C0199886013449DF803201A70019B51
:103450009A68019B5B689A4202D30198FFF784FF48
:1034600000BF03B000BD00B587B003900291019288
:10347000009300230593009B03F00103002B24D04D
:103480000BE0029B01330293059B013305939DF8EA
:10349000133019460398FFF7C1FF029B1B788DF884
:1034A00013309DF81330002BEBD106E0019B013B5C
:1034B000019320210398FFF7B1FF019A059B9A42DF
:1034C0002ED9019B002BF1D12AE0029B002B0BD0BF
:1034D000029803F0FAF8059006E0019B013B019386
:1034E00020210398FFF79AFF019A059B9A420FD972
:1034F000019B002BF1D10BE0029B01330293059B52
:10350000013305939DF8133019460398FFF786FFA2
:10351000029B1B788DF813309DF81330002BEBD1F4
:1035200000BF07B000BD000000B589B00390029154
:1035300001920093029B07930123069307E0079AE9
:10354000019BB2FBF3F30793069B01330693079AA3
:10355000019B9A42F3D2009A069B9A4201D9009BA2
:1035600006930B9B03F00103002B22D10A9B002B37
:103570001FD00B9B03F00203002B06D0009B002BF7
:1035800003D130238DF8173002E020238DF8173057
:1035900008E00A9B013B0A939DF8173019460398EF
:1035A000FFF73CFF0A9B002B03D0069A0A9B9A4226
:1035B000EFD301230793009B012B03D9009B013B11
:1035C000009309E0029A079BB2FBF3F30493049A79
:1035D000019B9A4200D205E0079B019A02FB03F38C
:1035E0000793E8E7029A079BB2FBF3F30493049B6B
:1035F000079A02FB03F3029AD31A0293144A049B1C
:1036000013441B7819460398FFF708FF079A019B9C
:10361000B2FBF3F30793079B002BE3D10B9B03F063
:103620000103002B11D00A9B002B0ED006E00A9B51
:10363000013B0A9320210398FFF7F0FE0A9B002B21
:1036400003D0069A0A9B9A42F1D300BF09B000BD8D
:103650005078030000B589B005900491039202935D
:10366000049B002BB8BF5B4206930123079307E03E
:10367000039B069A92FBF3F30693079B0133079390
:10368000039B069A9A42F3DA029A079B9A4201D95F
:10369000029B07930A9B002B0AD0049B002B04DBA0
:1036A0000B9B03F00403002B02D00A9B013B0A93FF
:1036B0000B9B03F00203002B02D0029B002B16D0C1
:1036C0000B9B03F00103002B11D10A9B002B0ED0A2
:1036D00006E00A9B013B0A9320210598FFF79EFE16
:1036E0000A9B002B03D0079A0A9B9A42F1D3049BB2
:1036F000002B07DA049B5B4204932D210598FFF70A
:103700008DFE08E00B9B03F00403002B03D02B215C
:103710000598FFF783FE0B9B03F00203002B19D0E3
:103720000B9B03F00103002B14D1029B002B11D142
:103730000A9B002B0ED006E00A9B013B0A93302126
:103740000598FFF76BFE0A9B002B03D0079A0A9B94
:103750009A42F1D304990B9B01930A9B0093029B1D
:10376000039A0598FFF7E0FE00BF09B000BD000016
:1037700000B58FB0059004910392059B002B04D1F6
:103780009E4940F25220F3F7AFFE059B5B69002B88
:1037900004D19A494FF41570F3F7A6FE059B1B68F8
:1037A000002B04D1954940F25520F3F79DFE059B6F
:1037B0005B68002B04D1914940F25620F3F794FE48
:1037C000049B002B00F06381049B1B788DF837303D
:1037D000049B013304939DF83730002B00F04E8199
:1037E0009DF83730252B40F03D8100230A930123BB
:1037F0000C93049B1B788DF837309DF83730302BB5
:103800000DD0302B1BDC2B2B11D02D2B17D10A9B6D
:1038100043F001030A93049B0133049312E00A9BD3
:1038200043F002030A93049B013304930AE00A9BCA
:1038300043F004030A93049B0133049302E0002342
:103840000C9300BF0C9B002BD3D1002309939DF850
:1038500037302A2B0CD1039B1B68191D039A11606A
:103860001B68099A13440993049B013304931AE0DB
:10387000049B1B788DF837309DF837302F2B12D9E9
:103880009DF83730392B0ED8049B01330493099AE5
:1038900013469B0013445B001A469DF837301344CF
:1038A000303B0993D3E700230B93049B1B788DF8DF
:1038B00037309DF837302E2B1DD1049B01330493F4
:1038C000049B1B788DF837309DF837302F2B12D999
:1038D0009DF83730392B0ED8049B013304930B9A93
:1038E00013469B0013445B001A469DF8373013447F
:1038F000303B0B93E4E7049B1B788DF837309DF841
:1039000037306C2B03D09DF83730682B07D1049BE0
:1039100001330493049B1B788DF83730EFE79DF853
:103920003730782B58D0782B00F39780752B41D007
:10393000752B00F39280732B62D0732B00F38D8074
:10394000702B6BD0702B00F38880692B20D0692BF3
:1039500000F38380642B1BD0642B7EDC632B06D0AA
:10396000632B7ADC252B73D0582B35D075E0039B65
:103970001B68191D039A11601B680C930C9B8DF832
:103980001F309DF81F3019460598FFF747FD65E089
:10399000039B1B68191D039A11601B680C930A9BFB
:1039A0000193099B00930B9B0A220C990598FFF742
:1039B00051FE53E0039B1B68191D039A11601B689D
:1039C0000C930C990A9B0193099B00930B9B0A2271
:1039D0000598FFF7A9FD41E0039B1B68191D039A99
:1039E00011601B680C930C990A9B0193099B00932F
:1039F0000B9B10220598FFF797FD2FE0007803003E
:103A0000039B1B68191D039A11601B6808930A9B8E
:103A1000099A08990598FFF726FD1FE0039B1B688C
:103A2000191D039A11601B680C9330210598FFF74C
:103A3000F5FC78210598FFF7F1FC0C990023019320
:103A400008230093082310220598FFF76DFD05E079
:103A500025210598FFF7E2FC00E000BF049B01333D
:103A6000049305E09DF8373019460598FFF7D6FC1A
:103A7000049B1B78002B7FF4A7AE00E000BF059BE2
:103A80001B7B002B04D00598FFF76EFC00E000BF05
:103A90000FB000BD00B583B001900198FFF78EFB19
:103AA0000346184603B000BD00B58BB001900091ED
:103AB000019B1B8A043B0793009A079B1344DA1C63
:103AC000079BB2FBF3F38DF81B300198FFF7D0FB97
:103AD0000590059B002B01D1002338E0059B0022B7
:103AE0001A71059B01225A71079B9AB2059BDA80D5
:103AF000059B09939DF81B30013B0493099B019A98
:103B00001A60002308931DE00198FFF7B1FB0390B2
:103B1000039B002B0ED0059B5B790133DAB2059B2A
:103B20005A71099B039A1A60039B019A1A60039BBE
:103B3000099304E0059800F00DF8002307E0089BC6
:103B400001330893089A049B9A42DDD3059B1846DB
:103B50000BB000BD00B58BB00190019B0793079B94
:103B60005B798DF81B30019B08939DF81B30013B5E
:103B700005930023099305E0089B1B680893099BA4
:103B800001330993099A059B9A42F5D3089B1B6858
:103B90000493019B0893002309930BE0089B1B6887
:103BA000039308990498FFF7ABFB039B0893099BC9
:103BB000013309939DF81B30099A9A42EED300BF56
:103BC00000BF0BB000BD00B585B00190019B039311
:103BD000039B043301211846FFF776FA00BF05B0B6
:103BE00000BD00B587B00190019B0593059B043390
:103BF00001211846FFF77FFA0346039303AB0493B2
:103C0000049B1B78002B02D10198FFF7A3FF00BF94
:103C100007B000BD00B591B00390029101920093EE
:103C2000039B002B03D14349B620F3F75DFC039BB4
:103C30000993039B0F93099BDB881A46099B5B79C9
:103C400002FB03F3043B0893009A089B9A4203D3B8
:103C50003849C420F3F748FC099BDB880793009B95
:103C60001A1D079BB2FBF3F30E93009B0433079AD4
:103C7000B3FBF2F2079901FB02F29B1A0D93019B31
:103C80001A68009B1344089A9A4204D2089A009B2F
:103C9000D31A0C9302E0019B1B680C93019B0C9AB6
:103CA0001A6005E00F9B1B680F930E9B013B0E9360
:103CB0000E9B002BF6D100230B93079A0D9BD31A72
:103CC0000A930A9A0C9B934228BF13460A932AE050
:103CD000029A0B9B134406930F9A0D9B13440433D3
:103CE00005939DF84830002B05D00A9A059906984F
:103CF00002F002FD04E00A9A0699059802F0FCFC25
:103D000000230D930F9B1B680F930C9A0A9BD31AE9
:103D10000C930B9A0A9B13440B93079A0C9B9342A8
:103D200028BF13460A930C9B002BD1D100BF00BFC4
:103D300011B000BD6078030000B589B00590049112
:103D400003920293039B079307AA00230093029B0D
:103D500004990598FFF75EFF079B039A9A4203D0E8
:103D60000349F620F3F7C0FB00BF09B000BD00BF58
:103D70006078030000B589B0059004910392029326
:103D8000039B079307AA01230093029B04990598BC
:103D9000FFF740FF079B039A9A4204D003494FF470
:103DA0008070F3F7A1FB00BF09B000BD607803008D
:103DB00082B003468DF807309DF90730002B0DDBEC
:103DC0009DF8073003F01F0206499DF907305B0993
:103DD000012000FA02F2603341F8232000BF02B054
:103DE000704700BF00E100E000B583B00190019B87
:103DF000002B03D106497220F3F776FB019B0022CA
:103E00001A60BFF35F8F00BF00BF03B000BD00BFEB
:103E10000479030041DF704700BF184600B585B044
:103E200000238DF807300DF107031846FEF790FBCD
:103E3000F1EE103A0393039B23F09F030293029B3E
:103E4000E1EE103A00BFBFF35F8F00BF2620FFF7FF
:103E5000AFFF9DF807301846FEF78EFB039B03F07B
:103E60000703002B03D003497D20F3F73DFB00BF80
:103E700005B000BD4879030008B5064B00221A7052
:103E80000548FFF7B1FF0549054800F049F8002350
:103E9000184608BD1C370020183700209C79030005
:103EA0002037002000B583B0FFF7B8FF01F06AFDAE
:103EB0000346002B0ED0FFF7ADFF0190019B002BB6
:103EC0000BD0019B022B08D005494FF4B070F3F7DB
:103ED0000BFB02E020BF40BF20BF00BF03B000BD0E
:103EE0004879030082B00190019B9B6800229A6090
:103EF000019B9B6800221A61019B9B6800225A610A
:103F0000019B9B680022DA60019B9B6800225A603B
:103F1000019B9B6800221A6000BF02B0704700003E
:103F200000B583B001900091019B002B03D1104993
:103F30005020F3F7D9FA009B002B03D10C495120F4
:103F4000F3F7D2FA019B009A1A60019B1B681A686A
:103F5000019B5A60019B5A68019B1B685B689A42EF
:103F600002D1019B00225A6000BF03B000BD00BF18
:103F7000A879030000B583B00190019B002B03D109
:103F800013496320F3F7B0FA019B1B68002B03D1A0
:103F90000F496420F3F7A8FA019B5B68002B14D04B
:103FA000019B5B681A46019B1B689B6813441A4679
:103FB000019B5A60019B5A68019B1B685B689A428F
:103FC00004D1019B00225A6000E000BF03B000BD95
:103FD000A879030000B585B001900091019B002BEA
:103FE00003D117493A20F3F77FFA009B002B03D146
:103FF00013493B20F3F778FA019B5B6803930FE0CA
:10400000019B9B68039A12680099104698470346E3
:1040100083F00103DBB2002B07D1039B1B680393E2
:10402000039B1B68002BEBD100E000BF039B1A68C9
:10403000009B1A60039B009A1A6000BF05B000BD88
:10404000207A030000B585B00190019B002B03D1BD
:104050000B495120F3F748FA019B5B681B680393F7
:10406000019B5B681B68002B06D0019B5B681A688C
:10407000019B5B6812681A60039B184605B000BD7F
:10408000207A030000B583B00190019B002B03D17F
:1040900004495D20F3F728FA019B5B681B6818460A
:1040A00003B000BD207A030000B585B001900091F7
:1040B000019B002B03D115496920F3F715FA009BEA
:1040C000002B03D111496A20F3F70EFA00238DF873
:1040D0000B30019B5B6803930FE0039B1B68009A06
:1040E0009A4207D1009B1A68039B1A6001238DF83E
:1040F0000B3006E0039B1B680393039B1B68002B9C
:10410000EBD19DF80B30184605B000BD207A0300B6
:1041100000B585B00190019800F00CF80390039B66
:10412000002B01D0039B00E0014B184605B000BDF9
:10413000747A030086B00190164B0593164B0493D6
:104140001FE0049A059BD31ADB10DA0F13445B10AF
:10415000DB00059A13440393039B1B680293029AA6
:10416000019B9A4202D9039B04930AE0029A019BA5
:104170009A4203D2039B0833059302E0039B5B68DA
:1041800004E0059A049B9A42DBD30023184606B04C
:10419000704700BF747E03009C7F030000B585B0AC
:1041A0000190019B002B0AD0064B43F001030393BF
:1041B000019B9B010293039B0298984700E000BF7C
:1041C00005B000BDB07F030000B583B00190019B36
:1041D000002B0AD04FF47A70FFF7E0FF019B013B00
:1041E0000193019B002BF5D100E000BF03B000BD9F
:1041F00008B501F02BFA00BF08BD000000B589B07A
:10420000039002910192019B002B33D0002307936E
:1042100003230693029A079B1344019A1946002030
:1042200001F0A2F90590079A059B13440793019AA0
:10423000059BD31A0193059B002B13D10F4B1B78C1
:1042400083F00103DBB2002B13D10120FFF7BCFF89
:10425000069B013B0693069B002B03D1074B0022D4
:104260001A7007E0054B01221A70019B002BD1D177
:1042700000E000BF00BF09B000BD00BF283700202C
:1042800000B585B003900291054B00934023054A89
:104290000299039800F012F800BF05B000BD00BFFE
:1042A000FD4103002C37002082B0019000BF02B016
:1042B000704782B0019000BF02B0704700B5A1B056
:1042C00005900491039202930498FFF77CFC039BF2
:1042D0001593029B16930023179300238DF86030EB
:1042E00000231993229B1A9300231F930FA91F9B4E
:1042F00008220498FFF73EFD08231F93119B129399
:10430000BDF84030ADF84C30BDF84230ADF84E301D
:1043100000238DF851309DF83C3003F00303DBB2ED
:10432000012B26D10F9BC3F395231C939DF83C30A2
:10433000C3F3C203DBB28DF85030BDF83C30C3F399
:104340008313DBB21B931B9B9A0009A91F9B049844
:10435000FFF710FD1B9B9B001F9A13441F9312AA8B
:1043600009A915AB009313461B9A1C9800F0CEFECA
:104370002FE09DF83C3003F00303DBB2022B28D181
:10438000BDF83E30C3F389139BB21E939DF83C30B9
:10439000C3F3C203DBB28DF850301E9B082B28BF3D
:1043A00008231D9307A91F9B1D9A0498FFF7E2FCA1
:1043B0001F9A1D9B13441F931E9A1D9BD31A1E9375
:1043C00015AB12AA07A81D9900F054FF1E9B002BE5
:1043D000E3D10498FFF705FC00BF21B000BD82B017
:1043E0000190019BDB6801225A7100BF02B0704747
:1043F00000B583B04FF0FF330193FFF7F9FE0421BE
:10440000084800F09FFD0190019B002B03DA06494C
:104410004120F3F769F80348FFF7E1FF00BF03B05D
:1044200000BD00BF98690300C87F030000B583B0DA
:1044300001900091019B1B681B68009901989847A7
:1044400000BF03B000BD00B583B00190019B1B68A5
:104450005B680198984700BF03B000BD00B583B00A
:104460000190019B1B689B680198984700BF03B0AF
:1044700000BD82B001900B468DF80330019BDB68D4
:104480009DF803201A7100BF02B0704782B00190FE
:10449000019BDB681B79184602B0704782B001901F
:1044A000019BDB6801225A7100BF02B0704782B0E5
:1044B0000190019BDB685B79184602B070470000F1
:1044C00000B585B0019000910B4B00221A700B488B
:1044D000FFF7E0FA0390039B002B01D0039B08E059
:1044E0000748FFF7FFFC074A074BD31ADB08029384
:1044F0000023184605B000BDD4380020EC68030046
:10450000288003009869030000690300024A034BF6
:10451000D31ADB0818467047986903000069030046
:1045200000B587B001900B468DF803309DF803303D
:10453000002B1FD0FFF7EAFF04900023059313E040
:10454000059B9B000D4A13440393039B1B881A464B
:10455000019B1B689A4204D1019B059A1A600023B3
:1045600009E0059B01330593059A049B9A42E7D322
:10457000052300E00023184607B000BDE82A00200C
:1045800000B585B001900B468DF803309DF80320EF
:1045900001AB11461846FFF7C3FF0346002B07D1B6
:1045A000019BDB00044A13440393039B1B6800E058
:1045B0000023184605B000BD0069030084B00190D7
:1045C0000B468DF80330019BDB00164A134402931F
:1045D0009DF80330042B17D0042B1ADC032B0ED0CC
:1045E000032B16DC012B02D0022B04D011E0022396
:1045F0008DF80F3011E004238DF80F300DE0029B91
:104600001B798DF80F3008E0029B5B798DF80F3035
:1046100003E000238DF80F3000BF9DF80F301846DF
:1046200004B070470069030084B00190009100233A
:104630008DF80F30019B1B7803F00403DBB2002BD5
:1046400024D0019B1B78C3F30103DBB2012B02D002
:10465000022B0CD017E0009B1B68019A1288C2F352
:104660008312D2B213449A1C009B1A600BE0009B89
:104670001B68019A5288C2F3891292B213449A1CA1
:10468000009B1A6000BF01238DF80F309DF80F309A
:10469000184604B07047000000B58BB00023ADF899
:1046A00026303D48FEF73EFD3C48FEF73BFD3C4BC7
:1046B0009B6804933B4B1B680693049A069B13402C
:1046C00002339B00364A13440433089304AB194663
:1046D0000898FFF7A9FF0346002B09D0049A069B10
:1046E000134002339B002E4A134404330893EDE732
:1046F00000BF0023079311E0049B5A1C0492069A02
:104700001340079A920001A90A44254902339B00ED
:104710000B445B681360079B01330793079B012BD6
:10472000EAD99DF80430C3F30103DBB2012B10D0AA
:10473000022B1CD1BDF80A30ADF82630BDF806308A
:10474000C3F389139BB203339A08049B1344049365
:1047500013E0BDF80A30ADF82630BDF80430C3F3DD
:104760008313DBB21A46049B1344049305E00E49FD
:104770004FF4C270F2F7B8FE00BF0848FEF7DDFC48
:104780000590059B002B02D0049B054A9360BDF861
:10479000263018460BB000BDEC3C0020E83C002061
:1047A000D4380020242C00203880030000B585B0C8
:1047B00000210748FEF72DFC0390039B0293029B08
:1047C00083F310030193019B184605B000BD00BFA1
:1047D000F03C002000B589B0039002910192009353
:1047E000039B1B0C0793FFF7E1FF0690FFF78EFE7C
:1047F0000246079B934204D3214940F2A910F2F7E5
:1048000073FE069B1904009B5A1C0A9B1340079ACF
:104810000A431C4902339B000B445A60009A0A9BCE
:10482000134002339B00174A134404330593039B40
:1048300003F00703D9B2059A137861F3C503137027
:10484000019B03F00F03D9B2059A138861F3891312
:104850001380029BC3F31501059A136861F39F232C
:104860001360059A1378012161F301031370059A0F
:10487000137823F00403137000BF09B000BD00BF1C
:1048800038800300D438002000BF704700B58DB0D9
:104890000390029113468DF80730039B02330A936D
:1048A00001238DF8273000238DF81B300DF11B03F9
:1048B0001846FDF74DFE3F4B5A68029B1A603E4B6F
:1048C0001A683C4B99683B4B5B68CB1A1344013325
:1048D0000B9314E001213948FEF7F6FBFFF7DCFEED
:1048E000079007993548FEF7EFFB334B1A68314BB9
:1048F0009968304B5B68CB1A134401330B930A9AC7
:104900000B9B9A42E6D89DF82730002B48D0002315
:1049100005939DF80730002B17D09DF81430012225
:1049200062F301038DF814309DF8143043F0040352
:104930008DF81430039B03F00F03DAB2BDF8143086
:1049400062F38913ADF8143016E09DF8143002229A
:1049500062F301038DF814309DF8143043F0040322
:104960008DF81430039BC3F309039AB2BDF81630D7
:1049700062F38F13ADF816300E4B5A680E4B1B685E
:10498000134002339B000B4A134404330893059AE7
:10499000089B1A60074B5A680A9B1344054A5360E8
:1049A0009DF81B301846FDF7E7FD9DF827301846A7
:1049B0000DB000BDD4380020242C0020F03C002095
:1049C00000B58BB005900491039202931F4B1B68B6
:1049D000079306AB012219460298FFF757FF0346DB
:1049E000002B24D0069B023309930023089311E087
:1049F000089B9B00039A1A44099B591C099107992B
:104A00000B401268124902339B000B445A60089B0A
:104A100001330893089A029B9A42E9D3069A079BAE
:104A200000931346029A04990598FFF7D3FE084BAA
:104A30001B78002B04D000F079F80346002BFAD144
:104A4000FFF722FF00BF0BB000BD00BF242C0020E9
:104A5000D438002000B583B00190009100230022DB
:104A600000990198FFF7ACFF00BF03B000BD00B58F
:104A700087B0039002910192019B059305AA01233F
:104A800002990398FFF79CFF00BF07B000BD00B577
:104A900087B00390029101920093019B0493009BC5
:104AA000059304AA022302990398FFF789FF00BF28
:104AB00007B000BD00B589B0039002910192009348
:104AC000019B0593009B06930A9B079305AA03236A
:104AD00002990398FFF774FF00BF09B000BD00B54D
:104AE0008BB00390029101920093019B0593009B70
:104AF00006930C9B07930D9B08930E9B099305AAA5
:104B0000052302990398FFF75BFF00BF0BB000BDC0
:104B1000054B9A68044B5B689A420CBF0123002343
:104B2000DBB21846704700BFD438002000B599B0FA
:104B3000FFF7EEFF0346002B01D00023C2E19C4BA0
:104B40000022C3F81824BFF34F8F00BF984B9B6817
:104B50000493984B1B680C93049A0C9B13400233EC
:104B60009B00934A134404330E93002317930023AE
:104B7000169300230B9304AB19460E98FFF754FDD0
:104B80000346002B19D08A4BD3F81834002B14D1CC
:104B9000874B5A68049B9A4205D8854B5B68844AC8
:104BA000936000238EE1049A0C9B134002339B0018
:104BB0007F4A134404330E93DDE70023159311E07D
:104BC000049B5A1C04920C9A1340159A920001A956
:104BD0000A44774902339B000B445B681360159BC2
:104BE00001331593159B012BEAD99DF8043003F08E
:104BF0000303DBB2022B40F09F80BDF80630C3F305
:104C000089139BB20993BDF80630C3F389139BB295
:104C1000502B28BF50239BB20893089BC3F3090372
:104C20009AB2BDF8063062F38F13ADF80630089BD8
:104C3000083307939DF80430C3F3C203DBB20B9330
:104C400007995D48FEF730FF1790179B002B00F087
:104C5000D5801798FEF7B7FF01A9169B0822179871
:104C6000FFF76AF8169B08331693049BDA430C9BF4
:104C7000134001339B000693089A069B9A4245D93C
:104C8000069B002B09D0049A0C9B134002339B0017
:104C9000474A13440433149301E0484B1493069B92
:104CA000002B03D0069B8DF84F3002E0089B8DF857
:104CB0004F30069B002B02D0404B129301E00023A3
:104CC0001293069B002B07D0089BDAB2069BDBB23F
:104CD000D31A8DF8473002E000238DF847309DF855
:104CE0004F20169B14991798FFF726F89DF84F3020
:104CF000169A13441693129B002B16D09DF847204A
:104D0000169B12991798FFF717F80EE0049A0C9B60
:104D1000134002339B00264A134404330593169B29
:104D2000089A05991798FFF707F8099B03339A0823
:104D3000049B1344049361E09DF8043003F00303E3
:104D4000DBB2012B5AD1BDF80430C3F38313DBB2BD
:104D5000062B28BF0623DAB2BDF8043062F38913AC
:104D6000ADF80430BDF80430C3F38313DBB2023373
:104D70000A939DF80430C3F3C203DBB20B930A9B82
:104D80009B0019460C48FEF78FFE1790179B002BCF
:104D900034D01798FEF717FF01A9169B0822179821
:104DA000FEF7CAFF169B08331693002315931CE0E9
:104DB000D4380020242C0020EC680300E0380020C8
:104DC000049B5A1C04920C9A134002339B003F4AE6
:104DD0001344191D169B04221798FEF7ADFF169B6E
:104DE00004331693159B01331593BDF80430C3F3B8
:104DF0008313DBB21A46159B9342E1D3179B002B1A
:104E000040D0324BD3F810341093304BD3F81834D1
:104E1000002B1BD01798FEF7E4FE4DE000238DF821
:104E20003F301098FFF743FB0346002B02D00123CD
:104E30008DF83F309DF83F30002B03D01799109824
:104E4000FFF7F4FA109BDB681B681093109B002B94
:104E5000E4D11798FEF7C5FE00238DF803300DF15D
:104E600003031846FDF774FB184BD3F81834002BD6
:104E700002D1049B154A93609DF803301846FDF754
:104E80007BFB19E0114BD3F810340D9306E00D981D
:104E9000FFF7E4FA0D9BDB681B680D930D9B002B5D
:104EA000F5D10B4A0B4BD31ADB081B0443F002036A
:104EB00009491846FFF7CEFDFFF72AFE034683F0A7
:104EC0000103DBB2184619B000BD00BFD438002082
:104ED00038690300006903009080030000B585B0C5
:104EE0000023039323E0164BD3F8103402930123DD
:104EF0008DF807300FE00298FFF7C8FA03461A460C
:104F0000039B934203D100238DF8073006E0029BF8
:104F1000DB681B680293029B002BECD19DF80730E5
:104F2000002B01D0039B07E0039B01330393039BFA
:104F3000092BD8DD4FF0FF33184605B000BD00BF88
:104F4000D438002000B585B001900B468DF80330B1
:104F5000FFF7C4FF0390039BB3F1FF3F01D1039B15
:104F600022E0039BDBB219460198FFF782FA104B4F
:104F7000D3F81034002B08D10D4A019BC2F810342D
:104F8000019BDB6800221A600DE0094BD3F8103456
:104F9000DA68019BDB6812681A60054BD3F810349D
:104FA000DB68019A1A60039B184605B000BD00BF7C
:104FB000D438002000B583B00C4BD3F810340193E3
:104FC0000A4B01221A7009E00198FFF767FA01986D
:104FD000FFF739FA019BDB681B680193019B002BEB
:104FE000F2D100BF00BF03B000BD00BFD438002025
:104FF00082B00190009100BF02B0704710B584B03C
:1050000003900291039BDB88002B0AD0039BDB8873
:105010001A461F4B009313461E4A1F490298FEF77B
:10502000C3F9039B1B7A052B2ED0039B5B7A002BC5
:1050300012D0039B9B881A46039B1B7A1946104685
:10504000FFF7BCFA03461A46144B53F822301A46AF
:1050500013490298FEF7A8F9039B1B6819460298AA
:10506000FFF7C6FF039B1B7A1A460E4B53F82240EC
:10507000039B9B8800211846FFF782FA03462246CD
:1050800009490298FEF790F900BF04B010BD00BFB7
:10509000C4800300D48003000C8103003C2C00205A
:1050A00024810300282C00202881030000B585B04E
:1050B0000390029113468DF80730039B1B7A052B52
:1050C0000FD0039B5B7A002B06D00D4B1B681A4652
:1050D0000C490298FEF768F90B490298FEF764F94B
:1050E00007E09DF80730002B03D007490298FEF730
:1050F0005BF90298FEF738F900BF05B000BD00BFAC
:105100003C2C0020248103003481030030B58BB097
:1051100007900691059204930E9B1B7B8DF8273018
:105120000E9B00221A730E990498FFF767FF059BE8
:10513000062B76D0059B062B00F28F80059B052B56
:1051400057D0059B052B00F28880059B042B3CD093
:10515000059B042B00F28180059B032B26D0059B29
:10516000032B7AD8059B022B16D0059B022B74D8F3
:10517000059B002B03D0059B012B05D06DE0079903
:105180000E98FEF711F969E0069B1B681A4607990D
:105190000E98FEF709F961E0069B1A68069B043336
:1051A0001B6807990E98FEF7FFF857E0069B1A68F0
:1051B000069B04331968069B08331B6800930B4653
:1051C00007990E98FEF7F0F848E0069B1968069BD1
:1051D00004331868069B08331B68069A0C32126861
:1051E0000192009303460A4607990E98FEF7DCF8F1
:1051F00034E0069B1868069B04331C68069B083342
:105200001B68069A0C3212680699103109680291DF
:10521000019200932346024607990E98FEF7C4F8C0
:105220001CE0069B1C68069B04331D68069B083324
:105230001B68069A0C3212680699103109680698A4
:105240001430006803900291019200932B4622468D
:1052500007990E98FEF7A8F800E000BF00220E990B
:105260000498FFF723FF0E9B9DF827201A7300BFB9
:105270000BB030BD00B587B003900291019200934E
:10528000029B082B60D8009B1B7B8DF81330009B82
:1052900000221A7300990198FFF7B0FE00230593CE
:1052A00014E0059A029B9A4209D2039A059B134483
:1052B0001B781A4626490098FEF776F803E0254940
:1052C0000098FEF771F8059B01330593059B072BAA
:1052D000E7D921490098FEF767F80023059326E0F7
:1052E000059A029B9A421BD2039A059B13441B7892
:1052F0008DF812309DF812307E2B0AD89DF81230AE
:10530000184601F07BFA0346002B02D09DF81230BC
:1053100000E02E231A4611490098FEF745F803E0F5
:105320000F490098FEF740F8059B01330593059B54
:10533000072BD5D9012200990198FFF7B7FE009BF2
:105340009DF813201A7300E000BF07B000BD00BF36
:105350003881030040810300448103004881030039
:105360004C81030082B0204B0193019B02221A6101
:10537000019B02225A61019B1C4A9A61019B1C4AB3
:10538000DA61019B4FF400721A62019B00229A625B
:10539000019B00225A62019B0022DA62019B134AA0
:1053A0009A64019B134ADA64019B10221A65019BDF
:1053B00000229A65019B00225A65019B0022DA6552
:1053C000019B07330C4A10681860019B0B4A106858
:1053D00018609188927999809A71019B20229A7124
:1053E00000BF02B0704700BFF43C002050810300B2
:1053F0006C3D00206C3F00205C8103006081030055
:1054000000B589B003900291019200230693039B9B
:10541000DB680593039B1B690493049A059B9A42DE
:1054200005D9049A059BD31A013B079307E0039B18
:105430009A680499059BCB1A1344013B0793039B7D
:105440009A68059BD31A079A934228BF134607937D
:10545000079A019B934228BF13460793039B5A6800
:10546000059B1344079A0299184601F045F9069ADC
:10547000079B13440693029A079B13440293019AD5
:10548000079BD31A0193059A079B13440593039B2B
:105490009B68059A9A4201D100230593039B059AC4
:1054A000DA60019B002BB5D1069B184609B000BD00
:1054B00000B589B0039002910192039BDB680793CA
:1054C000039B9A68079BD31A0693069A019B9A42FC
:1054D0000ED9039B5A68079B1344019A02991846F8
:1054E00001F00AF9079A019B1A44039BDA601AE05B
:1054F000069B0593039B5A68079B1344059A0299E0
:10550000184601F0F9F8019A069BD31A0593039BFC
:105510005868029A069B1344059A194601F0ECF864
:10552000039B059ADA6000BF09B000BD86B0019008
:10553000019B1B690493019BDB680393049A039B03
:105540009A4208D8019B9A68039BD21A049B134481
:10555000013B059304E0049A039BD31A013B059396
:10556000059B184606B0704700B589B003900291BC
:105570000192029B0693039B5A1C13465B00134443
:10558000DB001F4A13440593059B5B69022B29D05E
:10559000022B2ED8002B02D0012B13D029E0059826
:1055A000FFF7C4FF0490049A019B9A4202D20023A1
:1055B000079321E0019B0793019A06990598FFF74D
:1055C00077FF19E00598FFF7B1FF0490019A049B5B
:1055D000934228BF13460793079A06990598FFF749
:1055E00067FF09E0019A06990598FFF709FF079000
:1055F00002E00023079300BF079B184609B000BDD7
:10560000F43C002000B587B00390029101920E4B4C
:105610001B78002B01D1FFF7A5FE00238DF8133076
:105620000DF113031846FCF793FF019A02990398B2
:10563000FFF79AFF05909DF813301846FCF79CFF82
:10564000059B184607B000BDF43C002008B5FFF7E5
:1056500089FE00BF08BD000082B003468DF8073008
:105660009DF90730002B0CDB9DF8073003F01F027B
:1056700005499DF907305B09012000FA02F241F863
:10568000232000BF02B0704700E100E082B0034673
:105690008DF807309DF90730002B09DB0B4A9DF987
:1056A0000730134493F80033DBB25B09DBB20AE046
:1056B000074A9DF8073003F00F03043B13441B7E99
:1056C000DBB25B09DBB2184602B0704700E100E0D4
:1056D00000ED00E000B583B00190019B002B03D1E9
:1056E0000449C420F1F700FF019B5B68184603B032
:1056F00000BD00BF6881030010DF704700BF18467F
:1057000082B003468DF807309DF907301F2B07DC68
:105710009DF907300C4A22FA03F303F0010310E06D
:105720009DF907303F2B0BDC9DF90730203B012210
:1057300002FA03F3002B14BF01230023DBB200E0C5
:105740000123184602B07047FC06FFBD82B00190ED
:10575000019B072B07D8EC22019B42FA03F303F0CD
:105760000103002B01D1002300E00123184602B001
:105770007047000000B583B003468DF807309DF9EF
:1057800007301846FFF7BCFF0346002B02D142F258
:1057900001032EE09DF907301846FFF777FF034617
:1057A0001846FFF7D3FF0346002B02D142F2020353
:1057B0001FE0114B9B68002B15D09DF907305B094A
:1057C0000D4A52F823209DF8073003F01F030121F2
:1057D00001FA03F319469DF907305B090A430649AC
:1057E00041F8232004E09DF907301846FFF734FF05
:1057F0000023184603B000BD0037002000B587B075
:1058000003468DF8073002AB13491846FEF788FBB4
:1058100017E002AB1846FFF75DFF0590059B1B687C
:105820000493059B59689DF80720049B10469847F0
:105830000346002B01D111230BE002AB1846FEF703
:1058400099FB02AB1846FFF745FF0346002BE0D15A
:105850000023184607B000BD1882030000B587B0CA
:1058600003468DF8073002AB11491846FEF758FB86
:1058700012E002AB1846FFF72DFF0590059B1B6851
:105880000493059B59689DF80720049B1046984790
:1058900002AB1846FEF76EFB02AB1846FFF71AFF85
:1058A0000346002BE5D100BF00BF07B000BD00BF1D
:1058B0002482030000B583B01620FFF75BFF019040
:1058C000019B0093009B002B04D0044AA121009867
:1058D000FBF744FE00BF03B000BD00BFC48103005E
:1058E00000B585B0224B1B78002B01D008233CE08B
:1058F000204B01221A700020FFF780FF0346112B76
:1059000001D1002331E00020FFF7A8FF1A4B1B68EC
:10591000029300238DF807300DF107031846FCF7BA
:1059200017FE02AB15491846FFF7E6FE0390039BEE
:10593000002B0CBF01230023DAB20D4B1A709DF827
:1059400007301846FCF718FE039B002B01D0039B81
:105950000BE0084B00221A70094B00221A70FFF767
:10596000A9FF0120FFF77AFF0023184605B000BD0C
:105970007C3F00207E3F0020148203007915030045
:105980007D3F0020014B1B78184670477C3F00206C
:1059900000B585B06B4610491846FEF7C1FA10E015
:1059A0006B461846FFF796FE0390039B1B68029315
:1059B000039B5A68029B104698476B461846FEF7B1
:1059C000D9FA6B461846FFF785FE0346002BE7D150
:1059D00000BF00BF05B000BD3082030008B5FFF76F
:1059E000D7FF00BF08BD60DF704700BF184669DF02
:1059F000704700BF184661DF704700BF18460000BF
:105A000000B583B00190019B002B03D10449C42051
:105A1000F1F76AFD019B5B68184603B000BD00BF4B
:105A20003C82030082B00190019B002B01D10E2328
:105A300004E0044B1A46019B1A600023184602B08A
:105A4000704700BFE82A002010B586B003460091D9
:105A50008DF807300098FFF7E5FF0590059B002BB8
:105A600001D0059BECE002AB0C220021184600F0AF
:105A700075FE9DF807308DF8083001238DF80A3047
:105A80000623ADF80C30009B1A6802AB19462020A3
:105A9000FFF7ADFF0590059B002B0FD06A4A6B4BBB
:105AA000D31ADB081B0443F001040598FEF730FB12
:105AB00003461A4666492046FEF7D9FF02AB0C2280
:105AC0000021184600F04AFE01238DF8093000231A
:105AD0008DF80A3000238DF80B30009B1A6802AB5A
:105AE00019464020FFF783FF0590059B002B0FD040
:105AF000554A564BD31ADB081B0443F001040598A2
:105B0000FEF706FB03461A4652492046FEF7AFFF52
:105B100002AB0C220021184600F020FE9DF8073051
:105B20008DF80830F723ADF80A30009B1A6802ABF5
:105B300019462320FFF75BFF0590059B002B0FD034
:105B4000414A424BD31ADB081B0443F00104059879
:105B5000FEF7DEFA03461A463F492046FEF787FF66
:105B600002AB0C220021184600F0F8FD01238DF84D
:105B70000830009B1A6802AB19460120FFF737FF77
:105B80000590059B002B0FD02F4A304BD31ADB0812
:105B90001B0443F001040598FEF7BAFA03461A46BF
:105BA0002E492046FEF763FF02AB0C220021184667
:105BB00000F0D4FD4FF4B0630293009B1A6802AB6F
:105BC0001946A120FFF713FF0590059B002B0FD06E
:105BD0001D4A1E4BD31ADB081B0443F00104059831
:105BE000FEF796FA03461A461D492046FEF73FFF88
:105BF00002AB0C220021184600F0B0FD9DF80830E1
:105C000023F001038DF80830009B1A6802AB194697
:105C1000A020FFF7ECFE0590059B002B0FD00A4A51
:105C20000A4BD31ADB081B0443F001040598FEF766
:105C30006FFA03461A460B492046FEF718FF002369
:105C4000184606B010BD00BF70690300006903006C
:105C50009C820300E4820300308303007883030006
:105C6000C48303001884030082B04FF08053D3F83C
:105C70000C319B020193019B03F10053184602B0C3
:105C80007047000010B584B00190019B1B6803931E
:105C90000198FFF7A8FE0290019B1B68039A9A42A5
:105CA00029D2224A224BD31ADB081B0443F00203F9
:105CB00020491846FEF7CEFE1C4A1D4BD31ADB08BE
:105CC0001B0443F00200019B1B68039A1A49FEF76C
:105CD000DEFE164A164BD31ADB081B0443F00204FF
:105CE000FFF7C2FF0246019B1B68D31A1A461349ED
:105CF0002046FEF7BCFE029B002B03D1104B012275
:105D00001A700FE0094A0A4BD31ADB081B0443F050
:105D100001040298FEF7FCF903461A460949204699
:105D2000FEF7A5FE029B184604B010BD7069030083
:105D3000006903006C8403009C840300D08403008A
:105D40007F3F0020FC84030000B5ADF5077D86ABE6
:105D5000A3F505731860234B1B7883F00103DBB2B6
:105D6000002B3BD14FF4FA73ADF806320DF2062248
:105D700002AB11461846FFF73EFE8590859B002B2F
:105D800003D0859B052B22D129E002AB84937FAB06
:105D900015491846FEF7C4F811E07FAB1846FFF727
:105DA0002FFE8390839B1B688293839B5A68829B00
:105DB0001146849898477FAB1846FEF7DBF87FAB17
:105DC0001846FFF71DFE0346002BE6D1CAE7074A37
:105DD00040F23B118598FBF7C1FB00E000BF0DF5D9
:105DE000077D00BD7F3F0020708503001C850300F8
:105DF00000B583B00190019B002B03D10449C4205E
:105E0000F1F772FB019B5B68184603B000BD00BF51
:105E10007C8503004BDF704700BF184600B589B092
:105E2000019004AB1846FFF7F5FF0790079B002B86
:105E300003D0079B052B20D124E002AB1349184661
:105E4000FEF76EF811E002AB1846FFF7D1FF06909F
:105E5000069B1B680593049A069B5968059B104690
:105E6000984702AB1846FEF785F802AB1846FFF7D5
:105E7000BFFF0346002BE6D1D3E7054A6B21079805
:105E8000FBF76CFB00BF09B000BD00BF308603000C
:105E9000DC85030000B587B0019002AB00221A60D8
:105EA0005A609A60DA60019B5B680293019B1B68F1
:105EB00003934FF0CD63049302238DF8143002A9AD
:105EC00000230A4A0A48F7F759F90346094A1360BA
:105ED000084B1B68002B02D0064B1B6803E00448EC
:105EE000F7F7D8F90023184607B000BDF95E0300A4
:105EF0003C860300843F002082B001900091019B0A
:105F00001B78002B09D1019B1B79012B03D8054B72
:105F100001221A7000E000BF00E000BF00BF02B025
:105F2000704700BF803F002000B585B00190019808
:105F3000FFF7B0FF0390039B002B01D1002300E08B
:105F40000123184605B000BD00B583B00190019B48
:105F50001B68184600F03AF80346002B04D10B49A1
:105F60004FF4F670F1F7C0FA019B1B681F2B02D8A3
:105F70004FF0A04306E0019B1B6803F01F02019B4A
:105F80001A60034B184603B000BD00BF44860300EF
:105F90000003005000B585B0019001AB1846FFF733
:105FA000D3FF0390039800F009F80246019B22FA00
:105FB00003F303F00103184605B000BD82B0019061
:105FC000019BD3F81035184602B0704784B0019099
:105FD000019B5B09029300230393029B002B03D0D8
:105FE000029B012B04D007E04FF0FF33039303E043
:105FF0004FF6FF73039300BF019B03F01F03019350
:10600000039A019B22FA03F303F00103DBB2184663
:1060100004B0704782B001900B468DF803309DF8B4
:106020000330019A1344184602B0704782B00190C1
:106030000B468DF803309DF80320019B02F5A872F2
:1060400053F82230184602B0704782B00190019B8D
:106050009B004033DBB2184602B0704710B582B0E7
:1060600001900091019B5B791A46009B934204D3F7
:10607000094940F26310F1F737FA019B1C68009858
:10608000FFF7E3FF034619462046FFF7C3FF034629
:10609000184602B010BD00BF7486030000B583B07F
:1060A00001900B468DF80330019B1B689DF803207F
:1060B00011461846FFF7BAFF0346184603B000BD65
:1060C00082B003460091ADF8063000BF02B07047C1
:1060D00000B587B001900B468DF8033000212348AE
:1060E000FFF7DCFF05900B20FFF754FF0346002B62
:1060F0002ED01F4B1B78DBB2002B1FD01D4B1B6813
:10610000059AD31A04931C4B1B78DBB2002B15D0D5
:106110001A4B1A68174B1B68D31A0393049B002B66
:106120000CD0039A049B9A4208D8154A039B13602B
:10613000144A049B1360144B01221A700D4A059BEC
:1061400013600B4B01221A700B4B00221A700AE0ED
:10615000074B1B78DBB2002B05D0084A059B136068
:10616000054B01221A7000BF07B000BDB0860300C6
:106170009C3F00208C3F00209D3F0020903F00204E
:10618000943F0020983F00209E3F002030B585B00E
:1061900000238DF8043000238DF8053000238DF89E
:1061A000063006238DF807300023029303238DF871
:1061B000003000238DF801309DF8023023F00103F8
:1061C0008DF802309DF8023023F002038DF8023082
:1061D0009DF8023023F004038DF802305E4B1B78EB
:1061E000002B01D00823B3E05C4B00221A605C4B0B
:1061F00000221A605B4B00221A605B4B00221A607F
:106200005A4B00221A705A4B00221A70594B002226
:106210001A7000238DF8043000238DF80530032315
:106220008DF8063007238DF8073001AB524A194626
:106230005248FAF7CDFA0390039B002B01D0039B41
:1062400086E0F8F7C1F8034683F00103DBB2002BC8
:106250000AD0F8F755F80390039B002B04D0474869
:10626000FAF7B8FB039B73E000238DF801306B460F
:10627000434A19460B20F8F7B3F80390039B002B11
:1062800004D03E48FAF7A6FB039B61E0F6F7A6FDB3
:106290000390039B002B0AD0039B852B07D00B2078
:1062A000F8F7E2F93548FAF795FB039B50E03548DB
:1062B000FAF72EFD0390039B002B07D00B20F8F775
:1062C000D3F92E48FAF786FB039B41E02D4B1C784F
:1062D0000B20F8F767FA054600212848FFF7BEFEB5
:1062E00003461A4629462046FAF79CFD0390039B75
:1062F000002B0CD0234B1B781846FAF763FD0B20BC
:10630000F8F7B2F91D48FAF765FB039B20E01D4B37
:106310001B781846FAF7BEFD0390039B002B0CD0A8
:10632000184B1B781846FAF74DFD0B20F8F79CF92F
:106330001248FAF74FFB039B0AE01048FAF778FB84
:1063400001210B20F8F7C8F8034B01221A70002333
:10635000184605B030BD00BF893F00208C3F0020AB
:10636000903F0020943F0020983F00209C3F002059
:106370009D3F00209E3F0020C1600300B0860300C7
:10638000D1600300883F00202DE9F04F8BB00590CD
:10639000059B002B06D0454B1B7883F00103DBB235
:1063A000002B01D000237DE000238DF81E300DF17D
:1063B0001E031846FCF7CCF83D4B1B788DF81F30B8
:1063C0009DF81F30002B08D03A4B1B6809933A4BBD
:1063D0001B680893364B00221A709DF81E30184631
:1063E000FCF7CAF89DF81F3083F00103DBB2002BE5
:1063F00006D1089B002B03D0099A089B9A4201D929
:1064000000234FE0059B099A1A60059B089A5A6081
:10641000099B00221E46174632463B464FF00000BD
:106420004FF00001590141EAD261500102460B468A
:10643000941B63EB07054FF000024FF00003AB0025
:1064400043EA9473A20014461D4614EB060845EB7C
:1064500007094FF000024FF000034FEAC90343EA77
:1064600058734FEAC8029046994642464B460899EF
:10647000490800208A46834612EB0A01009143EB4B
:106480000B030193089B002202930392DDE9022390
:10649000DDE9000100F058F802460B4692B2059B78
:1064A0001A81012318460BB0BDE8F08F893F002008
:1064B0009E3F0020943F0020983F002042F6644118
:1064C000C2F20001096800F000B880B50B468DF8F3
:1064D00003000DF103000121012200F01EF89DF8D8
:1064E0000310002808BF411E084608BD38B542F613
:1064F0006441C2F2000104460D6800F0E6F802466D
:106500002846214600F0D3F8013004D00A20BDE827
:106510003840FFF7D3BFC04338BDF8B51D46174616
:106520000C460646184600F0A6F8002803D407FBE0
:1065300004F2A24201D20020F8BD2846314600F004
:10654000B6F8B0FBF4F0F8BD002B35D129B9B0FB9B
:10655000F2FC0CFB120260467047914215D22DE905
:10656000F041B2FA82F39A409940D3F1200C30FA0C
:106570000CFC51EA0C01984000F04EF8280036FA65
:1065800003F200210023BDE8F081F0B5B1FBF2FC7D
:106590000CFB1211B2FA82F39A409940D3F1200613
:1065A00030FA06F63143984000F036F8614628008C
:1065B0003200DA400023F0BDF3B5B3FA83FC49089A
:1065C0005FEA300013FA0CF3DCF1200432FA04F431
:1065D00023430CB41A0000F01FF80CBC33FA0CF380
:1065E000DCF11F0C35FA0CF518BF6D1E03BCA5FBC2
:1065F000026705FB0377801BB941904271EB030CE6
:1066000005D3821A71EB0303681C0021F0BD020060
:106610000B0028000021F0BD940D4FF6C2752D022D
:10662000B5FBF4F4D60A761C04FB04F5A5FB06566C
:10663000F64306EB0416550832BF002777086D1C99
:1066400005FB1677A6FB07477F0807EBC637140044
:106650001500E7FB02457F1B4D1C0400E7FB0145CD
:1066600005FB1206A64284BF6D1EB618964224BFD3
:106670006D1CB61A704742F66041C2F2000142F644
:106680006442C2F200020968126842F66843C2F22C
:106690000003411A1B6818BF0121821A18BF01228A
:1066A0001140C01A18BF01200840404270470068DE
:1066B000FEF7A8BF082907D343F6AC72C2F2000266
:1066C00010600022C0E900217047017889B14FF0C5
:1066D000013C0346194653F8042BCCFA52F2002A27
:1066E000F8D092FAA2F2B2FA82F201EBD201081AC1
:1066F00070470020704700005AB3844690EA0103B7
:106700009B071FD1830707D011F8013B00F8013B1D
:10671000521EF7D11CE08446203A09D32DE9F00738
:10672000B1E8F807A0E8F807203AF9D2BDE8F00789
:106730001C3205D451F8043B40F8043B121FF9D237
:10674000043205D011F8013B00F8013B521EF9D18B
:106750006046704700220B0011001A0084465AB3AD
:10676000830704D000F8011B521EF9D124E0C9B2FE
:1067700041EA012141EA0141202A11D3203A2DE9C1
:10678000F0030B460C460D460E460F4688468946DA
:10679000A0E8FA03203AFBD2BDE8F00320320BD088
:1067A000042A05D340F8041B121F05D0042AF9D28D
:1067B00000F8011B521EFBD1604670478446002042
:1067C000002918BF002A0ED0097848B200280BD43F
:1067D000BCF1000F18BFCCF800100021C3E9001174
:1067E000002818BF012070476FF0010070477F2913
:1067F0008EBF6FF0010001700120704743F6B07149
:10680000C2F200010968002904BF42F66C41C2F2DD
:106810000001496889680A68092110477F280BD858
:1068200048F64C02C0F2030248F6CC03C0F2030360
:10683000105C595C0840704700207047A0F161016E
:106840001A2938BF20387047A0F141011A2938BFF2
:10685000203070477F280BD848F64C02C0F2030264
:1068600048F6CC03C0F20303105C595C0840704743
:1068700000207047A0F161011A2938BF2038704705
:0C688000A0F141011A2938BF20307047F8
:08688C0025CD02000000000010
:1068940079B80200000000009DC20200842C002090
:1068A4005FB00200A42C00208D94020000000000C0
:1068B4007FB6020000000000D5C70200F02A0020C5
:1068C40041C50200982C0020257B02000000000036
:0868D40049CD020000000000A4
:1068DC00495D0300000000001D5E03000000000085
:1068EC00343800206C3700207437002074370020B7
:0468FC001800000080
:106900005870030000000000187103000000000030
:10691000107403000000000070710300000000000C
:10692000B8730300000000002472030000000000A0
:10693000DC72030000000000348003000000030349
:10694000147403000000000028750300000000001C
:10695000DC6E030000000000F46E03000000000085
:10696000846D030000000303BC81030000000303E7
:106970009082030000000303D0850300000003039E
:106980003C79030000000000147A030000000000BE
:086990007C6F03000000000011
:106998009C7F030000000000B87F03001C2C00202F
:1069A800182B0020382B0020582B0020433A5C5726
:1069B8004F524B5C4E6F726469635C6E5246355F32
:1069C80053444B5F31372E312E305F646464653534
:1069D80036305C6578616D706C65735C4D795F709D
:1069E800726F6A6563745C626C655F6170705F7515
:1069F8006172745C6D61696E2E63000002000200B2
:106A08004E6F20636F6D706C6574652048616C6CA7
:106A18002050574D2073616D706C652E000000008A
:106A280048616C6C2050574D3A2025752E257525E8
:106A3800252C20706572696F643A20257520746969
:106A4800636B730048616C6C2073656E736F7220A2
:106A58006661696C65642061742073746172742E58
:106A6800000000004E6F726469635F554152540024
:106A78004661696C656420726563656976696E67ED
:106A8800204E5553206D6573736167652E204572DE
:106A9800726F7220307825782E200000436F6E6E5A
:106AA8006563746564000000446973636F6E6E65A6
:106AB800637465640000000044617461206C656E55
:106AC8002069732073657420746F203078255828E6
:106AD800256429000700000029000000FFFFFFFFD0
:106AE800FFFFFFFF0000000000E0D7010D0A55413D
:106AF800525420737461727465642E0D0000000096
:106B08000D0A5541525420737461727465642E0DD8
:106B18000A0000004465627567206C6F6767696EDC
:106B28006720666F722055415254206F7665722037
:106B380052545420737461727465642E000000000E
:106B4800416363656C20746573742072756E6E6939
:106B58006E6700004D433336333520696E69742EF5
:106B68000000000050726573737572652065766564
:106B78006E74206F636375727265642E0000000086
:106B880048616C6C2073656E736F72206661696C06
:106B9800656420647572696E672066697273742013
:106BA8006379636C652E000052656164696E6720C5
:106BB80048616C6C2073656E736F722064757269BE
:106BC8006E67206669727374206379636C652E0042
:106BD80046697273742031302D7365636F6E64205B
:106BE8006379636C6520636F6D706C657465642E82
:106BF80000000000456E746572696E67206D6F6EE7
:106C080069746F72696E67206379636C652E000022
:106C180048616C6C20616E6420616363656C6572A9
:106C28006F6D65746572204F4B2E000053656E734F
:106C38006F72207468726573686F6C64206661692E
:106C48006C65642E00000000496E76616C696420F2
:106C58006170706C69636174696F6E2073746174BC
:106C6800653A202564000000100000000D000000B7
:106C78004C0000002E2E2F2E2E2F2E2E2F2E2E2F94
:106C88002E2E2F2E2E2F6D6F64756C65732F6E72DE
:106C980066782F68616C2F6E72665F6770696F2EF9
:106CA80068000000433A5C574F524B5C4E6F726469
:106CB80069635C6E5246355F53444B5F31372E3102
:106CC8002E305F646464653536305C636F6D706F59
:106CD8006E656E74735C626F617264735C626F611F
:106CE8007264732E630000002E2E2F2E2E2F2E2E50
:106CF8002F2E2E2F2E2E2F2E2E2F6D6F64756C6536
:106D0800732F6E7266782F68616C2F6E72665F677C
:106D180070696F2E68000000782B0020982B0020E7
:106D2800B82B002026000300458A0200433A5C572E
:106D38004F524B5C4E6F726469635C6E5246355FAE
:106D480053444B5F31372E312E305F6464646535B0
:106D580036305C636F6D706F6E656E74735C626CF9
:106D6800655C636F6D6D6F6E5C626C655F636F6EA3
:106D78006E5F73746174652E630000006E72665FE7
:106D8800626C655F676174740000000073645F6221
:106D98006C655F6761705F646174615F6C656E6785
:106DA80074685F757064617465282920287265713C
:106DB8007565737429206F6E20636F6E6E656374DA
:106DC800696F6E20307825782072657475726E65EB
:106DD800642025732E000000546865207265717563
:106DE80065737465642054582F5258207061636B22
:106DF8006574206C656E67746820697320746F6FA2
:106E0800206C6F6E672062792025752F2575206F9D
:106E180063746574732E000054686520726571751B
:106E2800657374656420636F6D62696E6174696F00
:106E38006E206F6620545820616E6420525820706E
:106E480061636B6574206C656E6774687320697321
:106E580020746F6F206C6F6E672062792025752013
:106E68006D6963726F7365636F6E64732E000000E3
:106E780073645F626C655F67617474635F65786390
:106E880068616E67655F6D74755F7265717565734E
:106E98007428292072657475726E65642025732EB6
:106EA8000000000073645F626C655F6761747473EF
:106EB8005F65786368616E67655F6D74755F72653D
:106EC800706C7928292072657475726E6564202546
:106ED800732E0000626C655F6E7573009ECADC24B9
:106EE8000EE5A9E093F3A3B50000406E636C6F63F1
:106EF8006B000000433A5C574F524B5C4E6F726414
:106F080069635C6E5246355F53444B5F31372E31AF
:106F18002E305F646464653536305C696E7465670D
:106F2800726174696F6E5C6E7266785C6C656761BD
:106F380063795C6E72665F6472765F636C6F636BB5
:106F48002E6300002E2E2F2E2E2F2E2E2F2E2E2F7C
:106F58002E2E2F2E2E2F6D6F64756C65732F6E720B
:106F680066782F68616C2F6E72665F6770696F2E26
:106F78006800000074776900433A5C574F524B5CD5
:106F88004E6F726469635C6E5246355F53444B5F63
:106F980031372E312E305F646464653536305C6974
:106FA8006E746567726174696F6E5C6E7266785C28
:106FB8006C65676163795C6E72665F6472765F7434
:106FC80077692E63000000000338FDD87047000081
:106FD800433A5C574F524B5C4E6F726469635C6E08
:106FE8005246355F53444B5F31372E312E305F6444
:106FF8006464653536305C696E746567726174699E
:107008006F6E5C6E7266785C6C65676163795C6EE6
:1070180072665F6472765F756172742E6300000039
:107028002E2E2F2E2E2F2E2E2F2E2E2F2E2E2F2E73
:107038002E2F696E746567726174696F6E2F6E7238
:1070480066782F6E7266785F676C75652E680000CB
:10705800434C4F434B000000433A5C574F524B5C44
:107068004E6F726469635C6E5246355F53444B5F82
:1070780031372E312E305F646464653536305C6D8F
:107088006F64756C65735C6E7266785C6472697641
:107098006572735C7372635C6E7266785F636C6F43
:1070A800636B2E63000000002E2E2F2E2E2F2E2E07
:1070B8002F2E2E2F2E2E2F2E2E2F696E746567726F
:1070C8006174696F6E2F6E7266782F6E7266785F64
:1070D800676C75652E6800002E2E2F2E2E2F2E2EF3
:1070E8002F2E2E2F2E2E2F2E2E2F6D6F64756C6542
:1070F800732F6E7266782F68616C2F6E72665F6789
:1071080070696F2E680000000000005000030050F6
:107118004750494F54450000433A5C574F524B5C27
:107128004E6F726469635C6E5246355F53444B5FC1
:1071380031372E312E305F646464653536305C6DCE
:107148006F64756C65735C6E7266785C6472697680
:107158006572735C7372635C6E7266785F67706980
:107168006F74652E6300000050525300433A5C5719
:107178004F524B5C4E6F726469635C6E5246355F6A
:1071880053444B5F31372E312E305F64646465356C
:1071980036305C6D6F64756C65735C6E7266785CB6
:1071A800647269766572735C7372635C7072735C27
:1071B8006E7266785F7072732E6300002E2E2F2E0B
:1071C8002E2F2E2E2F2E2E2F2E2E2F2E2E2F696E57
:1071D800746567726174696F6E2F6E7266782F6E50
:1071E8007266785F676C75652E6800002E2E2F2EEC
:1071F8002E2F2E2E2F2E2E2F2E2E2F2E2E2F6D6F22
:1072080064756C65732F6E7266782F68616C2F6E6B
:1072180072665F6770696F2E6800000055415254AE
:1072280000000000433A5C574F524B5C4E6F72644B
:1072380069635C6E5246355F53444B5F31372E317C
:107248002E305F646464653536305C6D6F64756CD0
:1072580065735C6E7266785C647269766572735C7D
:107268007372635C6E7266785F756172742E630008
:1072780059F702002E2E2F2E2E2F2E2E2F2E2E2F88
:107288002E2E2F2E2E2F696E746567726174696FAA
:107298006E2F6E7266782F6E7266785F676C756592
:1072A8002E6800002E2E2F2E2E2F2E2E2F2E2E2F14
:1072B8002E2E2F2E2E2F6D6F64756C65732F6E72A8
:1072C80066782F68616C2F6E72665F6770696F2EC3
:1072D800680000005541525445000000433A5C578D
:1072E8004F524B5C4E6F726469635C6E5246355FF9
:1072F80053444B5F31372E312E305F6464646535FB
:1073080036305C6D6F64756C65735C6E7266785C44
:10731800647269766572735C7372635C6E726678A8
:107328005F75617274652E6300000000CD03030071
:10733800433A5C574F524B5C4E6F726469635C6EA4
:107348005246355F53444B5F31372E312E305F64E0
:107358006464653536305C696E746567726174693A
:107368006F6E5C6E7266785C6C65676163795C6E83
:1073780072665F6472765F636F6D6D6F6E2E630009
:107388002E2E2F2E2E2F2E2E2F2E2E2F2E2E2F2E10
:107398002E2F696E746567726174696F6E2F6E72D5
:1073A80066782F6E7266785F676C75652E68000068
:1073B80054494D4552000000433A5C574F524B5CCC
:1073C8004E6F726469635C6E5246355F53444B5F1F
:1073D80031372E312E305F646464653536305C6D2C
:1073E8006F64756C65735C6E7266785C64726976DE
:1073F8006572735C7372635C6E7266785F74696DD4
:1074080065722E6300000000505049006170705F83
:10741800627574746F6E0000433A5C574F524B5C50
:107428004E6F726469635C6E5246355F53444B5FBE
:1074380031372E312E305F646464653536305C63D5
:107448006F6D706F6E656E74735C6C696272617279
:107458006965735C627574746F6E5C6170705F628D
:107468007574746F6E2E6300E02B0020534F4654E2
:107478004445564943453A20415353455254494F90
:107488004E204641494C454400000000534F4654A5
:107498004445564943453A20494E56414C494420B3
:1074A8004D454D4F52592041434345535300000029
:1074B800415353455254494F4E204641494C454447
:1074C8002061742025733A25750000004552524FFB
:1074D80052202575205B25735D2061742025733A41
:1074E80025750D0A50432061743A203078253038CC
:1074F80078000000456E64206F66206572726F72B6
:10750800207265706F727400554E4B4E4F574E2067
:107518004641554C54206174203078253038580045
:107528006170705F74696D6572000000433A5C5762
:107538004F524B5C4E6F726469635C6E5246355FA6
:1075480053444B5F31372E312E305F6464646535A8
:1075580036305C636F6D706F6E656E74735C6C69EA
:10756800627261726965735C74696D65725C617081
:10757800705F74696D6572322E6300000100060049
:1075880000000000D036002089180300FFFFFFFF2D
:10759800FFFFFFFFFFFFFFFFFFFFFFFF00000000EF
:1075A800000000000000D60106010000433A5C57C5
:1075B8004F524B5C4E6F726469635C6E5246355F26
:1075C80053444B5F31372E312E305F646464653528
:1075D80036305C636F6D706F6E656E74735C6C696A
:1075E800627261726965735C756172745C617070F6
:1075F8005F756172745F6669666F2E6300000000D4
:10760800433A5C574F524B5C4E6F726469635C6ED1
:107618005246355F53444B5F31372E312E305F640D
:107628006464653536305C636F6D706F6E656E745B
:10763800735C6C69627261726965735C7574696C9C
:107648005C6170705F7574696C5F706C6174666F93
:10765800726D2E63000000002E2E2F2E2E2F2E2E40
:107668002F2E2E2F2E2E2F2E2E2F696E74656772B9
:107678006174696F6E2F6E7266782F6E7266785FAE
:10768800676C75652E6800002E2E2F2E2E2F2E2E3D
:107698002F2E2E2F2E2E2F2E2E2F6D6F64756C658C
:1076A800732F6E7266782F68616C2F6E72665F72C8
:1076B80074632E6800000000433A5C574F524B5CDD
:1076C8004E6F726469635C6E5246355F53444B5F1C
:1076D80031372E312E305F646464653536305C6333
:1076E8006F6D706F6E656E74735C6C6962726172D7
:1076F8006965735C74696D65725C6472765F7274D7
:10770800632E630052544320696E7374616E63651F
:1077180020616C726561647920696E697469616C55
:10772800697A65642E0000005254433A20696E69F4
:107738007469616C697A65642E0000005254433A9A
:1077480020556E696E697469616C697A65642E008A
:1077580000000000000000000338FDD8704700005A
:10776800433A5C574F524B5C4E6F726469635C6E70
:107778005246355F53444B5F31372E312E305F64AC
:107788006464653536305C636F6D706F6E656E74FA
:10779800735C6C69627261726965735C62616C6C5E
:1077A8006F635C6E72665F62616C6C6F632E630000
:1077B800433A5C574F524B5C4E6F726469635C6E20
:1077C8005246355F53444B5F31372E312E305F645C
:1077D8006464653536305C65787465726E616C5CBE
:1077E800667072696E74665C6E72665F66707269E6
:1077F8006E74662E63000000433A5C574F524B5C30
:107808004E6F726469635C6E5246355F53444B5FDA
:1078180031372E312E305F646464653536305C65EF
:10782800787465726E616C5C667072696E74665CA1
:107838006E72665F667072696E74665F666F726D8F
:1078480061742E630000000030313233343536372E
:107858003839414243444546433A5C574F524B5CA2
:107868004E6F726469635C6E5246355F53444B5F7A
:1078780031372E312E305F646464653536305C6391
:107888006F6D706F6E656E74735C6C696272617235
:107898006965735C6D656D6F626A5C6E72665F6D5B
:1078A800656D6F626A2E63002E2E2F2E2E2F2E2EC0
:1078B8002F2E2E2F2E2E2F2E2E2F636F6D706F6E64
:1078C800656E74732F6C69627261726965732F6576
:1078D80078706572696D656E74616C5F73656374E9
:1078E800696F6E5F766172732F6E72665F73656320
:1078F80074696F6E5F697465722E68002E2E2F2E64
:107908002E2F2E2E2F2E2E2F2E2E2F2E2E2F636F14
:107918006D706F6E656E74732F6C696272617269D7
:1079280065732F6D757465782F6E72665F6D7478E8
:107938002E6800007077725F6D676D74000000003C
:10794800433A5C574F524B5C4E6F726469635C6E8E
:107958005246355F53444B5F31372E312E305F64CA
:107968006464653536305C636F6D706F6E656E7418
:10797800735C6C69627261726965735C7077725F5F
:107988006D676D745C6E72665F7077725F6D676D40
:10799800742E6300D4680300D46803000400000058
:1079A800433A5C574F524B5C4E6F726469635C6E2E
:1079B8005246355F53444B5F31372E312E305F646A
:1079C8006464653536305C636F6D706F6E656E74B8
:1079D800735C6C69627261726965735C6578706505
:1079E80072696D656E74616C5F73656374696F6EDF
:1079F8005F766172735C6E72665F73656374696FDC
:107A08006E5F697465722E6300000000736F727494
:107A18006C69737400000000433A5C574F524B5C2A
:107A28004E6F726469635C6E5246355F53444B5FB8
:107A380031372E312E305F646464653536305C63CF
:107A48006F6D706F6E656E74735C6C696272617273
:107A58006965735C736F72746C6973745C6E72665B
:107A68005F736F72746C6973742E6300556E6B6EFE
:107A78006F776E206572726F7220636F64650000A5
:107A88004E52465F53554343455353004E52465F4B
:107A98004552524F525F5356435F48414E444C45FE
:107AA800525F4D495353494E470000004E52465FBE
:107AB8004552524F525F534F4654444556494345E9
:107AC8005F4E4F545F454E41424C45440000000014
:107AD8004E52465F4552524F525F494E5445524EA0
:107AE800414C00004E52465F4552524F525F4E4F36
:107AF8005F4D454D000000004E52465F4552524FC3
:107B0800525F4E4F545F464F554E44004E52465FAB
:107B18004552524F525F4E4F545F535550504F523B
:107B2800544544004E52465F4552524F525F494EAB
:107B380056414C49445F504152414D004E52465FB8
:107B48004552524F525F494E56414C49445F535437
:107B5800415445004E52465F4552524F525F494E7E
:107B680056414C49445F4C454E475448000000007C
:107B78004E52465F4552524F525F494E56414C490C
:107B8800445F464C414753004E52465F4552524F60
:107B9800525F494E56414C49445F444154410000AC
:107BA8004E52465F4552524F525F444154415F53D3
:107BB800495A45004E52465F4552524F525F54490A
:107BC8004D454F55540000004E52465F4552524FA6
:107BD800525F4E554C4C00004E52465F4552524F34
:107BE800525F464F5242494444454E004E52465F0A
:107BF8004552524F525F494E56414C49445F4144A9
:107C0800445200004E52465F4552524F525F425511
:107C1800535900004E52465F4552524F525F434FF0
:107C28004E4E5F434F554E54000000004E52465F83
:107C38004552524F525F5245534F55524345530098
:107C48004E52465F4552524F525F4D4F44554C4538
:107C58005F4E4F545F494E495449414C495A454437
:107C6800000000004E52465F4552524F525F4D553C
:107C78005445585F494E49545F4641494C45440074
:107C88004E52465F4552524F525F4D555445585FCC
:107C98004C4F434B5F4641494C4544004E52465F6A
:107CA8004552524F525F4D555445585F554E4C4FB3
:107CB800434B5F4641494C45440000004E52465FE5
:107CC8004552524F525F4D555445585F434F4E44AD
:107CD8005F494E49545F4641494C45440000000005
:107CE8004E52465F4552524F525F4D4F44554C4598
:107CF8005F414C52454144595F494E495449414CB2
:107D0800495A4544000000004E52465F4552524FC2
:107D1800525F53544F524147455F46554C4C000003
:107D28004E52465F4552524F525F4150495F4E4F47
:107D3800545F494D504C454D454E54454400000054
:107D48004E52465F4552524F525F46454154555236
:107D5800455F4E4F545F454E41424C45440000003C
:107D68004E52465F4552524F525F494F5F50454E03
:107D780044494E47000000004E52465F4552524F5C
:107D8800525F4452565F5457495F4552525F4F56AF
:107D9800455252554E0000004E52465F4552524FD2
:107DA800525F4452565F5457495F4552525F414EA5
:107DB80041434B004E52465F4552524F525F445228
:107DC800565F5457495F4552525F444E41434B00FA
:107DD8004E52465F4552524F525F424C455F4950A2
:107DE80053505F52585F504B545F5452554E434165
:107DF800544544004E52465F4552524F525F424CE2
:107E0800455F495053505F4348414E4E454C5F4192
:107E18004C52454144595F4558495354530000005A
:107E28004E52465F4552524F525F424C455F495051
:107E380053505F4C494E4B5F444953434F4E4E4558
:107E480043544544000000004E52465F4552524F8D
:107E5800525F424C455F495053505F504545525F11
:107E680052454A45435445440000000000000000C4
:107E7800887A030001000000947A030002000000E1
:107E8800B47A030003000000D87A0300040000005D
:107E9800EC7A030005000000007B030006000000E8
:107EA800147B0300070000002C7B0300080000007F
:107EB800447B0300090000005C7B03000A0000000B
:107EC800787B03000B000000907B03000C0000008F
:107ED800A87B03000D000000BC7B03000E0000001F
:107EE800D07B03000F000000E07B030010000000BF
:107EF800F47B0300110000000C7C0300120000005A
:107F08001C7C030013000000347C03008000000088
:107F1800487C0300810000006C7C030082000000A4
:107F2800887C030083000000A47C03008400000018
:107F3800C47C030085000000E87C03008600000084
:107F4800107D030090000000287D030091000000D0
:107F5800487D030092000000687D03000082000055
:107F6800807D030001820000A07D030002820000E2
:107F7800BC7D030000840000D87D0300018400005C
:107F8800FC7D030002840000287E030003840000B7
:107F9800507E030081420300B3420300A94203005C
:107FA80000000000000000000338FDD87047000002
:107FB8007274745F6C6F675F6261636B656E640097
:107FC800433A5C574F524B5C4E6F726469635C6E08
:107FD8005246355F53444B5F31372E312E305F6444
:107FE8006464653536305C636F6D706F6E656E7492
:107FF800735C6C69627261726965735C6C6F675CF3
:108008007372635C6E72665F6C6F675F64656661EE
:10801800756C745F6261636B656E64732E630000D8
:108028003C3800207F000000BC38002061707000E0
:10803800433A5C574F524B5C4E6F726469635C6E97
:108048005246355F53444B5F31372E312E305F64D3
:108058006464653536305C636F6D706F6E656E7421
:10806800735C6C69627261726965735C6C6F675C82
:108078007372635C6E72665F6C6F675F66726F6E59
:1080880074656E642E6300004261636B656E647391
:1080980020666C7573686564000000006572726F15
:1080A800720000007761726E696E6700696E666FB4
:1080B8000000000064656275670000001B5B306D9E
:1080C800000000001B5B313B33306D001B5B313B14
:1080D80033316D001B5B313B33326D001B5B313B31
:1080E80033336D001B5B313B33346D001B5B313B1D
:1080F80033356D001B5B313B33366D001B5B313B09
:1081080033376D0025734C6F67732064726F70701E
:108118006564202825642925730D0A00257300004D
:108128003C25733E2025733A200000000D0A00000C
:108138002025303278000000202020007C0000003C
:1081480025630000200000005465726D696E616C43
:108158000000000052545400534547474552000060
:108168002E2E2F2E2E2F2E2E2F2E2E2F2E2E2F2E22
:108178002E2F636F6D706F6E656E74732F6C6962EE
:108188007261726965732F6578706572696D656E65
:1081980074616C5F73656374696F6E5F7661727327
:1081A8002F6E72665F73656374696F6E5F6974655D
:1081B800722E68006E72665F73646800433A5C579B
:1081C8004F524B5C4E6F726469635C6E5246355F0A
:1081D80053444B5F31372E312E305F64646465350C
:1081E80036305C636F6D706F6E656E74735C736F41
:1081F80066746465766963655C636F6D6D6F6E5CEC
:108208006E72665F7364682E6300000001000007E9
:10821800D4680300D468030008000000D468030091
:10822800DC68030008000000DC680300EC68030059
:10823800080000002E2E2F2E2E2F2E2E2F2E2E2F02
:108248002E2E2F2E2E2F636F6D706F6E656E7473CA
:108258002F6C69627261726965732F6578706572D7
:10826800696D656E74616C5F73656374696F6E5F69
:10827800766172732F6E72665F73656374696F6E71
:108288005F697465722E68006E72665F7364685FFA
:10829800626C650073645F626C655F6366675F73D9
:1082A800657428292072657475726E65642025735B
:1082B800207768656E20617474656D7074696E6787
:1082C80020746F2073657420424C455F434F4E4EB7
:1082D8005F4346475F4741502E00000073645F626A
:1082E8006C655F6366675F736574282920726574BF
:1082F80075726E6564202573207768656E206174D9
:1083080074656D7074696E6720746F20736574206E
:10831800424C455F4741505F4346475F524F4C458B
:108328005F434F554E542E0073645F626C655F6304
:1083380066675F73657428292072657475726E6547
:1083480064202573207768656E20617474656D708C
:1083580074696E6720746F2073657420424C455FA2
:10836800434F4E4E5F4346475F474154542E0000EB
:1083780073645F626C655F6366675F736574282901
:108388002072657475726E65642025732077686540
:108398006E20617474656D7074696E6720746F20E7
:1083A80073657420424C455F434F4D4D4F4E5F43BC
:1083B80046475F56535F555549442E0073645F62C4
:1083C8006C655F6366675F736574282920726574DE
:1083D80075726E6564202573207768656E206174F8
:1083E80074656D7074696E6720746F20736574208E
:1083F800424C455F47415454535F4346475F41549D
:1084080054525F5441425F53495A452E00000000C0
:1084180073645F626C655F6366675F736574282960
:108428002072657475726E6564202573207768659F
:108438006E20617474656D7074696E6720746F2046
:1084480073657420424C455F47415454535F43461B
:10845800475F534552564943455F4348414E474558
:10846800442E0000496E73756666696369656E74AB
:108478002052414D20616C6C6F63617465642066A5
:108488006F722074686520536F66744465766963FB
:10849800652E00004368616E676520746865205228
:1084A800414D207374617274206C6F636174696FDD
:1084B8006E2066726F6D203078257820746F2030BA
:1084C8007825782E000000004D6178696D756D2063
:1084D80052414D2073697A6520666F722061707011
:1084E8006C69636174696F6E2069732030782578D0
:1084F8002E00000073645F626C655F656E61626C7C
:108508006528292072657475726E65642025732E3E
:1085180000000000433A5C574F524B5C4E6F726448
:1085280069635C6E5246355F53444B5F31372E3179
:108538002E305F646464653536305C636F6D706FD0
:108548006E656E74735C736F667464657669636573
:108558005C636F6D6D6F6E5C6E72665F7364685F8F
:10856800626C652E6300000094680300D468030001
:10857800080000002E2E2F2E2E2F2E2E2F2E2E2FBF
:108588002E2E2F2E2E2F636F6D706F6E656E747387
:108598002F6C69627261726965732F657870657294
:1085A800696D656E74616C5F73656374696F6E5F26
:1085B800766172732F6E72665F73656374696F6E2E
:1085C8005F697465722E68006E72665F7364685FB7
:1085D800736F6300433A5C574F524B5C4E6F726443
:1085E80069635C6E5246355F53444B5F31372E31B9
:1085F8002E305F646464653536305C636F6D706F10
:108608006E656E74735C736F6674646576696365B2
:108618005C636F6D6D6F6E5C6E72665F7364685FCE
:10862800736F632E630000008C6803009468030076
:108638000800000000300040000100002E2E2F2E00
:108648002E2F2E2E2F2E2E2F2E2E2F2E2E2F6D6FBD
:1086580064756C65732F6E7266782F68616C2F6E07
:1086680072665F6770696F2E680000002E2E2F2ECD
:108678002E2F2E2E2F2E2E2F2E2E2F2E2E2F6D6F8D
:1086880064756C65732F6E7266782F64726976658F
:1086980072732F696E636C7564652F6E7266785F8E
:1086A80074696D65722E680000B001400006000014
:1086B8007D870300F48703008087030053756E6489
:1086C8006179004D6F6E64617900547565736461FA
:1086D80079005765646E65736461790054687572D2
:1086E80073646179004672696461790053617475D5
:1086F8007264617900004A616E756172790046653D
:10870800627275617279004D6172636800417072BE
:10871800696C004D6179004A756E65004A756C791F
:10872800004175677573740053657074656D626593
:1087380072004F63746F626572004E6F76656D628A
:10874800657200446563656D6265720000414D00A5
:10875800504D0000256D2F25642F25790025483AB6
:10876800254D3A25530025612025622025652025C1
:1087780054202559004300001D6803003D6803008C
:1087880049680300556803007568030081680300A1
:10879800EF670300BD67030053756E004D6F6E00F1
:1087A8005475650057656400546875004672690021
:1087B80053617400004A616E00466562004D617243
:1087C80000417072004D6179004A756E004A756CFF
:1087D8000041756700536570004F6374004E6F76F3
:1087E8000044656300002E0000000000EE870300CF
:1087F800F0870300F0870300F0870300F087030089
:10880800F0870300F0870300F0870300F087030078
:10881800F0870300FFFFFFFFFFFFFFFFFFFFFFFFE2
:10882800FFFF0000C4860300A0870300FE86030044
:10883800BD870300558703005C8703006587030035
:108848006E87030020202020202020202068282850
:108858002828202020202020202020202020202000
:108868002020202048101010101010101010101088
:108878001010101084848484848484848484101068
:108888001010101010818181818181010101010185
:1088980001010101010101010101010101010110B1
:1088A800101010101082828282828202020202025A
:1088B8000202020202020202020202020202021082
:1088C8001010102000070320041702010857104059
:0188D800801F
:1088DC00802C0020010004000000000000000000BB
:1088EC00000000000000000000000000E82A00204A
:1088FC0000000000FFFF1400010002000000000057
:10890C000000000000000000FFFFFFFFFFFFFFFF63
:10891C00000000000000000000000000000000004B
:10892C000000000000000000FFFFFFFFFFFFFFFF43
:10893C00000000000000000000000000000000002B
:10894C000000000000000000FFFFFFFFFFFFFFFF23
:10895C00000000000000000000000000000000000B
:10896C000000000000000000FFFFFFFFFFFFFFFF03
:10897C0000000000000000000000000000000000EB
:10898C000000000000000000FFFFFFFFFFFFFFFFE3
:10899C0000000000000000000000000000000000CB
:1089AC000000000000000000FFFFFFFFFFFFFFFFC3
:1089BC0000000000000000000000000000000000AB
:1089CC000090D00300000000000000000000000038
:1089DC00FFFFFFFFFFFFFFFF000000000000000093
:1089EC000000000000000000001001401100040015
:1089FC0000000000002000400000000000200040AB
:108A0C000000000000000000FF000000FF0000005C
:108A1C0000000000A4800300AC800300B4800300BD
:108A2C00BC800300C4800300CC800300D48003000E
:108A3C00DC800300E4800300EC800300F48003007E
:108A4C00FC80030004810300A03F0020A43F002011
:108A5C00A83F0020B8860300B8860300B886030040
:088A6C00B8860300B886030080
:04000003200072194E
:00000001FF
