:020000022000DC
:1070000000000420197202000172020003720200E3
:1070100005720200077202000972020000000000FF
:107020000000000000000000000000000B720200E1
:107030000D720200000000000F72020011720200C7
:1070400001BF02001372020045CD020079BA0200AE
:1070500013720200137202003DCC02001372020090
:107060001372020013720200137202001372020004
:1070700013720200137202001372020013720200F4
:1070800013720200BD0003001372020013720200AB
:107090001372020013720200F52D03001372020036
:1070A00013720200137202001372020013720200C4
:1070B00013720200137202000000000000000000C2
:1070C00013720200137202001372020013720200A4
:1070D0001372020013720200137202001372020094
:1070E000137202001372020013720200000000000B
:1070F0000000000013720200000000001372020082
:10710000000000000000000000000000000000007F
:10711000000000000000000000000000000000006F
:10712000000000000000000000000000000000005F
:10713000000000000000000000000000000000004F
:10714000000000000000000000000000000000003F
:10715000000000000000000000000000000000002F
:10716000000000000000000000000000000000001F
:10717000000000000000000000000000000000000F
:1071800000000000000000000000000000000000FF
:1071900000000000000000000000000000000000EF
:1071A00000000000000000000000000000000000DF
:1071B00000000000000000000000000000000000CF
:1071C00000000000000000000000000000000000BF
:1071D00000000000000000000000000000000000AF
:1071E000000000000000000000000000000000009F
:1071F000000000000000000000000000000000008F
:10720000FEE7FEE7FEE7FEE7FEE7FEE7FEE7FEE756
:10721000FEE7FEE700F002B8FFF7FCBF0F484FF0B3
:107220000701884385460E4880470E48016841F4AF
:1072300070010160BFF34F8FBFF36F8F00F01AB87A
:1072400009480A490A4A884207D0521A05D00378E9
:1072500001300B700131013AF9D170470000042070
:107260001187020088ED00E0E83F030000230020C2
:107270000023002039493A480A1A02D007229143D4
:107280008D46384938480A1A06D00722914381F3BF
:107290000988022282F3148834483549354A00F0BF
:1072A0003EF835483549364A00F039F83548364910
:1072B000364A00F034F836483649374A00F02FF89D
:1072C00036483749374A00F02AF837483749384AAC
:1072D00000F025F837483849384A00F020F8384897
:1072E0003849002200F033F837483849002200F0CE
:1072F0002EF837483749091A0CF0DEFC364A904719
:1073000024482549884205D00268043003B49047D8
:1073100003BCF7E700200021304A9047FEE788428F
:1073200014D0521A12D003460B43134303242342B2
:1073300006D1036804300B600431043AF9D1704778
:10734000037801300B700131013AF9D1704788425E
:1073500002D002700130FAE77047000000000420FC
:1073600000E0032000000420000004208C5D0300E6
:1073700000230020C0230020E0730200E07302001D
:10738000F43E03008C5D0300002300200023002056
:10739000E83F0300E83F0300E83F0300E83F030045
:1073A000E83F0300E83F0300E83F0300E83F030035
:1073B000895D03004C5E0300C0230020C023002031
:1073C000C0230020A82F0020A82F0020A82F0020D5
:1073D000A82F0020A84F002041720200457C020027
:1073E000BFF34F8F00BF064BDB6803F4E062044934
:1073F000044B1343CB60BFF34F8F00BF00BFFDE7CB
:1074000000ED00E00400FA0572DF704700BF184687
:1074100073DF704700BF184676DF704700BF18461D
:107420007ADF704700BF18467CDF704700BF184600
:107430007FDF704700BF18468FDF704700BF1846D8
:10744000B1DF704700BF184600B583B00346009116
:10745000ADF80630BDF80630009A1946024807F02C
:10746000E1FC00BF03B000BDEFBEADDE08B50120FA
:1074700000F0D6FD00BF08BD00B583B008F076F877
:107480000190019B0093009B002B04D0034AAE2186
:10749000009807F0C7FC00BF03B000BDE83F030041
:1074A00000B587B09DF80030012262F303038DF828
:1074B00000309DF80030012262F307138DF8003090
:1074C0006B46092219491846FFF7AEFF0590059B48
:1074D0000493049B002B04D0154AC221049807F0A2
:1074E000A1FC01AB0822002118460CF05FFC5023E0
:1074F000ADF80430A023ADF806300023ADF8083015
:107500004FF4C873ADF80A3001AB1846FFF788FF97
:107510000590059B0393039B002B04D0044ACC21C8
:10752000039807F07FFC00BF07B000BD3C4003009C
:10753000E83F030000B583B00021084802F071FF66
:107540000190019B0093009B002B04D0044AD5219D
:10755000009807F067FC00BF03B000BDD8230020EF
:10756000E83F030000B5ABB041F22353ADF81C3047
:10757000364B9B7C8DF81E3017AB3C220021184601
:107580000CF014FC02238DF85C3001238DF85E3082
:1075900006238DF85F3008AB3C22002118460CF022
:1075A00005FC0123ADF8303007AB0D93284B19686B
:1075B00017AB284A184601F02CFE2990299B2893E6
:1075C000289B002B04D0244AF321289807F02AFC9A
:1075D0001F4B996808AB214A184601F01AFE299002
:1075E000299B2793279B002B04D01B4AF621279821
:1075F00007F018FC01AB1822002118460CF0D6FB4E
:1076000001238DF819300023ADF8103001238DF8D7
:1076100004300023029300238DF818304023039395
:1076200001AB1A460A490E48FFF7EEFE2990299B46
:107630002693269B002B05D0074A40F20511269879
:1076400007F0F0FB00BF2BB000BD00BFC02300203F
:107650000423002008230020E83F0300102300201B
:107660000223002000B583B00190044A4FF48971D1
:10767000019807F0D7FB00BF03B000BDE83F03004F
:1076800000B583B003460091ADF8063013468DF87F
:1076900005309DF80530002B0ED0022000F046FC8E
:1076A0000E4A0F4BD31ADB081B0443F003030D49AA
:1076B00018460AF0F5FB0DE0022000F051FC074AE5
:1076C000074BD31ADB081B0443F003030649184693
:1076D0000AF0E6FB00BF03B000BD00BF803F03001F
:1076E000583F0300484003005C40030000B587B0EA
:1076F0000023029300230193144B019301AB19461D
:10770000134802F049FF0590059B0493049B002B4E
:1077100005D0104A4FF49B71049807F083FB0E4B81
:10772000029302AB19460D4803F084F80590059BBF
:107730000393039B002B05D0064A4FF49E710398D8
:1077400007F070FB00BF07B000BD00BF6576020008
:10775000EC230020E83F030081760200C0230020D4
:1077600000B585B00190019B1B78002B11D10A4B0D
:107770001B883B211846FFF74FFE0390039B0293A3
:10778000029B002B05D0054A4FF4A971029807F01F
:1077900049FB00BF05B000BD00230020E83F030007
:1077A00000B583B00190044A40F25D11019807F0E2
:1077B00039FB00BF03B000BDE83F030000B58BB04C
:1077C00001AB1C22002118460CF0F0FA00230193B3
:1077D0004FF4A02302934FF4A033039303238DF8B7
:1077E00010300023ADF8123000238DF814300B4B0D
:1077F00006930B4B079301AB184601F04BFF099022
:10780000099B0893089B002B05D0064A4FF4BA71D8
:10781000089807F007FB00BF0BB000BD61770200BE
:10782000A1770200E83F030000B583B00B4B1B7843
:1078300001211846FFF7ECFD0190019B0093009B8E
:10784000002B05D0064A40F27F11009807F0EAFAB3
:10785000002000F06BFB00BF03B000BD022300203E
:10786000E83F030000B58DB001900091019B1B889B
:10787000562B00F0CD80562B00F3DD80522B00F00C
:10788000A080522B00F3D7803B2B00F0AE803B2B27
:1078900000F3D180212B7AD0212B00F3CC80132B45
:1078A00061D0132B00F3C780102B02D0112B37D0DF
:1078B000C1E0694A694BD31ADB081B0443F0030398
:1078C000674918460AF0ECFA012000F02FFB00206F
:1078D00000F046FB019B9A88624B1A80614B1B8823
:1078E0001946614802F07AFE0B900B9B0493049BAF
:1078F000002B05D05D4A4FF4D071049807F092FA3E
:1079000007F0D2F90B900B9B0393039B002B00F025
:107910009480564A4FF4D171039807F083FA8CE0B3
:107920004D4A4E4BD31ADB081B0443F00303504966
:1079300018460AF0B5FA012000F012FB494B4FF649
:10794000FF721A8007F0DCF90B900B9B0593059BE7
:10795000002B05D0454A4FF4D571059807F062FA1F
:10796000FFF762FF74E03F4B188800230022852157
:10797000FFF75EFD0B900B9B0693069B002B5ED0E2
:107980003A4A4FF4DA71069807F04CFA57E00023B0
:107990008DF8083000238DF80930019B9B8802AADE
:1079A00011461846FFF748FD0B900B9B0793079B6A
:1079B000002B46D02D4A4FF4E071079807F032FAB9
:1079C0003FE0284B1888002300220021FFF738FDF4
:1079D0000B900B9B0993099B002B34D0234A4FF447
:1079E000E371099807F01EFA2DE0019B9B88132193
:1079F0001846FFF711FD0B900B9B0893089B002B7B
:107A000023D01A4A4FF4E771089807F00BFA1CE0EC
:107A1000019B9B8813211846FFF7FEFC0B900B9BE4
:107A20000A930A9B002B12D0104A4FF4EB710A986C
:107A300007F0F8F90BE000BF0AE000BF08E000BF64
:107A400006E000BF04E000BF02E000BF00E000BFAE
:107A500000BF0DB000BD00BF803F0300583F0300D2
:107A60007040030000230020EC230020E83F0300C7
:107A70007C40030000B587B00BF03EF90590059BF4
:107A80000493049B002B05D0154A40F2E911049899
:107A900007F0C8F90023019301AB194601200BF050
:107AA000DFF90590059B0393039B002B05D00C4A3F
:107AB00040F2EF11039807F0B5F901AB18460BF04F
:107AC000C3FA0590059B0293029B002B05D0044A44
:107AD00040F2F311029807F0A5F900BF07B000BD0E
:107AE000E83F030000B585B003460A468DF807302D
:107AF00013468DF806309DF807300B2B2FD11E4A08
:107B00001E4BD31ADB081B0443F003031C49184621
:107B10000AF0C6F91B4B1B889DF806201A49184627
:107B200002F024FF0390039B002B21D0039B43F220
:107B3000020293421CD0039B082B19D0039B43F2F3
:107B40000142934214D0039B0293029B002B0FD05F
:107B50000E4A40F20D21029807F064F908E09DF802
:107B600007300A4A40F21221184607F05BF900E09C
:107B700000BF00BF05B000BD803F0300583F0300B9
:107B80008C40030000230020C0230020E83F0300B6
:107B900000B583B040F233320121094806F0FCFF02
:107BA0000190019B0093009B002B05D0054A40F2F9
:107BB0002621009807F036F900BF03B000BD00BFD2
:107BC00014230020E83F030000B583B04FF4804148
:107BD000002009F09BFE0190019B0093009B002B6D
:107BE00005D0054A40F22D21009807F01BF909F055
:107BF00025FE00BF03B000BDE83F030000B583B021
:107C000009F0E0FA0190019B0093009B002B05D046
:107C1000044A40F23921009807F004F900BF03B08C
:107C200000BD00BFE83F030008B50AF091F9034624
:107C300083F00103DBB2002B01D009F0D9FA00BFB9
:107C400008BD000000B583B0FFF7BEFFFFF70EFCD4
:107C5000FFF712FCFFF79CFFFFF7D0FFFFF70AFFCB
:107C6000FFF71EFCFFF766FCFFF740FDFFF77AFC0D
:107C7000FFF7A4FD0BF0EAFA1A4A1B4BD31ADB08F4
:107C80001B0443F00303194918460AF009F900F0F0
:107C900005FA144A144BD31ADB081B0443F0030300
:107CA000134918460AF0FCF812480BF0B3FC00F038
:107CB0000EFA03468DF807309DF8073019460E4836
:107CC0000BF0A8FC00F01CF8064A074BD31ADB089F
:107CD0001B0443F00303094918460AF0E1F8FFF7D3
:107CE000A3FFFCE7803F0300583F0300A8400300C8
:107CF000C8400300EC40030000410300244103009E
:107D000000B583B000F0F7F900F006FA0346002B47
:107D10001DD000F011FA03468DF807309DF80730AA
:107D200019460C480BF076FC9DF8073003F02A0347
:107D3000002B07D0052000F0F9F8FFF775FD00F0E3
:107D4000E2F9E1E7052000F00BF9FFF749FB20BF5E
:107D5000DAE700BF3C41030000B583B00190019B0E
:107D60001B68184600F0BDF80346002B04D10B49F0
:107D70004FF4F670FFF768FB019B1B681F2B02D8BE
:107D80004FF0A04306E0019B1B6803F01F02019B1C
:107D90001A60034B184603B000BD00BF58410300F2
:107DA0000003005000B585B00190084611461A4600
:107DB00003468DF803300B468DF8023013468DF8DC
:107DC000013001AB1846FFF7C7FF03909DF8032071
:107DD0009DF802305B001A439DF801309B001A4366
:107DE0009DF818301B0242EA03019DF81C301B0469
:107DF000019A1943039B02F5E07243F8221000BF79
:107E000005B000BD00B585B00390002301930023A9
:107E100000930023012201210398FFF7C3FF00BF55
:107E200005B000BD00B585B003900B468DF80B3052
:107E30009DF80B30002201920022009200220021C6
:107E40000398FFF7AFFF00BF05B000BD00B585B0D8
:107E5000019001AB1846FFF77FFF0390019B0122C1
:107E600002FA03F31946039800F027F800BF05B0A3
:107E700000BD00B585B0019001AB1846FFF76CFF5F
:107E80000390019B012202FA03F31946039800F0C4
:107E90001EF800BF05B000BD00B583B00190009191
:107EA000009B002B03D10198FFF7E3FF02E001984C
:107EB000FFF7CCFF00BF03B000BD82B0019000917E
:107EC000019B009AC3F8082500BF02B0704782B03A
:107ED00001900091019B009AC3F80C2500BF02B0ED
:107EE000704784B00190019B5B09029300230393C8
:107EF000029B002B03D0029B012B04D007E04FF024
:107F0000FF33039303E04FF6FF73039300BF019B1E
:107F100003F01F030193039A019B22FA03F303F07A
:107F20000103DBB2184604B07047000000B583B00F
:107F30000190019B032B03D907494120FFF784FAE5
:107F4000064A019B13441B7800211846FFF7A4FF43
:107F500000BF03B000BD00BF88410300CC41030057
:107F600000B583B00190019B032B03D9074947203B
:107F7000FFF76AFA064A019B13441B780121184651
:107F8000FFF78AFF00BF03B000BD00BF88410300B8
:107F9000CC41030000B583B00023019305E00198B4
:107FA000FFF7DEFF019B01330193019B032BF6D901
:107FB00000BF00BF03B000BD00B583B00023019334
:107FC00009E0094A019B13441B781846FFF71AFF82
:107FD000019B01330193019B032BF2D9FFF7DAFFD9
:107FE00000BF03B000BD00BFCC41030000B583B0AB
:107FF000002301930AE0094A019B13441B780321E3
:108000001846FFF70FFF019B01330193019B032BE0
:10801000F1D900BF00BF03B000BD00BFD0410300D5
:1080200000B583B00190019B03F00103002B01D048
:10803000FFF7C2FF019B03F00203002B01D0FFF703
:10804000D5FF00BF03B000BD00B585B00190019B16
:10805000002B0AD0064B43F001030393019B9B01C5
:108060000293039B0298984700E000BF05B000BD53
:10807000A042030000B583B00190019B002B0AD001
:108080004FF47A70FFF7E0FF019B013B0193019BE6
:10809000002BF5D100E000BF03B000BD00B583B0F8
:1080A0001420FFF7E7FF002130200BF003F90DF15A
:1080B0000703194631200BF035F900F015F80A20B6
:1080C000FFF7D8FF00F054F800BF03B000BD00B5C3
:1080D00083B00DF1070319460F200BF023F99DF82B
:1080E0000730184603B000BD08B5002120200BF072
:1080F000E1F800BF08BD08B52A220021022000F0E7
:1081000075F800BF08BD08B515226421022000F0F3
:108110006DF800BF08BD0000064B1B78DBB2002BDA
:1081200004D0044B00221A70012300E000231846FB
:10813000704700BF3724002000B583B00DF107035E
:10814000194631200BF0EEF89DF80730184603B0C1
:1081500000BD000082B001900B468DF80330034B48
:1081600001221A7000BF02B0704700BF3724002000
:1081700000B585B0184B00221A7004F061FB03466D
:10818000002B03D015480BF067F901E004F0F4FA76
:10819000134A01AB1268114619800233120C1A708F
:1081A00000238DF8053001AB0E4A1946192004F062
:1081B00053FB0390039B0293029B002B05D00A4ABA
:1081C0004FF49871029806F02DFE0121192004F059
:1081D000BFFB00BF05B000BD37240020F441030001
:1081E00088420300558102001C42030000B585B09F
:1081F00003468DF807300B468DF8063013468DF890
:108200000530272120200BF055F8012121200BF00B
:1082100051F8402122200BF04DF8082123200BF0CB
:1082200049F8144B02221A70134B04221A709DF85D
:108230000730194632200BF03DF89DF806301946FC
:1082400033200BF037F80D4B00221A700821242040
:108250000BF030F80DF10F03194626200BF062F8F1
:108260009DF80530194630200BF024F800BF05B00A
:1082700000BD00BF3924002038240020372400200E
:10828000BFF34F8F00BF064BDB6803F4E062044985
:10829000044B1343CB60BFF34F8F00BF00BFFDE71C
:1082A00000ED00E00400FA0582B01D4B1B6801934D
:1082B0001C4B1B680093019B082B2CD1009B052BAA
:1082C00025D0009B052B24D8009B042B1DD0009BA0
:1082D000042B1ED8009B032B15D0009B032B18D812
:1082E000009B022B0DD0009B022B12D8009B002B71
:1082F00003D0009B012B02D00BE001230CE00123F3
:108300000AE0012308E0012306E0012304E0012341
:1083100002E0012300E00023184602B0704700BFCE
:10832000300100103401001082B01D4B1B68019316
:108330001C4B1B680093019B082B2CD1009B052B29
:1083400025D0009B052B24D8009B042B1DD0009B1F
:10835000042B1ED8009B032B15D0009B032B18D891
:10836000009B022B0DD0009B022B12D8009B002BF0
:1083700003D0009B012B02D00BE001230CE0012372
:108380000AE0012308E0012306E0012304E00123C1
:1083900002E0012300E00023184602B0704700BF4E
:1083A000300100103401001082B01D4B1B68019396
:1083B0001C4B1B680093019B082B2CD1009B052BA9
:1083C00025D0009B052B24D8009B042B1DD0009B9F
:1083D000042B1ED8009B032B15D0009B032B18D811
:1083E000009B022B0DD0009B022B12D8009B002B70
:1083F00003D0009B012B02D00BE001230CE00023F3
:108400000AE0002308E0002306E0002304E0002344
:1084100002E0002300E00023184602B0704700BFCE
:10842000300100103401001082B01D4B1B68019315
:108430001C4B1B680093019B082B2CD1009B052B28
:1084400025D0009B052B24D8009B042B1DD0009B1E
:10845000042B1ED8009B032B15D0009B032B18D890
:10846000009B022B0DD0009B022B12D8009B002BEF
:1084700003D0009B012B02D00BE001230CE0002372
:108480000AE0002308E0002306E0002304E00023C4
:1084900002E0002300E00023184602B0704700BF4E
:1084A000300100103401001082B01D4B1B68019395
:1084B0001C4B1B680093019B082B2CD1009B052BA8
:1084C00025D0009B052B24D8009B042B1DD0009B9E
:1084D000042B1ED8009B032B15D0009B032B18D810
:1084E000009B022B0DD0009B022B12D8009B002B6F
:1084F00003D0009B012B02D00BE001230CE00023F2
:108500000AE0002308E0002306E0002304E0002343
:1085100002E0002300E00023184602B0704700BFCD
:10852000300100103401001082B01D4B1B68019314
:108530001C4B1B680093019B082B2CD1009B052B27
:1085400025D0009B052B24D8009B042B1DD0009B1D
:10855000042B1ED8009B032B15D0009B032B18D88F
:10856000009B022B0DD0009B022B12D8009B002BEE
:1085700003D0009B012B02D00BE001230CE0002371
:108580000AE0002308E0002306E0002304E00023C3
:1085900002E0002300E00023184602B0704700BF4D
:1085A000300100103401001082B01D4B1B68019394
:1085B0001C4B1B680093019B082B2CD1009B052BA7
:1085C00025D0009B052B24D8009B042B1DD0009B9D
:1085D000042B1ED8009B032B15D0009B032B18D80F
:1085E000009B022B0DD0009B022B12D8009B002B6E
:1085F00003D0009B012B02D00BE001230CE00123F0
:108600000AE0012308E0012306E0012304E001233E
:1086100002E0012300E00023184602B0704700BFCB
:10862000300100103401001082B01D4B1B68019313
:108630001C4B1B680093019B082B2CD1009B052B26
:1086400025D0009B052B24D8009B042B1DD0009B1C
:10865000042B1ED8009B032B15D0009B032B18D88E
:10866000009B022B0DD0009B022B12D8009B002BED
:1086700003D0009B012B02D00BE000230CE0002371
:108680000AE0002308E0002306E0012304E00123C0
:1086900002E0012300E00023184602B0704700BF4B
:1086A000300100103401001008B5FFF7BDFF03468C
:1086B000002B07D04FF010234FF08042D3F8083240
:1086C000C2F8583500BF08BD00BF044BD3F80034D2
:1086D000002BFAD000BF00BF704700BF00E0014090
:1086E00000B583B00190044A019BC2F80435FFF73E
:1086F000EBFF00BF03B000BD00E00140024B034AA6
:108700001A6000BF704700BF1C2300200090D003F8
:1087100008B5FFF7C9FD0346002B0ED04FF080438C
:108720000022C3F80C214FF080430022C3F810212F
:108730004FF080430022C3F83825FFF7F5FD0346CC
:10874000002B76D04FF08053734AD3F80434C2F82C
:1087500020354FF08053704AD3F80834C2F82435DE
:108760004FF080536C4AD3F80C34C2F828354FF0E0
:108770008053694AD3F81034C2F82C354FF0805337
:10878000654AD3F81434C2F830354FF08053624A4A
:10879000D3F81834C2F834354FF080535E4AD3F81A
:1087A0001C34C2F840354FF080535B4AD3F8203474
:1087B000C2F844354FF08053574AD3F82434C2F8F6
:1087C00048354FF08053544AD3F82834C2F84C351A
:1087D0004FF08053504AD3F82C34C2F850354FF044
:1087E00080534D4AD3F83034C2F854354FF080539B
:1087F000494AD3F83434C2F860354FF08053464AC2
:10880000D3F83834C2F864354FF08053424AD3F875
:108810003C34C2F868354FF080533F4AD3F84034B7
:10882000C2F86C354FF080533B4AD3F84434C2F859
:108830007035FFF7B9FD0346002B02D0374B384A9D
:108840001A60FFF7F1FD0346002B03D0354BFB22E6
:10885000C3F81825FFF728FE0346002B0AD0324B39
:108860001B6823F00F02314B1B6803F00F032E49E6
:1088700013430B60FFF758FE0346002B03D02C4B2D
:108880004FF400721A60FFF78FFE0346002B0DD0E5
:108890004FF08043D3F8003403F00103002B05D0E0
:1088A0004FF080436FF00102C3F80024214BD3F84E
:1088B0008830204A43F47003C2F88830BFF34F8FEA
:1088C00000BFBFF36F8F00BFFFF7EEFE4FF0102326
:1088D000D3F80032002B05DB4FF01023D3F804321D
:1088E000002B15DA0120FFF7FBFE4FF010231222B8
:1088F000C3F80022FFF7E8FE4FF010231222C3F85E
:108900000422FFF7E1FE0020FFF7EAFEFFF7B8FCC4
:10891000FFF7F4FE00BF08BD00C000408C560040C9
:108920004881030000F00040E40E004058020010AF
:108930004096024000ED00E06DDF704700BF184632
:1089400079DF704700BF18467DDF704700BF1846CB
:1089500064DF704700BF184682B003460091ADF84F
:108960000630BDF80630DAB2009B1A70BDF806304A
:108970001B0A9AB2009B0133D2B21A700223184626
:1089800002B0704700B589B0039002911346ADF86C
:108990000630029B1B8803F10902BDF806309A429B
:1089A00001D90C2353E004AB1846FFF7C5FF07902D
:1089B000079B0693069B002B01D0069B47E0029B7A
:1089C0001B881A46039B134408221A70029B1B88BB
:1089D00001339AB2029B1A80029B1B881A46039BA2
:1089E00013441B221A70029B1B8801339AB2029B0C
:1089F0001A80029B1B881A46039B981804AB01330C
:108A0000062219460BF0A0F9029B1B8806339AB286
:108A1000029B1A809DF8103023F00103DBB2002B7B
:108A200007D1029B1B881A46039B134400221A702D
:108A300006E0029B1B881A46039B134401221A700E
:108A4000029B1B8801339AB2029B1A8000231846AE
:108A500009B000BD00B589B0039002910192ADF854
:108A60000230039B1B78012B05D1039B5B78002B05
:108A700001D1072391E0019B1B889A1CBDF80230AD
:108A80009A420ED8039B1B78012B0CD1019B1B88AB
:108A90001A46039B5B7813449A1CBDF802309A4235
:108AA00001D90C2379E0019B1B88BDF80220D31A61
:108AB0009BB2023BADF81C30BDF81C30ADF8123053
:108AC000019B1B880233029A13440DF112021146D6
:108AD0001846FFF739FF0690069B0593059B002B70
:108AE00001D0059B59E0039B1B78022B06D0039B0A
:108AF0005B781A46BDF812309A4209D3BDF812309D
:108B0000BDF81C209A4203D309238DF81F3016E0CC
:108B100008238DF81F30039B1B78012B0BD1039B7F
:108B20005B781A46BDF81C30934204D3039B5B78F4
:108B3000ADF8123003E0BDF81C30ADF81230BDF8CE
:108B40001230FE2B01D90C2327E0BDF81230DAB227
:108B5000019B1B881946029B0B440132D2B21A704A
:108B6000019B1B8801339AB2019B1A80019B1B88D1
:108B70001A46029B13449DF81F201A70019B1B8804
:108B800001339AB2019B1A80019B1A88BDF81230FA
:108B900013449AB2019B1A800023184609B000BD05
:108BA00000B589B0039002911346ADF80630029BE0
:108BB0001B881A1DBDF806309A4201D90C233AE0F1
:108BC0000DF116031846FFF7BBFE0790079B0693AF
:108BD000069B002B01D0069B2DE0029B1B881A46AA
:108BE000039B134403221A70029B1B8801339AB221
:108BF000029B1A80029B1B881A46039B134419226E
:108C00001A70029B1B8801339AB2029B1A80BDF82E
:108C10001620029B1B881946039B0B4419461046DD
:108C2000FFF79AFE03461A46029B1B8813449AB22A
:108C3000029B1A800023184609B000BD84B002913F
:108C400001921A4603468DF80F301346ADF80C30EA
:108C5000019B1B88DA1CBDF80C309A4201D90C2309
:108C600028E0019B1B881A46029B134402221A70BB
:108C7000019B1B8801339AB2019B1A80019B1B88C0
:108C80001A46029B134401221A70019B1B88013370
:108C90009AB2019B1A80019B1B881A46029B1344BF
:108CA0009DF80F201A70019B1B8801339AB2019B1B
:108CB0001A800023184604B0704784B002910192D4
:108CC0001A4603468DF80F301346ADF80C30019B61
:108CD0001B88DA1CBDF80C309A4201D90C2328E01D
:108CE000019B1B881A46029B134402221A70019BA7
:108CF0001B8801339AB2019B1A80019B1B881A467C
:108D0000029B13440A221A70019B1B8801339AB2FA
:108D1000019B1A80019B1B881A46029B13449DF8F5
:108D20000F201A70019B1B8801339AB2019B1A8095
:108D30000023184604B0704700B58DB0039001932E
:108D40000B468DF80B3013468DF80A3000238DF852
:108D50002B300E9B1B88ADF8283000230B9372E05C
:108D6000039B5A680B9B9B001A4404AB1068186065
:108D70000DF1170104AB00221846FFF7E9FD08903A
:108D8000089B0793079B002B01D0079B7DE09DF874
:108D900017309DF80A209A4252D19DF82B30002BB3
:108DA00003D000238DF82A3002E002238DF82A3008
:108DB0000E9B1B881A469DF817301A449DF82A30DE
:108DC0001A44BDF83C309A4201DD0C235DE09DF869
:108DD0002B3083F00103DBB2002B16D00E9B1B88D7
:108DE00001339AB20E9B1A800E9B1B881A46019B78
:108DF00013449DF80B201A700E9B1B8801339AB206
:108E00000E9B1A8001238DF82B300E9B1B881A466F
:108E1000019B1A440DF1170104AB1846FFF798FDAA
:108E20000890089B0693069B002B01D0069B2CE024
:108E30000E9B1B889DF8172013449AB20E9B1A8034
:108E40000B9B01330B93039B1B881A460B9B93428E
:108E500086DB9DF82B30002B16D00E9B1A88BDF8B0
:108E60002830D31A9BB2013BADF82630BDF826302E
:108E7000FF2B01D90C2308E0BDF82830019A1344D8
:108E8000BDF82620D2B21A70002318460DB000BDDE
:108E900000B58BB0059003930B468DF81330134645
:108EA0008DF812309DF81310BDF8343001930C9BEF
:108EB0000093039B02220598FFF73EFF0990099B50
:108EC0000893089B002B01D0089B14E09DF812101A
:108ED000BDF8343001930C9B0093039B102205983E
:108EE000FFF72AFF0990099B0793079B002B01D0EE
:108EF000079B00E0002318460BB000BD82B0019034
:108F0000019B1B88052B0AD9019B1B88B3F5486F71
:108F100007D9019B1B884FF6FF72934201D00723AC
:108F200025E0019B5B88052B0AD9019B5B88B3F583
:108F3000486F07D9019B5B884FF6FF72934201D0BF
:108F4000072314E0019B1B884FF6FF7293420DD05C
:108F5000019B5B884FF6FF72934207D0019B1A88F2
:108F6000019B5B889A4201D9072300E00023184641
:108F700002B0704700B587B0039002910192ADF83E
:108F80000230019B1B889A1DBDF802309A4201D91C
:108F90000C234BE00398FFF7B1FF0590059B04936A
:108FA000049B002B01D0049B40E0019B1B881A46C8
:108FB000029B134405221A70019B1B8801339AB24D
:108FC000019B1A80019B1B881A46029B13441222A4
:108FD0001A70019B1B8801339AB2019B1A80039B74
:108FE0001A88019B1B881946029B0B4419461046A0
:108FF000FFF7B2FC03461A46019B1B8813449AB242
:10900000019B1A80039B5A88019B1B881946029B6F
:109010000B4419461046FFF79FFC03461A46019B76
:109020001B8813449AB2019B1A800023184607B08C
:1090300000BD00B587B0039002910192ADF80230F7
:10904000039B9B8802330593019B1B881A46059B53
:1090500013449A1CBDF802309A4201D90C2353E004
:10906000059BFE2B01D90C234EE0059BDAB2019B38
:109070001B881946029B0B440132D2B21A70019B25
:109080001B8801339AB2019B1A80019B1B881A46E8
:10909000029B1344FF221A70019B1B8801339AB272
:1090A000019B1A80039B1A88019B1B881946029B0F
:1090B0000B4419461046FFF74FFC03461A46019B26
:1090C0001B8813449AB2019B1A80039B9B88002B38
:1090D00019D0039B9B68002B01D1072314E0019B4F
:1090E0001B881A46029B9818039B9968039B9B88D0
:1090F0001A460AF029FE019B1A88039B9B88134499
:109100009AB2019B1A800023184607B000BD00B533
:1091100089B0039002910192ADF80230039B9B6AE3
:10912000002B01D1072371E000238DF81F3065E08B
:10913000039B996A9DF81F2013465B0013449B0014
:109140000B440693069B9B8802330593059BFE2BDD
:1091500001D90C235AE0059BDAB2019B1B88194602
:10916000029B0B440132D2B21A70019B1B8801335F
:109170009AB2019B1A80019B1B881A46029B1344DA
:1091800016221A70019B1B8801339AB2019B1A8028
:10919000069B1A88019B1B881946029B0B441946A3
:1091A0001046FFF7D9FB03461A46019B1B88134460
:1091B0009AB2019B1A80069B9B88002B19D0069BB4
:1091C0009B68002B01D1072320E0019B1B881A46D6
:1091D000029B9818069B9968069B9B881A460AF082
:1091E000B3FD019B1A88069B9B8813449AB2019B8E
:1091F0001A809DF81F3001338DF81F30039B93F8C0
:109200002C309DF81F209A4292D30023184609B0B3
:1092100000BD00B595B0059004910392002313930F
:10922000039B1B88ADF84A30039B00221A80059BE4
:1092300093F82D30002B0ED0BDF84A301A46039912
:109240000498FFF79FFB1390139B1193119B002B26
:1092500001D0119BD8E0059B9B78002B0ED0BDF868
:109260004A301A4603990498FFF79AFC1390139B0F
:109270001093109B002B01D0109BC5E0059BDB7861
:10928000002B10D0059BDB7858B2BDF84A30039A0A
:109290000499FFF7D3FC1390139B0F930F9B002BA4
:1092A00001D00F9BB0E0059B5B68002B11D0059BA4
:1092B0005B6893F90000BDF84A30039A0499FFF700
:1092C000FCFC1390139B0E930E9B002B01D00E9B66
:1092D0009AE0059B1B89002B14D0059B03F1080025
:1092E000BDF84A300193039B0093049B06220221A0
:1092F000FFF7CEFD1390139B0D930D9B002B01D018
:109300000D9B81E0059B1B8A002B14D0059B03F16C
:109310001000BDF84A300193039B0093049B072281
:109320000321FFF7B5FD1390139B0C930C9B002BAF
:1093300001D00C9B68E0059B1B8B002B14D0059B78
:1093400003F11800BDF84A300193039B0093049B7E
:1093500015221421FFF79CFD1390139B0B930B9B7D
:10936000002B01D00B9B4FE0059B1B6A002B0FD0FD
:10937000059B186ABDF84A30039A0499FFF7FAFD75
:109380001390139B0A930A9B002B01D00A9B3BE08E
:10939000059B5B6A002B0FD0059B586ABDF84A30CD
:1093A000039A0499FFF745FE1390139B0993099BB9
:1093B000002B01D0099B27E0059B93F82C30002B54
:1093C0000ED0BDF84A30039A04990598FFF79FFE26
:1093D0001390139B0893089B002B01D0089B13E06C
:1093E000059B1B78002B0ED0BDF84A30039A0499D8
:1093F0000598FFF72FFB1390139B0793079B002BF8
:1094000001D0079B00E0139B184615B000BD75DF27
:10941000704700BF184676DF704700BF18467ADFF6
:10942000704700BF18467BDF704700BF184600003A
:1094300084B00346ADF806300023039316E00F49CD
:10944000039A13469B0013449B000B441B88BDF8F2
:1094500006209A4207D1039A13469B0013449B00AF
:10946000064A134406E0039B01330393039B002B3E
:10947000E5D00023184604B0704700BF60240020E8
:1094800082B001900B46ADF80230019BBDF802207E
:109490001A80019B00221A72019B054903F10A02FE
:1094A0000B4603CB1060516000BF02B0704700BF95
:1094B0009024002082B00190019B4FF6FF721A8029
:1094C00000BF02B0704788B00390029111461A465F
:1094D0000B46ADF806301346ADF80430039B9B886D
:1094E0001A46BDF8063013440793039B9B88194620
:1094F000039B9B88BDF80620934228BF13469BB26E
:10950000CB1A0693039BDB881A46BDF8043013443C
:109510000593039BDB881946039BDB88BDF8042079
:10952000934228BF13469BB2CB1A0493029B5A88DE
:10953000039B1B889A4205D3029B5A88039B5B8836
:109540009A4201D900231CE0029B9B881A46069B85
:10955000934205D8029B9B881A46079B934201D2EF
:1095600000230EE0029BDB881A46049B934205D839
:10957000029BDB881A46059B934201D2002300E040
:109580000123184608B0704700B583B00190054B21
:109590009B69002B03D0034B9B690198984700BF40
:1095A00003B000BD7424002000B585B003460091CF
:1095B000ADF80630BDF8063000991846FFF727FFD2
:1095C0000390039B002B05D0039B112B02D0039823
:1095D000FFF7DAFF039B002B0CBF01230023DBB254
:1095E000184605B000BD000000B589B00190019B90
:1095F0000793079B9BB21846FFF71AFF0690069B3E
:10960000002B42D0069B1A7A214B1B7B9A4215D223
:10961000079B9AB2069B0A3319461046FFF7C4FF10
:1096200003468DF813309DF81330002B2DD0069B88
:109630001B7A0133DAB2069B1A7226E0069B0022DF
:109640001A72134B1B7C002B0FD0079B9BB23B2144
:109650001846FFF7E0FE0590059B002B05D0059B03
:10966000082B02D00598FFF78FFF094B5B69002B91
:109670000BD000238DF80C30079B9BB2ADF80E3059
:10968000034B5B6903AA1046984700BF09B000BDB1
:109690007424002030B587B00190019B002B01D1CC
:1096A0000E2353E02B4A019B14461D460FCD0FC4D9
:1096B00095E8070084E80700264B274A1A60019BBB
:1096C0001B68002B11D0019B1B681846FFF7A7FEF3
:1096D0000490049B002B01D0049B37E0019B1A6887
:1096E0001D4B1068516803C308E01B48FFF79BFE41
:1096F0000490049B002B01D0049B27E000230593DA
:1097000020E0059A13469B0013449B00134A134420
:1097100003930398FFF7CEFE059B5B01104A1A44A2
:10972000039B5A60039B04330E4A0021184605F040
:1097300059FF0490049B002B01D0032306E0059BF6
:1097400001330593059B002BDBD00023184607B09F
:1097500030BD00BF7424002090240020602400202D
:1097600040240020E995020000B587B0034600912F
:10977000ADF80630009B5B7A002B1AD1009B1B7A58
:10978000002B03D1164B5B68059302E0144B9B68DA
:109790000593009B5B68BDF806200599184605F007
:1097A0005BFF0490049B002B16D00498FFF7ECFE9F
:1097B00012E0009B00221A72094B5B69002B0BD050
:1097C00001238DF80C30BDF80630ADF80E30044B97
:1097D0005B6903AA1046984700BF07B000BD00BFF1
:1097E0007424002000B585B00190019BDB7B8DF8CF
:1097F0000F30019B9B88ADF80C309DF80F30012B8A
:109800002CD14FF6FF70FFF713FE0290029B002B46
:1098100003D10420FFF7B8FE21E0BDF80C30194653
:109820000298FFF72DFE029B03F10A00019B03F152
:1098300010014FF6FF7340F2F312FFF744FE0346A8
:109840001A46029B5A72074BDB89002B07D1BDF8E1
:109850000C3002991846FFF787FF00E000BF05B003
:1098600000BD00BF7424002000B587B00190019BAB
:109870009B88ADF81630BDF816301846FFF7D8FDB6
:109880000490049B002B0ED0049B5B68184605F0E7
:109890003BFF0390039B002B02D00398FFF774FE5D
:1098A0000498FFF707FE00BF07B000BD00B587B002
:1098B0000190019B06330593059B1A88194BDB89A0
:1098C0009A422BD1059B5B89022B27D1019B9B8858
:1098D000ADF81230BDF812301846FFF7A9FD03901D
:1098E000039B002B1AD0059B0C33184600F0E5F9BA
:1098F0000346002B06D0BDF8123003991846FFF737
:1099000033FF0BE0039B5B68184605F0FDFE0290F9
:10991000029B002B02D00298FFF736FE00BF07B073
:1099200000BD00BF7424002000B585B00190019BEC
:109930009B88ADF80E30BDF80E301846FFF778FD65
:109940000290029B002B15D0029B03F10A00019BA1
:1099500003F108014FF6FF7340F2F312FFF7B3FD76
:1099600003461A46029B5A72BDF80E3002991846F9
:10997000FFF7FAFE00BF05B000BD00B583B001904F
:109980000091019B1B88502B12D0502B18DC122BFE
:1099900012D0122B14DC102B02D0112B04D00FE0AC
:1099A0000198FFF71FFF0CE00198FFF75DFF08E04B
:1099B0000198FFF77BFF04E00198FFF7B5FF00E097
:1099C00000BF00BF03B000BD30B58FB00190009163
:1099D00000230293009B002B1AD000230D9314E068
:1099E0006B460D99184606F0A4FC0346002B09D0DF
:1099F000029B5A1C02920D9A92B25B0038336B4460
:109A000023F82C2C0D9B01330D930D9B132BE7D9C1
:109A1000019B1D4602AC0FCC0FC50FCC0FC594E8BF
:109A2000070085E8070001980FB030BD00B583B08E
:109A30000346ADF80630BDF80630132B01D90023DC
:109A40000CE0BDF806301946064806F043FCBDF8A8
:109A500006301946044806F03DFC0123184603B0C1
:109A600000BD00BFA02400209C24002000B585B0CC
:109A70000346ADF80630002303930DE0039B9B00E3
:109A8000094A13440433BDF806201146184606F06F
:109A900038FC039B01330393039B1D2BEED900BFBE
:109AA00000BF05B000BD00BF9824002000B583B002
:109AB0000346ADF80630BDF806301946024806F0F8
:109AC00020FC00BF03B000BDA024002030B59BB037
:109AD000184B9B68DB431893164B5A6818AB11461A
:109AE000184606F080FC189A6B4611461846FFF798
:109AF0006BFF0DAC6D460FCD0FC40FCD0FC495E8B5
:109B0000070084E80700002319930BE0199B5B0012
:109B100068336B4433F8303C1846FFF7A7FF199BB6
:109B2000013319930D9B199A9A42EFD300BF00BFDE
:109B30001BB030BD9824002000B583B001900B46C7
:109B4000ADF8023013468DF801309DF80130002B3E
:109B500006D0BDF802301946019806F0BBFB05E0BF
:109B6000BDF802301946019806F0CBFB00BF03B0E8
:109B700000BD000000B585B001900091019B9B885D
:109B8000ADF80E30019B1B881A2B2ED01A2B71DCDE
:109B9000192B59D0192B6DDC102B02D0112B1ED094
:109BA00068E0FFF793FFBDF80E301846FFF73EFF61
:109BB000034683F00103DBB2002B05D02F4AF021CE
:109BC000042005F02FF952E0019BDB7B022B4ED1E4
:109BD000BDF80E3019462A4806F07CFB47E0BDF878
:109BE0000E301846FFF762FF44E0019B1B7AC3F377
:109BF0000313DBB28DF80D309DF80D30032B8CBFB5
:109C000001230023DAB2BDF80E3019461D48FFF7D4
:109C100093FF9DF80D30022B8CBF01230023DAB295
:109C2000BDF80E3019461848FFF786FF9DF80D3035
:109C3000012B8CBF01230023DAB2BDF80E30194688
:109C40001248FFF779FF15E0019B1B7A002B10D11A
:109C5000019B5B7AC3F3C0038DF80C309DF80C2098
:109C6000BDF80E3019460748FFF766FF01E000BF58
:109C700000E000BF00BF05B000BD00BFA842030068
:109C8000A4240020B0240020AC240020A82400201C
:109C900082B00190019B1B781AB2019B01331B78A3
:109CA0001BB21B021BB213431BB29BB2184602B07D
:109CB0007047AADF704700BF184600B585B0019015
:109CC0000198FFF7E5FF0346ADF80E30BDF80E3002
:109CD00003F00103DBB2184605B000BD82B00346B5
:109CE00000918DF80730009A137823F00F0313705A
:109CF000009A137823F0F00313709DF80730052BBA
:109D000051D0052B5DDC042B40D0042B59DC032BF8
:109D10002FD0032B55DC022B1ED0022B51DC002B45
:109D200002D0012B0BD04CE0009A137823F00F03E4
:109D30001370009A137823F0F003137040E0009A38
:109D40001378012161F303031370009A1378012142
:109D500061F30713137033E0009A1378012161F364
:109D600003031370009A1378022161F30713137031
:109D700026E0009A1378012161F303031370009A1F
:109D80001378032161F30713137019E0009A137815
:109D9000022161F303031370009A1378012161F328
:109DA000071313700CE0009A1378022161F3030388
:109DB0001370009A1378022161F30713137000BF28
:109DC00000BF00BF02B0704700B595B003460291D6
:109DD0000192ADF80E30029B9B78002B03D101233A
:109DE0008DF81E3003E0029B9B788DF81E30029B9D
:109DF0001B88ADF81C3006AB03220021184609F081
:109E0000D5FF029B5B7C06AA11461846FFF766FF4A
:109E1000029B9A7C06AB013319461046FFF75EFFA2
:109E2000029BDA7B9DF81A3062F3C3038DF81A3077
:109E3000029B1A7C9DF81A3062F304138DF81A30D5
:109E4000029B1A7B9DF81A3062F300038DF81A30DA
:109E5000029B1B7D002B01D0022200E001229DF815
:109E60001A3062F342038DF81A300DAB1C22002128
:109E7000184609F09BFF029B5B7B03F01003DBB2EB
:109E8000002B06D1029B5B7B03F02003DBB2002B8F
:109E900024D004AB03220021184609F087FF029B5F
:109EA000DA7C04AB013319461046FFF717FF9DF823
:109EB0001030012262F303038DF810309DF810304A
:109EC000012262F307138DF810309DF81230012241
:109ED00062F342038DF8123004AB1293029B5B7B5A
:109EE0008DF83430029B9B7B8DF8353008AB142203
:109EF0000021184609F05AFF07AB089306AB0993F7
:109F0000029B9B88ADF82C30029B9B68002B06D0EF
:109F1000029BDB88ADF82830029B9B680C93029B68
:109F20009B69002B4FD005AB03220021184609F096
:109F30003DFF029B9B691B88ADF83C30029B9B69EF
:109F40005B88ADF83E30029B9B695B680E9305AB66
:109F50001193029B9B691B7B05AA11461846FFF7CC
:109F6000BDFE029B9B695A7B05AB01331946104627
:109F7000FFF7B4FE029B9B699A7A9DF8163062F354
:109F8000C3038DF81630029B9B69DA7A9DF8163070
:109F900062F304138DF81630029B9B691A7A9DF8C0
:109FA000163062F300038DF81630029B9B699B7B91
:109FB000002B01D0022200E001229DF8163062F34E
:109FC00042038DF81630029BDB69002B02D0029B06
:109FD000DB69109308AA0DA9BDF80E00019BFFF7DD
:109FE00068FE0346184615B000BD90DF704700BFFD
:109FF0001846A5DF704700BF1846B5DF704700BFA1
:10A00000184682B00190019B17221A80019B1722EB
:10A010005A80019B00221A71019B00225A71019BF8
:10A020001B229A71019B1B22DA7100BF02B070479C
:10A0300030B589B003460A46ADF806301346ADF890
:10A040000430BDF80430ADF81430BDF80430ADF87C
:10A0500016300023ADF818300023ADF81A3003ABEA
:10A0600000221A609A8003AA05A9BDF80630184696
:10A07000FFF7BBFF0790079B002B39D01E4A1F4BF1
:10A08000D31ADB081B0443F00104BDF806500798FF
:10A0900007F0E4F903462A461949204607F01DFF58
:10A0A000BDF80C30002B03D1BDF80E30002B0ED0C4
:10A0B000114A124BD31ADB081B0443F00100BDF810
:10A0C0000C301A46BDF80E300E4907F006FFBDF8F9
:10A0D0001030002B0CD0084A084BD31ADB081B04A5
:10A0E00043F00103BDF810200749184607F0E5FECC
:10A0F000079B184609B030BDA03F0300583F03003E
:10A1000008430300544303009443030010B586B092
:10A1100001900091009B9B88ADF80E30BDF80E3089
:10A12000DB00019A134406330593019B1A79059BC2
:10A130009A71009BDB7B012B02D0022B05D009E03A
:10A14000019B1A88059B1A8004E0019B5A88059B95
:10A150001A8000BF059B1A88059B5B889A4226D906
:10A16000059B1A88BDF80E3011461846FFF741FFCF
:10A170000490049B002B03D1059B01225A7116E029
:10A18000049B112B03D1059B01221A710FE0114A88
:10A19000114BD31ADB081B0443F00104049807F0A9
:10A1A0005DF903461A460D49204607F086FE059BD9
:10A1B0009A79059BDB799A4208D9059B9B791A46C7
:10A1C000BDF80E3011461846FFF732FF00BF06B04B
:10A1D00010BD00BFA03F0300583F0300EC43030045
:10A1E00000B583B001900091009B9B88DB00019A31
:10A1F000134406331846FFF704FF00BF03B000BD49
:10A2000000B587B001900091009B9B88ADF8163097
:10A21000009B5B89ADF81430BDF81630DB00019A65
:10A22000134406330493049B1B88BDF81420934207
:10A2300028BF13469AB2049B5A80049B5B88172B55
:10A2400038BF17239AB2049B5A80019B1B69002BCD
:10A2500015D0049B5B79002B11D040F67723ADF825
:10A260000830BDF81630ADF80A30049B5B88ADF8B5
:10A270000C30019B1B6902AA114601989847049B68
:10A2800000225A71049B00221A7100BF07B000BD62
:10A2900010B588B001900091009B9B88ADF81A30F2
:10A2A000009BDB88ADF81830BDF81A30DB00019A4E
:10A2B000134406330593BDF81830172B38BF172306
:10A2C000ADF81830059B1B88BDF81820934228BFB5
:10A2D00013469AB2059B5A80059B00221A71059B72
:10A2E0001A88BDF81A3011461846FFF786FE079007
:10A2F000079B002B0FD0174A174BD31ADB081B0400
:10A3000043F00104079807F0A9F803461A461349D9
:10A31000204607F0D2FD059B5B79002B16D1019BEF
:10A320001B69002B13D040F67723ADF80C30BDF835
:10A330001A30ADF80E30059B5B88ADF81030019BEC
:10A340001B6903AA11460198984700E000BF08B0B6
:10A3500010BD00BFA03F0300583F0300204403008E
:10A3600030B591B001900091009B04AC1D1D0FCD44
:10A370000FC40FCD0FC495E8070084E80700BDF8AF
:10A380001030ADF83E30BDF81420BDF83E30D1B2EB
:10A39000019ADB0013440A465A73019B1B69002B88
:10A3A00015D04DF67A23ADF80830BDF83E30ADF843
:10A3B0000A30BDF83E30019ADB0013445B7B8DF818
:10A3C0000C30019B1B6902AA11460198984700BFF7
:10A3D00011B030BD00B587B001900091009B0433EF
:10A3E0000593059B1B88DB00019A134406330493F5
:10A3F000059B9B888DF80F30049B9B799DF80F205F
:10A40000934228BF13468DF80E30059B1B889DF89C
:10A410000E2092B211461846FFF70AFE00BF07B0A1
:10A4200000BD00B585B001900091019B002B01D1CA
:10A430000E231DE0019B009A1A61019B17221A80CE
:10A44000019B17225A80019B1B221A710023039340
:10A450000AE0039BDB00019A134406331846FFF71A
:10A46000D0FD039B01330393039B002BF1D000230A
:10A47000184605B000BD000010B586B001900091EF
:10A48000009B0593019B9B88ADF81230BDF81230FC
:10A49000002B70D1019B1B88552B21D0552B2EDC16
:10A4A0003A2B18D03A2B2ADC242B1ED0242B26DC66
:10A4B000232B1FD0232B22DC102B02D0112B05D0F5
:10A4C0001DE001990598FFF721FE19E00199059813
:10A4D000FFF786FE14E001990598FFF791FE0FE063
:10A4E00001990598FFF7D4FE0AE001990598FFF756
:10A4F00037FF05E001990598FFF76CFF00E000BF0A
:10A50000BDF81230059ADB0013449B7A002B33D040
:10A51000BDF81230059ADB001344DA88BDF812301A
:10A5200011461846FFF765FD0390039B002B0ED1E3
:10A53000BDF81230059ADB00134400229A72BDF870
:10A540001230059ADB0013440122DA7214E0039BF7
:10A55000112B11D0094A0A4BD31ADB081B0443F014
:10A560000104039806F07AFF03461A46054920467F
:10A5700007F0A3FC00E000BF06B010BDA03F030041
:10A58000583F0300EC430300B0DF704700BF18469C
:10A5900066DF704700BF184682B001900091019BB2
:10A5A000002B01D10E2316E0009B002B01D10E23BE
:10A5B00011E0019B1B78DE2B01D108230BE0009BEF
:10A5C0001A68019B5A60019BDE221A70019B4FF6AC
:10A5D000FF725A800023184602B0704782B0019083
:10A5E0000B46ADF80230019B002B01D10E230AE08F
:10A5F000019B1B78DE2B01D0082304E0019BBDF8F2
:10A6000002205A800023184602B0704700B585B07A
:10A610000190019B1B7A002B18D0019B5B880021C5
:10A620001846FFF7B5FF0390039B002B03D1019B56
:10A6300000221A720AE0039B112B03D1019B012215
:10A640001A7203E0019B5B680398984700BF05B04E
:10A6500000BD00B583B001900091009B1B79012BD8
:10A660000BD1009B1A88019B5B889A4205D1019B04
:10A6700001221A720198FFF7C9FF00BF03B000BDA5
:10A6800082B00190009100BF02B0704700B589B060
:10A6900001900091009B1A88019B5B889A4236D1F9
:10A6A000009B02330793079B1B78022B31D1079B3A
:10A6B0001B7A042B07D0079B1B7A062B03D0079B22
:10A6C0001B7A052B27D102AB00221A605A609A60D0
:10A6D000DA6002238DF808304FF4C073ADF80C3007
:10A6E000079B1B7A052B02D10023ADF80C30009B91
:10A6F0001B8802AA11461846FFF746FF0690069BE4
:10A70000002B09D0019B5B680698984704E000BFC6
:10A7100002E000BF00E000BF09B000BD00B585B099
:10A7200001900091009B002B43D0019B002B40D057
:10A73000009B0393039B1B78DE2B3AD1019B9A88E5
:10A74000039B5B889A4202D10398FFF75FFF019B4E
:10A750001B88512B18D0512B28DC112B1BD0112B0F
:10A7600024DC012B02D0022B07D01FE0019B043315
:10A7700019460398FFF76DFF1BE0019B0433194650
:10A780000398FFF77DFF14E0019B043319460398FB
:10A79000FFF77CFF0DE0019B9A88039B5B889A4240
:10A7A00006D1039B4FF6FF725A8001E000BF00E024
:10A7B00000BF05B000BDA8DF704700BF1846AEDF80
:10A7C000704700BF184662DF704700BF184600B5EB
:10A7D00085B001900091009B06330393039B1A8878
:10A7E000019B5B889A420FD1039B5B89012B0BD1A4
:10A7F000019B5B69002B07D0019B5B69009A9088E5
:10A80000039A127B0199984700BF05B000BD00B5BF
:10A8100085B001900091009B0393019B1B88502BF6
:10A8200004D101990398FFF7D2FF00E000BF00BFF9
:10A8300005B000BD10B592B001900091009B1A6860
:10A84000019B5A61484B02AC0FCB84E80F00019B7F
:10A8500003F1120202AB11461846FFF7B4FF119044
:10A86000119B1093109B002B01D0109B79E0019B52
:10A870009B7C8DF83A3041F22353ADF83830019A81
:10A880000EAB19460120FFF796FF1190119B0F9315
:10A890000F9B002B01D00F9B63E006AB2022002111
:10A8A000184609F083FA41F22453ADF81830019BA1
:10A8B0009B7C8DF81A300123ADF81E300123ADF8D2
:10A8C0001C309DF8253043F002038DF825309DF8AB
:10A8D000253043F010038DF8253001238DF8293001
:10A8E00001238DF82B30019B1888019B03F10A028C
:10A8F00006AB1946FFF768FA1190119B002B01D0A7
:10A90000119B2EE006AB20220021184609F04EFADA
:10A9100041F22553ADF81830019B9B7C8DF81A301D
:10A920000123ADF81E300123ADF81C309DF8253011
:10A9300043F002038DF825309DF8253043F00803DD
:10A940008DF8253001238DF8293001238DF82A3028
:10A95000019B1888019B9A1C06AB1946FFF734FA35
:10A960000346184612B010BD5044030000B589B02C
:10A9700003460091ADF8063013468DF805300123EB
:10A98000ADF80E3004AB10220021184609F00EFA83
:10A9900001238DF81230009B5B89ADF810300DF16A
:10A9A000050307930DF10E03069304AABDF80630C4
:10A9B00011461846FFF703FF0346184609B000BDCD
:10A9C00082B003468DF807309DF90730002B13DB6A
:10A9D0009DF8073003F01F0209499DF907305B0914
:10A9E000012000FA02F2203341F82320BFF34F8FF9
:10A9F00000BFBFF36F8F00BF00BF02B0704700BF42
:10AA000000E100E0044BD3F80034002B14BF012315
:10AA10000023DBB2184670470000014008B508F07B
:10AA2000BDF9034683F00103DBB2002B03D10949D2
:10AA30007B20FCF709FDFFF7E5FF034683F00103E8
:10AA4000DBB2002B04D001F03BFA034B00229A70DA
:10AA500000BF08BD684403001425002000B583B082
:10AA600000230193174B1B78002B02D08523019301
:10AA70001CE0144B00229A60124B00225A60114BCA
:10AA800000221A610F4B0022DA600F4801F0E0F952
:10AA9000019008F083F9034683F00103DBB2002B39
:10AAA00001D001F0F9F9074B01221A70FFF7AAFF54
:10AAB0000346002B02D0034B01229A70019B1846DB
:10AAC00003B000BD142500209DAB020084B00190AE
:10AAD000019B1B680393039B002B03D0039B1A6805
:10AAE000019B1A60039B184604B0704700B583B001
:10AAF000164B1B78002B04D1154940F21710FCF7B8
:10AB0000A3FC124BDB68002B04D111494FF48C706D
:10AB1000FCF79AFC00238DF807300DF10703184667
:10AB200004F0BCFE094BDB68013B084AD360074BCD
:10AB3000DB68002B01D1FFF771FF9DF80730184645
:10AB400004F0C0FE00BF03B000BD00BF142500200C
:10AB50006844030000B585B003468DF807309DF8C2
:10AB60000730002B02D10B4B039301E00A4B0393F8
:10AB70000398FFF7ABFF0290029B002B06D0029BCD
:10AB80005B689DF8072010469847F1E700BF00BFBB
:10AB900005B000BD1C2500202425002000B583B091
:10ABA00003468DF807309DF80730002B05D1094B7F
:10ABB00001225A700020FFF7CDFF9DF80730012BCE
:10ABC00005D1044B01229A700120FFF7C3FF00BF9B
:10ABD00003B000BD1425002000B583B001900091A2
:10ABE000019B002B05D1044B01225A700020FFF776
:10ABF000B1FF00BF03B000BD1425002000B585B033
:10AC0000034600918DF807309DF80730032B29D0BB
:10AC1000032B35DC002B02D0012B04D030E00020C8
:10AC2000FFF7CEFE2DE000238DF80F300DF10F035E
:10AC3000184604F033FE144B1B7883F00103DBB29B
:10AC4000002B01D0FFF70AFF0F4BDB6801330E4AE0
:10AC5000D3600D4B01229A709DF80F30184604F016
:10AC600031FE0EE0084B1B78002B04D1074940F25F
:10AC70005220FCF7E9FB01F00FF9FFF737FF00E086
:10AC800000BF00BF05B000BD1425002068440300CC
:10AC900082B003468DF807309DF90730002B0CDB9E
:10ACA0009DF8073003F01F0205499DF907305B0945
:10ACB000012000FA02F241F8232000BF02B07047E1
:10ACC00000E100E082B003468DF807309DF90730BF
:10ACD000002B0DDB9DF8073003F01F0206499DF99C
:10ACE00007305B09012000FA02F2603341F82320AB
:10ACF00000BF02B0704700BF00E100E082B0034631
:10AD000000918DF807309DF90730002B0ADB009B7E
:10AD1000DAB20C499DF907305201D2B20B4483F8E4
:10AD200000230BE0009BDAB207499DF8073003F0DF
:10AD30000F03043B5201D2B20B441A7600BF02B09B
:10AD4000704700BF00E100E000ED00E000B583B017
:10AD500003460A468DF8073013468DF806309DF8F5
:10AD60000630012B03D99DF80630032B0CD99DF832
:10AD70000630042B03D99DF80630072B04D90D4962
:10AD80004FF49270FCF760FB9DF806209DF90730A8
:10AD900011461846FFF7B2FF9DF907301846FFF736
:10ADA00091FF9DF907301846FFF772FF00BF03B00F
:10ADB00000BD00BFB844030000B585B00190019B01
:10ADC000002B0AD0064B43F001030393019B9B0128
:10ADD0000293039B0298984700E000BF05B000BDB6
:10ADE0009045030082B001900B468DF803309DF82A
:10ADF0000330019A134401221A6000BF02B0704769
:10AE000084B001900B46ADF80230BDF80230019AD3
:10AE1000134400221A60BDF80230019A13441B68E3
:10AE20000393039B00BF04B0704782B001900B46B0
:10AE3000ADF80230BDF80230019A13441B68002BB4
:10AE400014BF01230023DBB2184602B0704782B062
:10AE500001900091019B009AC3F8042300BF02B047
:10AE6000704782B001900091019B009AC3F80823BB
:10AE700000BF02B0704782B00190019B0622C3F868
:10AE8000002500BF02B0704784B003900291019288
:10AE9000039B029AC3F80825039B019AC3F80C256B
:10AEA00000BF04B0704782B001900091019B009AEE
:10AEB000C3F8242500BF02B0704784B00190019B05
:10AEC000D3F8C4340393019B039AC3F8C424039BAF
:10AED000184604B0704782B001900B468DF80330DD
:10AEE0009DF80320019BC3F8882500BF02B070477E
:10AEF00084B0039002910192029A039BC3F8442507
:10AF0000039B019AC3F8482500BF04B0704784B082
:10AF1000039002910192029A039BC3F83425039B8C
:10AF2000019AC3F8382500BF04B0704782B0019081
:10AF30000091019B009AC3F8002200BF02B0704745
:10AF400082B00190019BD3F84C35184602B070478F
:10AF500082B00190019BD3F83C35184602B070478F
:10AF600082B00190019B0122C3F8502500BF02B0BE
:10AF7000704782B00190019B0022C3F8502500BFAA
:10AF800002B0704782B00190019B0122C3F84025B6
:10AF900000BF02B0704782B00190019B0022C3F84D
:10AFA000402500BF02B0704784B00190019B1B0B8D
:10AFB0008DF80F309DF90F30184604B0704782B0FD
:10AFC0000190019B03F06043B3F1005F0CBF0123CC
:10AFD0000023DBB2184602B07047000000B583B012
:10AFE0000190019B1B68184600F074F80346002B83
:10AFF00004D10B494FF4F670FCF726FA019B1B684D
:10B000001F2B02D84FF0A04306E0019B1B6803F002
:10B010001F02019B1A60034B184603B000BD00BF1E
:10B02000084503000003005000B585B0019001AB56
:10B030001846FFF7D3FF0390019B012202FA03F3A6
:10B040001946039800F032F800BF05B000BD00B506
:10B0500085B0019001AB1846FFF7C0FF0390019B3C
:10B06000012202FA03F31946039800F029F800BF01
:10B0700005B000BD00B585B0019001AB1846FFF7E3
:10B08000ADFF0390039800F009F80246019B22FAF5
:10B0900003F303F00103184605B000BD82B0019030
:10B0A000019BD3F81035184602B0704782B001906A
:10B0B0000091019B009AC3F8082500BF02B07047B9
:10B0C00082B001900091019B009AC3F80C2500BF4B
:10B0D00002B0704784B00190019B5B09029300238A
:10B0E0000393029B002B03D0029B012B04D007E0AB
:10B0F0004FF0FF33039303E04FF6FF73039300BF5A
:10B10000019B03F01F030193039A019B22FA03F3AF
:10B1100003F00103DBB2184604B0704784B001901D
:10B1200003230393019B03F00203002B02D048F298
:10B1300001230393019B03F00403002B02D048F288
:10B1400002230393039B184604B0704700B585B0F3
:10B1500001904FF0A042019B1B6803F5E07340F2A1
:10B160000C6142F823104FF0A042019B5B6803F58D
:10B17000E07340F20C6142F82310019B1B681846F3
:10B18000FFF752FF019B5B681846FFF74DFF4FF03A
:10B19000A042019B1B6803F5E07340F20D6142F889
:10B1A00023104FF0A042019B5B6803F5E07340F26F
:10B1B0000D6142F823100420FFF7FEFD00230393E6
:10B1C0001EE0019B5B681846FFF754FF0346002B07
:10B1D00003D0039B002B17D124E0019B1B6818466A
:10B1E000FFF735FF0420FFF7E7FD019B1B681846BA
:10B1F000FFF71AFF0420FFF7DFFD039B01330393E2
:10B20000039B082BDDDD00E000BF019B5B68184657
:10B21000FFF71DFF0420FFF7CFFD019B5B68184679
:10B22000FFF702FF05B000BD00B589B003900291A1
:10B2300001920093029B002B03D13F49F520FCF7BC
:10B2400003F9029B1A68029B5B689A4203D13A4950
:10B25000F620FCF7F9F8039B1B791A4613469B006E
:10B260001344DB00354A13440793079B93F82230BD
:10B27000002B03D008230593059B59E0079B019AF7
:10B280001A60079B009A5A60079B00229A60079BEE
:10B29000002283F82520079B002283F82420029BAC
:10B2A0009A7B079B83F82720029B5B7B002B02D0B5
:10B2B0000298FFF74BFF4FF0A042029B1B6803F57B
:10B2C000E07340F20C6142F823104FF0A042029B61
:10B2D0005B6803F5E07340F20C6142F82310039BB6
:10B2E0001B680693029B1968029B5B681A460698C6
:10B2F000FFF7CAFD029B9B6819460698FFF7D3FD2E
:10B30000079B1B68002B0CD0039B1B681846FFF79C
:10B310004BFE03461A46029B1B7B19461046FFF75D
:10B3200015FD079B012283F8222000230593059B2E
:10B33000184609B000BD00BF3C4503002825002089
:10B3400000B585B00190019B1B791A4613469B00FE
:10B350001344DB000C4A13440393039B93F82230FD
:10B36000012B04D0094940F27710FCF76DF8019BDE
:10B370001B6802930298FFF77EFD039B022283F86D
:10B38000222000BF05B000BD282500203C45030059
:10B3900000B583B001900091009B03F00103002BE6
:10B3A00003D00198FFF7DCFD02E00198FFF7E1FD13
:10B3B000009B03F00203002B03D00198FFF7E2FD8E
:10B3C00002E00198FFF7E7FD00BF03B000BD0000F9
:10B3D00000B589B003900291019200930023079376
:10B3E00008238DF81B304FF48273ADF81830019BA1
:10B3F0005B681846FFF7E3FD034683F00103DBB209
:10B40000002B03D010230793079B94E14FF0FF31EB
:10B410000298FFF726FD039B93F82430DBB2002B44
:10B4200009D0039B9B6819460298FFF710FD112372
:10B430000793079B7FE1009B03F00403002B06D1D9
:10B44000009B03F01003002B01D1012300E0002337
:10B4500003F00103DAB2039B83F82420039B019AD3
:10B460000C3307CA83E80700009B1B0903F00103A4
:10B47000DAB2039B83F82520019B5B78194602987A
:10B48000FFF729FD4FF482710298FFF7B9FC4FF4E2
:10B4900092710298FFF7B4FC00990298FFF778FFC9
:10B4A000019B1B78032B0ED0032B00F3E980022BAA
:10B4B00077D0022B00F3E480002B00F09B80012B5F
:10B4C00000F0C580DCE0009B03F01003002B04D0EB
:10B4D0009A4940F23530FBF7B7FF009B03F00803B1
:10B4E000002B04D0954940F23630FBF7ADFF009BAE
:10B4F00003F00403002B04D0904940F23730FBF7EF
:10B50000A3FF019B9B681846FFF759FD034683F094
:10B510000103DBB2002B03D010230793079B0AE142
:10B520004FF480710298FFF701FD019B5968019B60
:10B530009B781A460298FFF7DBFC4FF4A87102983B
:10B54000FFF75EFC4FF4B0710298FFF759FC4FF41F
:10B55000A4710298FFF754FC20210298FFF742FCE7
:10B5600008210298FFF73EFC00BF4FF4A871029833
:10B57000FFF75BFC034683F00103DBB2002BF4D141
:10B580004FF4A8710298FFF73BFC019B9968019B5F
:10B59000DB781A460298FFF7ABFC039B684A9A6077
:10B5A00071E0019B5968019B9B781A460298FFF74E
:10B5B0009FFC019B9B681846FFF701FD034683F043
:10B5C0000103DBB2002B03D010230793079BB2E0EB
:10B5D000019B9968019BDB781A460298FFF797FC5C
:10B5E0004FF484510298FFF7A1FC039B40F2022222
:10B5F0009A6048E0019B5968019B9B781A46029823
:10B60000FFF776FC009B03F02003002B11D04FF4D2
:10B6100080710298FFF78AFC039B494A9A604FF4B5
:10B62000A4710298FFF7ECFB4FF4A473ADF8183047
:10B6300008E04FF400710298FFF778FC039B40F29A
:10B6400002229A6020210298FFF7CCFB1BE0019BAD
:10B650005968019B9B781A460298FFF758FC4FF4F3
:10B6600080510298FFF762FC039B40F202229A602D
:10B6700000238DF81B3020210298FFF7B3FB02E076
:10B680000723079300BF009B03F00803002B09D199
:10B69000019B1B78032B05D09DF81B30194602989F
:10B6A000FFF7A0FB039B1B68002B28D0009B03F037
:10B6B0000403002B03D0039B4FF400729A60039B9A
:10B6C0009B6819460298FFF7C2FB33E04FF4927172
:10B6D0000298FFF7AAFB0346002B10D04FF492719B
:10B6E0000298FFF78DFB20210298FFF77BFB1421C6
:10B6F0000298FFF777FB4FF48273ADF81830BDF86E
:10B70000183019460298FFF790FB034683F00103B7
:10B71000DBB2002BDAD10298FFF7CFFB0590039B39
:10B72000002283F82420059B002B03D00598FFF707
:10B73000F5FC0790079B184609B000BD3C45030087
:10B740000002040000B587B003900291019200232B
:10B750000593039B1B791A4613469B001344DB0099
:10B76000144A13440493049B1B68002B08D1029BCA
:10B770001B78022B04D1104940F2B730FBF764FE6E
:10B78000049B1B68002B08D1029B1B78032B04D160
:10B7900009494FF46E70FBF757FE039B1968019B34
:10B7A000029A0498FFF714FE0590059B184607B00F
:10B7B00000BD00BF282500203C45030000B589B02E
:10B7C000039001921A460B468DF80B3013468DF804
:10B7D0000A3005AB00221A605A609A609DF80B305F
:10B7E0008DF815309DF80A308DF81630019B0693C0
:10B7F0009DF82830002B01D0202200E0002205AB6C
:10B8000019460398FFF79EFF0346184609B000BD8E
:10B8100000B589B0039001921A460B468DF80B30A3
:10B8200013468DF80A3005AB00221A605A609A6000
:10B8300001238DF814309DF80B308DF815309DF8EC
:10B840000A308DF81630019B069305AB002219468D
:10B850000398FFF777FF0346184609B000BD0000C4
:10B8600000B589B001900091009B1B68002B04D1AA
:10B87000804940F23240FBF7E7FD4FF492710198A6
:10B88000FFF7D3FA0346002B27D04FF492710198AB
:10B89000FFF7B6FA4FF482710198FFF7C6FA034634
:10B8A00083F00103DBB2002B17D0009B9B68194685
:10B8B0000198FFF7D6FA009B02229A60009B9B68D2
:10B8C00019460198FFF7C3FA20210198FFF78AFA79
:10B8D00014210198FFF786FACAE04FF482710198AB
:10B8E000FFF7A3FA0346002B55D04FF4827101985D
:10B8F000FFF786FA009A04AB0C3207CA83E8070008
:10B90000009B93F82330002B21D0009B1B7B012B45
:10B9100005D10198FFF71CFB0346DBB204E0019858
:10B92000FFF70EFB0346DBB28DF81230009B1B7B4A
:10B93000022B05D10198FFF70BFB0346DBB204E0B5
:10B940000198FFF7FDFA0346DBB28DF813304FF490
:10B95000B0710198FFF754FA4FF4AE710198FFF7F8
:10B960004FFA009B93F8253083F00103DBB2002BE4
:10B9700004D1009B93F82330002B4DD00021019877
:10B98000FFF7D4FA009B00229A604FF0FF31019834
:10B99000FFF767FA40E04FF4A4710198FFF730FA1F
:10B9A000009B1B7B002B1AD1009A04AB0C3207CAF8
:10B9B00083E80700009B93F8253083F00103DBB296
:10B9C000002B29D000210198FFF7B0FA009B00223C
:10B9D0009A604FF0FF310198FFF743FA1CE04FF4F3
:10B9E00000710198FFF7A2FA009B40F202229A60D0
:10B9F0004FF0FF310198FFF734FA009B9B6819461E
:10BA00000198FFF724FA08210198FFF7EBF92021AC
:10BA10000198FFF7E7F92BE00198FFF74EFA07903E
:10BA2000079B03F00203002B03D001238DF80C3099
:10BA30000BE0079B03F00403002B03D002238DF8D7
:10BA40000C3002E000238DF80C30009B93F8253079
:10BA500083F00103DBB2002B03D0009B002283F8AC
:10BA60002420009B1B68009A516803AA104698473F
:10BA700009B000BD3C45030008B503490348FFF782
:10BA8000EFFE00BF08BD00BF2825002000300040A9
:10BA900000B589B001900091009B0793019B1B7832
:10BAA0008DF80C30019B5B680493019B9B68DBB2B3
:10BAB0008DF81430019BDB680693074A079B52F808
:10BAC00023300649079A51F8221003AA10469847D6
:10BAD00000BF09B000BD00BF502500205825002040
:10BAE00000B589B001900091009B0793019B1B78E2
:10BAF0008DF80C30019B5B680493019B9B68DBB263
:10BB00008DF81430019BDB680693074A079B52F8B7
:10BB100023300649079A51F8221003AA1046984785
:10BB200000BF09B000BD00BF5025002058250020EF
:10BB300030B58FB0039002910192039B1B780C9358
:10BB40002C490C9B019A41F82320029B1A692A492F
:10BB50000C9B41F823200C9B012B07D1029B5B7FA0
:10BB6000002B03D125497620FBF76EFC029B5B7FFF
:10BB70001946234A0C9B13440A461A70029B04ACD4
:10BB80001D460FCD0FC495E80F0084E80F000C9BF5
:10BB9000089300230D93039B1B781A46184B9B5C5C
:10BBA000002B0DD0039B181D019B002B01D0154AC3
:10BBB00000E0002204AB194602F020FB0D9014E0D7
:10BBC000039B1B781A460E4B9B5C002B0DD1039BED
:10BBD00003F10C00019B002B01D00B4A00E0002276
:10BBE00004AB194601F0A2FC0D900D9B18460FB056
:10BBF00030BD00BF50250020582500209845030087
:10BC00006025002091BA0200E1BA020082B003462A
:10BC10008DF807309DF90730002B0CDB9DF80730BD
:10BC200003F01F0205499DF907305B09012000FA66
:10BC300002F241F8232000BF02B0704700E100E0AB
:10BC400082B0034600918DF807309DF90730002B34
:10BC50000ADB009BDAB20C499DF907305201D2B2DF
:10BC60000B4483F800230BE0009BDAB207499DF8F0
:10BC7000073003F00F03043B5201D2B20B441A7693
:10BC800000BF02B0704700BF00E100E000ED00E03F
:10BC900082B00190019B1B0B5BB2184602B070474B
:10BCA00000B583B003460A468DF8073013468DF879
:10BCB00006309DF80630012B03D99DF80630032B82
:10BCC0000BD99DF80630042B03D99DF80630072BBD
:10BCD00003D907496B20FBF7B7FB9DF806209DF9B8
:10BCE000073011461846FFF7ABFF00BF03B000BD99
:10BCF000E845030000B583B003468DF807309DF991
:10BD000007301846FFF782FF00BF03B000BD0000F8
:10BD100082B003468DF807300E4A9DF90730002B9C
:10BD200000DA1F335B115BB252F823209DF9073014
:10BD3000594203F01F0301F01F0158BF4B425BB291
:10BD400022FA03F303F00103C3F30003DBB2184646
:10BD500002B0704700E100E082B001904FF08042F5
:10BD6000019BC2F8083300BF02B0704782B003469F
:10BD70008DF807309DF8073003F1804301221A60E7
:10BD800000BF02B0704784B00346ADF80630BDF87E
:10BD9000063003F1804300221A60BDF8063003F13B
:10BDA00080431B680393039B00BF04B0704782B0BD
:10BDB0000346ADF80630BDF8063003F180431B683A
:10BDC000002B14BF01230023DBB2184602B07047DA
:10BDD00082B001904FF08042019BC2F8183500BF3D
:10BDE00002B070474FF08043D3F818341B0C03F0B7
:10BDF0000103C3F30003DBB21846704700B583B0FC
:10BE000006238DF807304FF08040FFF741FF0346CF
:10BE10001846FFF77DFF034683F00103DBB2002BDA
:10BE200013D04FF08040FFF733FF03461A469DF8CA
:10BE3000073019461046FFF733FF4FF08040FFF7F9
:10BE400027FF03461846FFF755FF00BF03B000BDAC
:10BE500000B585B00190019B002B03D10C49A420B3
:10BE6000FBF7F2FA002303930A4B1B79002B02D055
:10BE70008523039308E0074A019B1360054B0122C9
:10BE80001A71044B00225A71039B184605B000BD7D
:10BE9000204603006425002008B5074B1B79002BC2
:10BEA00003D10649BD20FBF7CFFAFFF7A7FF01201A
:10BEB000FFF78EFF00BF08BD642500202046030069
:10BEC00008B50D4B1B79002B03D10C49F720FBF76C
:10BED000BBFA0220FFF740FF4FF48270FFF753FFD9
:10BEE0000C20FFF743FF00BFFFF77CFF0346002B4A
:10BEF000FAD100BF00BF08BD642500202046030022
:10BF000008B54FF48070FFF752FF0346002B14D0A2
:10BF10004FF48070FFF737FF0120FFF71DFF114B33
:10BF20005B7983F00103DBB2002B06D00D4B0122BD
:10BF30005A710C4B1B68002098474FF48270FFF732
:10BF400036FF0346002B0AD04FF48270FFF71BFF29
:10BF50000220FFF701FF034B1B680120984700BF39
:10BF600008BD00BF6425002082B003468DF807306D
:10BF70009DF90730002B0CDB9DF8073003F01F0202
:10BF800005499DF907305B09012000FA02F241F8EA
:10BF9000232000BF02B0704700E100E082B00346FA
:10BFA00000918DF807309DF90730002B0ADB009BCC
:10BFB000DAB20C499DF907305201D2B20B4483F832
:10BFC00000230BE0009BDAB207499DF8073003F02D
:10BFD0000F03043B5201D2B20B441A7600BF02B0E9
:10BFE000704700BF00E100E000ED00E082B001908A
:10BFF000019B1B0B5BB2184602B0704700B583B0C3
:10C0000003460A468DF8073013468DF806309DF832
:10C010000630012B03D99DF80630032B0BD99DF870
:10C020000630042B03D99DF80630072B03D90749A6
:10C030006B20FBF709FA9DF806209DF907301146A1
:10C040001846FFF7ABFF00BF03B000BD704603000A
:10C0500000B583B003468DF807309DF907301846C8
:10C06000FFF782FF00BF03B000BD00B583B00346F9
:10C07000ADF80630BDF80630184600F024F8034647
:10C080001B68012B0CBF01230023DBB2184603B051
:10C0900000BD00B585B00346ADF80630BDF80630EA
:10C0A000184600F010F803461A4600231360BDF846
:10C0B0000630184600F007F803461B680393039BFD
:10C0C00000BF05B000BD82B00346ADF80630BDF834
:10C0D000063003F1804303F5C043184602B07047B1
:10C0E00082B00190034A019BC2F8043300BF02B042
:10C0F000704700BF0060004082B00190034A019B7E
:10C10000C2F8083300BF02B0704700BF00600040B3
:10C1100082B00190034BD3F80423019B13401846CF
:10C1200002B070470060004082B00190084A019B55
:10C1300003F5A27352F82330054943F00102019B35
:10C1400003F5A27341F8232000BF02B0704700BF7F
:10C150000060004082B00190084A019B03F5A27381
:10C1600052F82330054923F00102019B03F5A27325
:10C1700041F8232000BF02B0704700BF00600040BC
:10C1800084B00390029113468DF80730144A039B44
:10C1900003F5A27352F82330114923F44F3323F4EB
:10C1A0004073039A02F5A27241F822300C4A039BB5
:10C1B00003F5A27352F82320029B1B0203F47C5167
:10C1C0009DF807301B0403F440330B4304491A4322
:10C1D000039B03F5A27341F8232000BF04B070470E
:10C1E0000060004082B00190054A019B03F5A273F4
:10C1F00052F823301B0A03F03F03184602B0704781
:10C200000060004082B00190064A019B03F5A273D2
:10C2100052F823301B0C03F00303DBB2184602B0C4
:10C22000704700BF0060004000B583B00190019BE3
:10C230001B68184600F021F90346002B04D10B4976
:10C240004FF4F670FBF700F9019B1B681F2B02D817
:10C250004FF0A04306E0019B1B6803F01F02019B07
:10C260001A60034B184603B000BD00BFA046030090
:10C270000003005000B585B00190084611461A46EB
:10C2800003468DF803300B468DF8023013468DF8C7
:10C29000013001AB1846FFF7C7FF03909DF803205C
:10C2A0009DF802305B001A439DF801309B001A4351
:10C2B0009DF818301B0242EA03019DF81C301B0454
:10C2C000019A1943039B02F5E07243F8221000BF64
:10C2D00005B000BD00B585B003900B468DF80B305E
:10C2E0009DF80B30002201920022009200220021D2
:10C2F0000398FFF7BFFF00BF05B000BD00B585B0D4
:10C30000019001AB1846FFF78FFF0390019A039B42
:10C3100002F5E07253F8223023F002030293019AEF
:10C32000039B02F5E072029943F8221000BF05B0AA
:10C3300000BD00B585B001900B468DF8033001AB10
:10C340001846FFF771FF0390019A039B02F5E07214
:10C3500053F82230019A23F44031039B02F5E07236
:10C3600043F82210019A039B02F5E07253F8221061
:10C370009DF803301B04019A1943039B02F5E072F8
:10C3800043F8221000BF05B000BD00B585B0019094
:10C3900001AB1846FFF748FF0390039800F01EF822
:10C3A0000246019B22FA03F303F00103184605B08D
:10C3B00000BD00B585B0019001AB1846FFF734FF12
:10C3C0000390019A039B02F5E07253F822301B0C94
:10C3D00003F00303DBB2184605B000BD82B0019044
:10C3E000019BD3F81035184602B0704788B003900F
:10C3F00002910192164A05AB92E8030083E803001C
:10C40000039B079319E0079B9B0020336B4453F871
:10C410000C3CD3F82025019B1A60079B9B0020331E
:10C420006B4453F80C3C019A1268C3F82025019B19
:10C4300004330193079B01330793039A029B134430
:10C44000079A9A42DFD300BF00BF08B0704700BF11
:10C45000D046030000B585B0019001AB1846FFF748
:10C46000E3FE0390019B012202FA03F31A46039BA9
:10C47000C3F8202500BF05B000BD84B00190019B2A
:10C480005B09029300230393029B002B03D0029BC2
:10C49000012B04D007E04FF0FF33039303E04FF686
:10C4A000FF73039300BF019B03F01F030193039AE3
:10C4B000019B22FA03F303F00103DBB2184604B038
:10C4C000704784B001900091009B0393019BDB08AF
:10C4D0000293019B03F0070301930122019B02FADF
:10C4E00003F30399029A0A4412781340184604B0E1
:10C4F000704784B001900091009B0393019BDB087F
:10C500000293019B03F007030193039A029B1344D8
:10C510001B785AB20121019B01FA03F35BB213436A
:10C5200059B2039A029B1344CAB21A7000BF04B0F6
:10C530007047000082B001900C4A019B13443033D5
:10C5400093F90030002B09DB084A019B1344303378
:10C5500093F90030072B01DC012300E0002303F0F6
:10C560000103DBB2184602B0704700BF6C25002003
:10C5700082B00190064A019B1344303393F9003096
:10C58000072BCCBF01230023DBB2184602B0704753
:10C590006C25002082B00190064A019B1344303381
:10C5A00093F90030DB43DBB2DB09DBB2184602B0A3
:10C5B000704700BF6C25002084B003900291019267
:10C5C0008DF80330029B59B20E4A039B134430335B
:10C5D0000A461A700B49029B019A41F823209DF8E4
:10C5E000033083F00103DBB2002B08D0029B083B31
:10C5F000039A51B2034A13440A4683F8602000BFED
:10C6000004B070476C25002082B00190044A019B61
:10C6100013443033FF221A7000BF02B0704700BFCE
:10C620006C25002000B583B0019003490198FFF705
:10C6300060FF00BF03B000BDD025002082B0019094
:10C64000044A019B1344303393F90030184602B07A
:10C65000704700BF6C25002082B00190034A019B07
:10C6600052F82330184602B0704700BF6C250020F6
:10C6700084B00190074A019B1344603393F9003062
:10C680008DF80F309DF80F3023F0C003184604B02A
:10C69000704700BF6C25002084B00190074A019BC1
:10C6A0001344603393F900308DF80F309DF80F304C
:10C6B0009B09DBB2184604B0704700BF6C25002010
:10C6C00000B589B00390029113468DF80730FF231F
:10C6D0008DF81F309DF80730002B02D00023059302
:10C6E00001E0082305939DF80730002B02D00823B2
:10C6F000049301E00C230493059B069314E00F4A76
:10C70000069B52F82330B3F1FF3F0AD19DF8073062
:10C71000029A06990398FFF74FFF069B8DF81F308A
:10C7200006E0069B01330693069A049B9A42E6D3E1
:10C730009DF91F30184609B000BD00BF6C250020D0
:10C7400082B003468DF807309DF80730094A4FF054
:10C75000FF3142F823109DF80730072B07D99DF8C9
:10C760000730083B034A1344FF2283F8602000BFD0
:10C7700002B070476C25002000B583B02D4B93F8B4
:10C780006A30002B03D008230093009B4EE0002367
:10C790008DF8073011E09DF807301846FFF76DFE61
:10C7A0000346002B04D09DF807301846FFF72CFFF6
:10C7B0009DF8073001338DF807309DF807302F2B97
:10C7C000E9D900238DF8073009E09DF807301846B5
:10C7D000FFF7B6FF9DF8073001338DF807309DF85D
:10C7E00007300B2BF1D906220021134807F0DEFA9F
:10C7F0001248FFF7FBFB034606211846FFF7FEFB36
:10C800000E48FFF7F3FB03461846FFF721FC4FF4F1
:10C81000BE70FFF73EFC4FF00040FFF761FC054B98
:10C82000012283F86A2000230093009B184603B07E
:10C8300000BD00BF6C250020D02500200060004016
:10C84000044B93F86A30002B14BF01230023DBB2A2
:10C85000184670476C25002000B587B00390029100
:10C8600001920398FFF709FE0346002B04D13649D5
:10C870004FF40C70FAF7E8FD002305930398FFF7D7
:10C8800089FE0346002B02D00823059358E0029B43
:10C890009B78C3F34003DBB21A4601990398FFF774
:10C8A0000FFF03468DF813309DF91330B3F1FF3FAE
:10C8B00044D0029B9B78C3F38003DBB283F0010377
:10C8C000DBB2002B13D0029B9B7803F00103DBB299
:10C8D000002B03D00398FFF711FD05E0029B5B7866
:10C8E00019460398FFF7F6FC0398FFF79BFE029B9F
:10C8F0009B7803F00203DBB2002B08D09DF91300F4
:10C90000029B1B781A460399FFF73AFC18E09DF941
:10C910001330083B0D4A134493F96010029B1B78B7
:10C920005BB29B015AB29DF91330083B0A4351B2E6
:10C93000064A13440A4683F8602001E00423059365
:10C94000059B184607B000BDE04603006C2500209B
:10C9500000B589B001900B468DF803300198FFF7C0
:10C960008CFD0346002B04D13C494FF41870FAF7B4
:10C970006BFD0198FFF70EFE0346002B04D13749EB
:10C9800040F26120FAF760FD0198FFF7F1FD0346E0
:10C99000002B2ED00198FFF751FE0346083B1846A6
:10C9A000FFF77AFE03468DF80F309DF80F30032B0A
:10C9B0000DD10198FFF7E9FC0346002B03D00323B8
:10C9C0008DF81F300EE002238DF81F300AE09DF82D
:10C9D0000F30012B03D102238DF81F3002E0032317
:10C9E0008DF81F309DF81F3019460198FFF7A1FC04
:10C9F00030E00198FFF79EFD0346002B2AD00198F6
:10CA0000FFF71CFE03460693069B9BB240339BB286
:10CA10009B00ADF81630069B1846FFF785FBBDF866
:10CA200016301846FFF735FB9DF80330002B11D068
:10CA30000198FFF703FE03461846FFF70DFE04902A
:10CA4000049B002B06D00122069B02FA03F3184632
:10CA5000FFF746FB00BF09B000BD00BFE046030082
:10CA600000B585B001900198FFF707FD0346002B44
:10CA700004D11A4940F28B20FAF7E6FC0198FFF73F
:10CA800089FD0346002B04D114494FF42370FAF7B3
:10CA9000DBFC0198FFF76CFD0346002B04D000215E
:10CAA0000198FFF746FC15E00198FFF743FD0346A8
:10CAB000002B0FD00198FFF7C1FD03460393039BA2
:10CAC0001846FFF747FB0122039B02FA03F31846BF
:10CAD000FFF712FB00BF05B000BD00BFE04603003A
:10CAE00000B583B001900198FFF7C7FC0346002B07
:10CAF00004D1084940F2B220FAF7A6FC0198FFF7EA
:10CB000044FC0346002B14BF01230023DBB218466C
:10CB100003B000BDE046030000B585B00190019A66
:10CB200002210020FFF762FC002303930BE0039B2C
:10CB30009B00019A13441B68002B01D0012306E0DF
:10CB4000039B01330393039B012BF0D90023184669
:10CB500005B000BD00B589B00190002307935DE0EA
:10CB6000354A079B1344603393F90030B3F1FF3F1C
:10CB700050D00798FFF77CFD059001990598FFF7C5
:10CB8000A0FC0346002B46D00798FFF785FD03461F
:10CB90008DF813300598FFF70CFC03468DF8123022
:10CBA0009DF81230022B03D103238DF81B3002E0D5
:10CBB00002238DF81B309DF81B3019460598FFF7AE
:10CBC000B8FB0598FFF746FC0598FFF737FD0346CD
:10CBD0001846FFF741FD0390039B002B1BD09DF8E7
:10CBE0001330032B0FD09DF81230022B03D19DF888
:10CBF0001330012B07D09DF81230032B0BD19DF879
:10CC00001330022B07D19DF81320039B1146059882
:10CC1000984700E000BF079B01330793079B032B56
:10CC20009ED90198FFF778FF0346002B95D100BFEE
:10CC300000BF09B000BD00BF6C25002000B58BB05F
:10CC40000023089301AB00221A605A604FF48073EE
:10CC5000ADF81A30012309930023079321E0BDF8B2
:10CC60001A301846FFF701FA0346002B0ED0099838
:10CC7000FFF74EFA0346002B08D0BDF81A301846CD
:10CC8000FFF707FA089A099B13430893099B5B0077
:10CC90000993BDF81A300433ADF81A30079B0133FD
:10CCA0000793079B072BDAD94FF4BE70FFF7DDF926
:10CCB0000346002B0DD04FF4BE70FFF7EAF9089B36
:10CCC00043F00043089301AB1A4602210020FFF70E
:10CCD0008DFB089BDBB2002B29D001230993002395
:10CCE000079321E0099A089B1340002B16D0079860
:10CCF000FFF778FA05900798FFF784FA03468DF856
:10CD000013300798FFF7A8FC0390039B002B05D076
:10CD10009DF81320039B114605989847099B5B00DB
:10CD20000993079B01330793079B072BDAD9089BCD
:10CD3000002B03DA01AB1846FFF70CFF00BF0BB066
:10CD400000BD000008B5064B1B68002B03D1054948
:10CD50005120FAF779FB024B1B68984708BD00BFCA
:10CD6000D82500203447030082B00190019B044A7B
:10CD7000934201D1034B00E00023184602B07047F4
:10CD800000200040D825002000B587B00190009118
:10CD9000019B002B03D11B497720FAF755FB019823
:10CDA000FFF7E2FF0590059B002B25D000238DF8AF
:10CDB000133000238DF80B300DF10B03184602F0F1
:10CDC0006DFD059B1B79002B03D001238DF81330DB
:10CDD00005E0059B009A1A60059B01221A719DF8D7
:10CDE0000B30184602F06EFD9DF81330002B03D077
:10CDF00011230393039B02E000230393039B184634
:10CE000007B000BD3447030000B585B00190019B19
:10CE1000002B03D109499B20FAF716FB0198FFF775
:10CE2000A3FF0390039B002B05D0039B00221A60F5
:10CE3000039B00221A7100BF05B000BD34470300F8
:10CE400082B003468DF807309DF90730002B0CDBCC
:10CE50009DF8073003F01F0205499DF907305B0973
:10CE6000012000FA02F241F8232000BF02B070470F
:10CE700000E100E082B003468DF807309DF90730ED
:10CE8000002B13DB9DF8073003F01F0209499DF9C1
:10CE900007305B09012000FA02F2203341F8232019
:10CEA000BFF34F8F00BFBFF36F8F00BF00BF02B053
:10CEB000704700BF00E100E082B0034600918DF8AA
:10CEC00007309DF90730002B0ADB009BDAB20C49D2
:10CED0009DF907305201D2B20B4483F800230BE0D6
:10CEE000009BDAB207499DF8073003F00F03043BBB
:10CEF0005201D2B20B441A7600BF02B0704700BF95
:10CF000000E100E000ED00E082B00190019B1B0B0E
:10CF10005BB2184602B0704700B583B003460A46BC
:10CF20008DF8073013468DF806309DF80630012B3A
:10CF300003D99DF80630032B0BD99DF80630042B3E
:10CF400003D99DF80630072B03D907496B20FAF760
:10CF50007BFA9DF806209DF9073011461846FFF729
:10CF6000ABFF00BF03B000BD8447030000B583B032
:10CF700003468DF807309DF907301846FFF760FF2C
:10CF800000BF03B000BD00B583B003468DF8073085
:10CF90009DF907301846FFF76DFF00BF03B000BDD5
:10CFA00084B001900B46ADF80230BDF80230019A12
:10CFB000134400221A60BDF80230019A13441B6822
:10CFC0000393039B00BF04B0704782B001900B46EF
:10CFD000ADF80230BDF80230019A13441B68002BF3
:10CFE00014BF01230023DBB2184602B0704782B0A1
:10CFF00001900091019B009AC3F8042300BF02B086
:10D00000704782B001900091019BD3F80423009BEC
:10D010001340002B14BF01230023DBB2184602B0DB
:10D02000704782B001900091019B009AC3F80823D9
:10D0300000BF02B0704784B00190019BD3F88034E8
:10D040000393019B039AC3F88024039B184604B002
:10D05000704782B00190019B0422C3F8002500BFF5
:10D0600002B0704782B00190019B0022C3F80025F6
:10D0700000BF02B0704784B0039002910192039BFD
:10D08000019AC3F81425039B029AC3F80C2500BF2C
:10D0900004B0704700B583B001904FF0FF324FF0FD
:10D0A000FF310198FFF7E7FF00BF03B000BD82B07A
:10D0B0000190019BD3F80C35184602B0704782B03E
:10D0C0000190019BD3F81435184602B0704782B026
:10D0D0000190019BD3F80835184602B0704782B022
:10D0E0000190019BD3F81035184602B0704784B008
:10D0F000039002910192039B029AC3F80825039BB7
:10D10000019AC3F8102500BF04B0704700B583B082
:10D1100001904FF0FF324FF0FF310198FFF7E7FF2A
:10D1200000BF03B000BD82B00190019BD3F8183559
:10D13000DBB2184602B0704782B001900B468DF802
:10D1400003309DF80320019BC3F81C2500BF02B0EB
:10D15000704782B001900B468DF803309DF8033084
:10D16000019A134401221A6000BF02B0704782B0D6
:10D1700001900B468DF8033013468DF802309DF870
:10D1800003209DF802301343DBB21A46019BC3F81B
:10D190006C2500BF02B0704782B001900091019BE6
:10D1A000009AC3F8242500BF02B0704700B583B0D1
:10D1B0000190019B1B68184600F09FF80346002B66
:10D1C00004D10B494FF4F670FAF73EF9019B1B6846
:10D1D0001F2B02D84FF0A04306E0019B1B6803F011
:10D1E0001F02019B1A60034B184603B000BD00BF2D
:10D1F000B44703000003005000B585B00190084615
:10D2000011461A4603468DF803300B468DF802305E
:10D2100013468DF8013001AB1846FFF7C7FF0390A6
:10D220009DF803209DF802305B001A439DF8013001
:10D230009B001A439DF818301B0242EA03019DF837
:10D240001C301B04019A1943039B02F5E07243F85A
:10D25000221000BF05B000BD00B585B003900023CB
:10D260000193002300930023012201210398FFF77B
:10D27000C3FF00BF05B000BD00B585B003900B46ED
:10D280008DF80B309DF80B300022019200220092A5
:10D29000002200210398FFF7AFFF00BF05B000BDDB
:10D2A00000B585B003900023019300230093002371
:10D2B000012200210398FFF79FFF00BF05B000BDCA
:10D2C00000B585B0019001AB1846FFF76FFF0390E2
:10D2D000019B012202FA03F31946039800F003F8B8
:10D2E00000BF05B000BD82B001900091019B009A83
:10D2F000C3F8082500BF02B0704784B00190019BBD
:10D300005B09029300230393029B002B03D0029B33
:10D31000012B04D007E04FF0FF33039303E04FF6F7
:10D32000FF73039300BF019B03F01F030193039A54
:10D33000019B22FA03F303F00103DBB2184604B0A9
:10D34000704700B583B001900091009B1B68B3F15A
:10D35000FF3F09D0009B1B681846FFF7B1FF009BF9
:10D360001B681846FFF778FF009B5B68B3F1FF3F2F
:10D3700005D0009B5B6800211846FFF77DFF019BED
:10D380001A68009B9B6919461046FFF705FF019B31
:10D390001868009B597D009B1B7D1A46FFF7E7FE2E
:10D3A000019B1868009B1968009B5B681A46FFF791
:10D3B00062FE009B1B7D012B22D1009B9B68B3F179
:10D3C000FF3F05D0009B9B6800211846FFF754FFE4
:10D3D000009BDB68B3F1FF3F09D0009BDB68184678
:10D3E000FFF76EFF009BDB681846FFF735FF019BD8
:10D3F0001868009BD968009B9B681A46FFF777FE68
:10D4000000BF03B000BD000000B583B001900B4623
:10D410008DF80330019B1B684FF48E711846FFF79F
:10D42000BFFD019B1B684FF4A2711846FFF7B8FDC2
:10D43000019B1B680E491846FFF7D9FD019B1B682D
:10D440001846FFF761FD03461A469DF8033019465A
:10D450001046FFF761FD019B1B681846FFF754FD5E
:10D4600003461846FFF782FD00BF03B000BD00BFB2
:10D470008000020000B583B00190019B1B68084941
:10D480001846FFF7CEFD019B1B681846FFF73CFDD1
:10D4900003461846FFF777FD00BF03B000BD00BF8D
:10D4A0008402020000B587B00190019B1B681846FA
:10D4B000FFF7FDFD0590019B1B681846FFF7FFFD78
:10D4C0000490019B1B681846FFF701FE0390019B27
:10D4D0001B681846FFF703FE0290019B1B68184665
:10D4E000FFF7D8FD019B1B681846FFF70FFE059B51
:10D4F000B3F1FF3F02D00598FFF7D2FE049BB3F1D2
:10D50000FF3F02D00498FFF7CBFE029BB3F1FF3F31
:10D5100002D00298FFF7C4FE039BB3F1FF3F02D095
:10D520000398FFF7BDFE00BF07B000BD00B587B090
:10D53000039002910192029B002B03D12C49AA2057
:10D54000F9F782FF039B1B791A462C2302FB03F396
:10D55000284A1344049300230593049B93F82A302C
:10D56000002B03D008230593059B3EE0039B1A681C
:10D57000039B1B791946204B53F82130194610465E
:10D58000FFF702FC0346002B03D011230593059BF4
:10D590002BE002990398FFF7D4FE049B019A5A608E
:10D5A000029B1A69049B1A60049B5B68002B05D0E0
:10D5B000029B1B7F19460398FFF726FF039B1B68FE
:10D5C0001846FFF746FD049B00229A61049B002247
:10D5D000DA61049B002283F82920049B00225A610F
:10D5E000049B012283F82A20059B184607B000BD42
:10D5F000EC470300E02500203848030000B585B063
:10D600000190019B1B791A462C2302FB03F3104A5D
:10D6100013440393019B1B681846FFF723FD039BEC
:10D620005B68002B02D00198FFF724FF0198FFF7F9
:10D6300039FF019B1B681846FFF7E6FB039B00229E
:10D6400083F82A20039B00225A6000BF05B000BD6A
:10D65000E025002000B585B0019000914FF48E7157
:10D660000198FFF79DFC009B9A68009B1B6A13447E
:10D670001B788DF80F30009B1B6A5A1C009B1A62A6
:10D680009DF80F3019460198FFF756FD00BF05B011
:10D6900000BD00B585B001900091009B5B690393CC
:10D6A00016E0009B93F82830DBB2002B01D000235A
:10D6B00014E04FF48E710198FFF787FC034683F066
:10D6C0000103DBB2002BECD100990198FFF7C2FFF8
:10D6D000009B1B6A039A9A42EBD80123184605B0B7
:10D6E00000BD000000B587B0039002910192039B3A
:10D6F0001B791A462C2302FB03F33B4A1344049381
:10D70000049B93F82A30012B04D038494FF48C70D5
:10D71000F9F79AFE029B002B04D1344940F219100C
:10D72000F9F792FE019B002B04D130494FF48D7024
:10D73000F9F78AFE039800F05BF80346002B03D04C
:10D7400011230593059B4CE0049B019A5A61049BAD
:10D75000029A9A60049B00221A62049B002283F8BA
:10D76000282000230593039B1B684FF48E711846F5
:10D77000FFF716FC039B1B6808211846FFF7E9FC1E
:10D78000039B1B6804991846FFF764FF049B5B68C2
:10D79000002B25D1039B1B6804991846FFF779FFDE
:10D7A000034683F00103DBB2002B02D00F23059365
:10D7B00013E000BF039B1B684FF48E711846FFF700
:10D7C00004FC034683F00103DBB2002BF2D1039B80
:10D7D0001B680C211846FFF7BCFC049B00225A6111
:10D7E000059B184607B000BDE0250020EC4703006C
:10D7F00082B00190019B1B791946074A2C2301FB3B
:10D8000003F3134414331B68002B14BF01230023BC
:10D81000DBB2184602B07047E025002010B582B098
:10D8200001900091009B9B69002B08D14FF48471FB
:10D830000198FFF7B5FB0198FFF775FC13E04FF473
:10D8400084710198FFF7ACFB009BDA68009B5B6A70
:10D85000D4180198FFF767FC03462370009B5B6AAE
:10D860005A1C009B5A6202B010BD00B589B00390EB
:10D870000291019201238DF81030029B0693019BC7
:10D880000593039B5B68039A116804AA10469847A6
:10D8900000BF09B000BD00B587B001900091002322
:10D8A0008DF80830009B0493019B9B680393019BB8
:10D8B00000225A61019B5B68019A116802AA104616
:10D8C000984700BF07B000BD00B58BB00190009134
:10D8D0004FF400710198FFF794FB0346002B39D0F9
:10D8E0004FF492710198FFF770FB0346002B31D083
:10D8F0004FF492710198FFF753FB4FF401710198B7
:10D90000FFF78FFB009B93F8293083F00103DBB214
:10D91000002B03D004210198FFF71BFC02238DF894
:10D920000C300198FFF787FB03460693009B9B6929
:10D930000593009BDB680493009B00229A61009B87
:10D940000022DA61009B5B68009A116803AA104606
:10D95000984752E004210198FFF753FB0346002B40
:10D960004BD04FF484710198FFF72FFB0346002B37
:10D9700043D000990198FFF751FF009B9A69009BE3
:10D980005B6A9A4239D1009BDB69002B19D0009B5E
:10D99000DB680993009B5B6A0893009BDA69009B34
:10D9A0009A61009B1A69009BDA60009B0022DA6191
:10D9B000009B00225A62099A08990098FFF755FFC8
:10D9C0001BE0009B93F8293083F00103DBB2002BAE
:10D9D00003D004210198FFF7BCFB4FF401710198BB
:10D9E000FFF71FFB009B00229A61009B596A009B76
:10D9F000DB681A460098FFF738FF4FF48E710198E4
:10DA0000FFF7E3FA0346002B24D0009B5B690793E2
:10DA1000009B1B6A079A9A420DD9009B93F8283005
:10DA2000DBB283F00103DBB2002B04D00099019834
:10DA3000FFF710FE0EE04FF48E710198FFF7B0FA79
:10DA4000009B5B69002B05D0009B5B691946009821
:10DA5000FFF721FF4FF4A2710198FFF7B6FA0346D2
:10DA6000002B1CD04FF4A2710198FFF799FA009B8C
:10DA700093F82930002B03D000210198FFF769FBB0
:10DA8000009B9B69002B0AD0009B00229A61009B9F
:10DA9000596A009BDB681A460098FFF7E6FE00BF54
:10DAA0000BB000BD08B503490348FFF70DFF00BFE9
:10DAB00008BD00BFE02500200020004082B00346E2
:10DAC0008DF807309DF90730002B0CDB9DF80730EF
:10DAD00003F01F0205499DF907305B09012000FA98
:10DAE00002F241F8232000BF02B0704700E100E0DD
:10DAF00082B003468DF807309DF90730002B13DB09
:10DB00009DF8073003F01F0209499DF907305B09B2
:10DB1000012000FA02F2203341F82320BFF34F8F97
:10DB200000BFBFF36F8F00BF00BF02B0704700BFE0
:10DB300000E100E082B0034600918DF807309DF9C6
:10DB40000730002B0ADB009BDAB20C499DF9073045
:10DB50005201D2B20B4483F800230BE0009BDAB2EF
:10DB600007499DF8073003F00F03043B5201D2B27E
:10DB70000B441A7600BF02B0704700BF00E100E01E
:10DB800000ED00E082B00190019B03F06043B3F12F
:10DB9000005F0CBF01230023DBB2184602B07047C0
:10DBA00082B00190019B1B0B5BB2184602B070471C
:10DBB00000B583B003460A468DF8073013468DF84A
:10DBC00006309DF80630012B03D99DF80630032B53
:10DBD0000BD99DF80630042B03D99DF80630072B8E
:10DBE00003D907496B20F9F72FFC9DF806209DF912
:10DBF000073011461846FFF79DFF00BF03B000BD78
:10DC00003C48030000B583B003468DF807309DF90A
:10DC100007301846FFF752FF00BF03B000BD00B544
:10DC200083B003468DF807309DF907301846FFF79B
:10DC30005FFF00BF03B000BD84B001900B46ADF89C
:10DC40000230BDF80230019A134400221A60BDF878
:10DC50000230019A13441B680393039B00BF04B076
:10DC6000704782B001900B46ADF80230BDF802302B
:10DC7000019A13441B68002B14BF01230023DBB25D
:10DC8000184602B0704782B001900091019BD3F812
:10DC90000022009BDB431A40019BC3F8002200BF17
:10DCA00002B0704782B001900091019B009AC3F8C6
:10DCB000042300BF02B0704782B001900091019B25
:10DCC000009AC3F8082300BF02B0704784B00190E7
:10DCD000019BD3F880340393019B039AC3F88024FB
:10DCE000039B184604B0704782B00190019B082244
:10DCF000C3F8002500BF02B0704782B00190019BBD
:10DD00000022C3F8002500BF02B0704784B0039022
:10DD100002910192039B029AC3F80C25039B019A7E
:10DD2000C3F8142500BF04B0704700B583B001905C
:10DD30004FF0FF324FF0FF310198FFF7E7FF00BFD0
:10DD400003B000BD82B00190019BD3F80C3518469A
:10DD500002B0704782B00190019BD3F81435184689
:10DD600002B0704782B00190019BD3F80835184685
:10DD700002B0704782B00190019BD3F8103518466D
:10DD800002B0704784B0039002910192039B029A03
:10DD9000C3F80825039B019AC3F8102500BF04B0FF
:10DDA000704700B583B001904FF0FF324FF0FF3164
:10DDB0000198FFF7E7FF00BF03B000BD82B00190FC
:10DDC0000B468DF803309DF80330019A134401226D
:10DDD0001A6000BF02B0704782B001900B468DF808
:10DDE000033013468DF802309DF803209DF8023071
:10DDF0001343DBB21A46019BC3F86C2500BF02B087
:10DE0000704782B001900091019B009AC3F82425CD
:10DE100000BF02B0704784B0039002910192029A51
:10DE2000039BC3F84425039B019AC3F8482500BF10
:10DE300004B0704782B00190019BD3F84C3518466E
:10DE400002B0704782B00190019BD3F83C35184670
:10DE500002B0704700B583B00190019B1B68184663
:10DE600000F09FF80346002B04D10B494FF4F670E5
:10DE7000F9F7EAFA019B1B681F2B02D84FF0A04369
:10DE800006E0019B1B6803F01F02019B1A60034B15
:10DE9000184603B000BD00BF6C48030000030050EB
:10DEA00000B585B00190084611461A4603468DF824
:10DEB00003300B468DF8023013468DF8013001AB6C
:10DEC0001846FFF7C7FF03909DF803209DF8023026
:10DED0005B001A439DF801309B001A439DF81830EF
:10DEE0001B0242EA03019DF81C301B04019A1943EE
:10DEF000039B02F5E07243F8221000BF05B000BD9D
:10DF000000B585B003900023019300230093002304
:10DF1000012201210398FFF7C3FF00BF05B000BD38
:10DF200000B585B003900B468DF80B309DF80B3093
:10DF30000022019200220092002200210398FFF7A4
:10DF4000AFFF00BF05B000BD00B585B00390002352
:10DF50000193002300930023012200210398FFF77F
:10DF60009FFF00BF05B000BD00B585B0019001ABBB
:10DF70001846FFF76FFF0390019B012202FA03F39B
:10DF80001946039800F003F800BF05B000BD82B049
:10DF900001900091019B009AC3F8082500BF02B0D0
:10DFA000704784B00190019B5B09029300230393A7
:10DFB000029B002B03D0029B012B04D007E04FF003
:10DFC000FF33039303E04FF6FF73039300BF019BFE
:10DFD00003F01F030193039A019B22FA03F303F05A
:10DFE0000103DBB2184604B0704700B583B001905E
:10DFF0000091009B1B68B3F1FF3F09D0009B1B6899
:10E000001846FFF7B1FF009B1B681846FFF778FF23
:10E01000009B5B68B3F1FF3F05D0009B5B6800216C
:10E020001846FFF77DFF019B1A68009B9B69194604
:10E030001046FFF7E6FE019B1868009B597D009B88
:10E040001B7D1A46FFF7C8FE019B1868009B1968E4
:10E05000009B5B681A46FFF759FE009B1B7D012B56
:10E0600022D1009B9B68B3F1FF3F05D0009B9B68CA
:10E0700000211846FFF754FF009BDB68B3F1FF3F18
:10E0800009D0009BDB681846FFF76EFF009BDB683A
:10E090001846FFF735FF019B1868009BD968009B65
:10E0A0009B681A46FFF76EFE00BF03B000BD00007C
:10E0B00000B583B001900B468DF80330019B1B68BF
:10E0C0004FF488711846FFF7B7FD019B1B684FF4AA
:10E0D00090711846FFF7B0FD019B1B684FF49271D9
:10E0E0001846FFF7A9FD019B1B684FF4A271184663
:10E0F000FFF7A2FD019B1B684FF4AC711846FFF7B8
:10E100009BFD019B1B680E491846FFF7CBFD019B49
:10E110001B681846FFF744FD03461A469DF8033076
:10E1200019461046FFF744FD019B1B681846FFF790
:10E1300037FD03461846FFF765FD00BF03B000BD7D
:10E140001003420000B583B00190019B1B68084991
:10E150001846FFF7B1FD019B1B681846FFF720FD2D
:10E1600003461846FFF75BFD00BF03B000BD00BFCC
:10E170001003420000B587B00190019B1B68184650
:10E18000FFF7E0FD0590019B1B681846FFF7E2FDD5
:10E190000490019B1B681846FFF7E4FD0390019B68
:10E1A0001B681846FFF7E6FD0290019B1B681846A6
:10E1B000FFF7BBFD019B1B681846FFF7F2FD059BAF
:10E1C000B3F1FF3F02D00598FFF7BEFE049BB3F109
:10E1D000FF3F02D00498FFF7B7FE029BB3F1FF3F69
:10E1E00002D00298FFF7B0FE039BB3F1FF3F02D0CD
:10E1F0000398FFF7A9FE00BF07B000BD00B587B0C8
:10E20000039002910192029B002B03D12B49CF2056
:10E21000F9F71AF9039B1B791A461346DB001344DE
:10E220009B00274A1344049300230593049B93F80F
:10E230002030002B03D008230593059B3AE0039B75
:10E240001A68039B1B7919461E4B53F82130194657
:10E250001046FEF799FD0346002B03D011230593CA
:10E26000059B27E002990398FFF7BFFE049B019AE4
:10E270005A60029B1A69049B1A60049B5B68002B1E
:10E2800005D0029B1B7F19460398FFF711FF039BE4
:10E290001B681846FFF728FD049B00229A61049B27
:10E2A0000022DA61049B00225A61049B012283F858
:10E2B0002020059B184607B000BD00BFA4480300FE
:10E2C0000C260020F448030000B585B00190019BA6
:10E2D0001B791A461346DB0013449B002A4A134459
:10E2E0000393019B1B680293039B5B68002B02D086
:10E2F0000198FFF727FF20210298FFF7C4FC039B3A
:10E300009B69002B08D04FF4A2710298FFF794FC90
:10E3100004210298FFF752FD4FF4AC710298FFF709
:10E320008BFC0C210298FFF749FD00BF4FF4AC7144
:10E330000298FFF796FC034683F00103DBB2002B43
:10E34000F4D1039B9B69002B0AD04FF4A271029871
:10E35000FFF787FC034683F00103DBB2002BE5D116
:10E360000298FFF7CAFC0198FFF704FF0298FEF736
:10E370004BFD039B002283F82020039B00225A6060
:10E3800000BF05B000BD00BF0C26002000B589B05D
:10E39000039002910192039B1B791A461346DB00FE
:10E3A00013449B00564A13440593059B93F8203071
:10E3B000012B04D0534940F25310F9F745F8029B62
:10E3C000002B04D14F494FF4AA70F9F73DF8019B97
:10E3D000002B04D14B4940F25510F9F735F8039B57
:10E3E0001B79002B03D1019BB3F5803F04D3454932
:10E3F0004FF4AB70F9F728F80298FFF7C3FB034618
:10E4000083F00103DBB2002B03D010230793079B9B
:10E4100073E0039800F078F80346002B03D0112333
:10E420000793079B69E0059B019A5A61059B029A35
:10E430009A6000230793039B1B684FF49071184662
:10E44000FFF7FAFB039B1B684FF4AC711846FFF70C
:10E45000F3FB039B1868059B9968059B5B691A464B
:10E46000FFF7D9FC039B1B6808211846FFF7A6FCA1
:10E47000059B5B68002B3FD1039B1B684FF4907199
:10E480001846FFF7EEFB03468DF81B30039B1B6815
:10E490004FF4AC711846FFF7E4FB03468DF81A30D1
:10E4A0009DF81B3083F00103DBB2002B06D09DF8F2
:10E4B0001A3083F00103DBB2002BDDD19DF81A3056
:10E4C000002B02D00F23079313E0039B1B680C2142
:10E4D0001846FFF773FC00BF039B1B684FF4AC7139
:10E4E0001846FFF7BEFB034683F00103DBB2002BA7
:10E4F000F2D1059B00225A61079B184609B000BD66
:10E500000C260020A448030082B00190019B1B79D7
:10E510001946084A0B46DB000B449B001344143396
:10E520001B68002B14BF01230023DBB2184602B086
:10E53000704700BF0C26002000B589B003900291FF
:10E54000019201238DF81030029B0693019B0593E5
:10E55000039B5B68039A116804AA1046984700BFA2
:10E5600009B000BD00B587B00190009100238DF87F
:10E570000830009B0493019B9B680393019B00223E
:10E580005A61019B5B68019A116802AA104698477C
:10E5900000BF07B000BD00B589B0019000914FF4F5
:10E5A00092710198FFF75DFB0346002B22D04FF4D8
:10E5B00092710198FFF740FB02238DF80830019813
:10E5C000FFF784FB034605930198FFF73BFC0346E6
:10E5D0000493009BDB680393009B00229A61009BDD
:10E5E0000022DA61009B5B68009A116802AA10465B
:10E5F00098473BE04FF488710198FFF732FB0346E0
:10E60000002B33D04FF488710198FFF715FB019868
:10E61000FFF718FC0790009B9B69079A9A4225D147
:10E62000009BDB69002B17D0009BDB680693202141
:10E630000198FFF728FB009BDA69009B9A61009B19
:10E640001A69009BDA60009B0022DA61069A07993A
:10E650000098FFF771FF09E0009B00229A61009B80
:10E66000DB681A4607990098FFF766FF4FF4A2711E
:10E670000198FFF7F6FA0346002B18D04FF4A27169
:10E680000198FFF7D9FA009B9B69002B0FD0009BE4
:10E6900000229A61009B0022DA610198FFF7D2FB09
:10E6A0000146009BDB681A460098FFF745FF4FF4D0
:10E6B00090710198FFF7D5FA0346002B14D04FF460
:10E6C00090710198FFF7B8FA0C210198FFF776FBDB
:10E6D000009B5B69002B07D00198FFF7ABFB03465B
:10E6E00019460098FFF73EFF4FF4AC710198FFF711
:10E6F000B8FA0346002B10D04FF4AC710198FFF725
:10E700009BFA009B5B69002B07D00198FFF792FBF7
:10E71000034619460098FFF725FF00BF09B000BD6A
:10E7200008B503490348FFF736FF00BF08BD00BF27
:10E730000C2600200020004084B003468DF80730EE
:10E740009DF807305B08DBB21A460D4B9B5C8DF8D9
:10E750000E309DF8073003F00103002B05D09DF823
:10E760000E301B098DF80F3005E09DF80E3003F0D8
:10E770000F038DF80F309DF80F30184604B0704726
:10E780004826002084B003460A468DF80730134619
:10E790008DF806309DF8073003F00103002B03D0FD
:10E7A0000F238DF80F3002E0F0238DF80F309DF825
:10E7B000073003F00103002B05D09DF806301B0144
:10E7C0008DF80E3003E09DF806308DF80E309DF880
:10E7D00007305B08DBB21A46104B9A5C9DF8073095
:10E7E0005B08DBB219469DF80F301340DAB20B4BD1
:10E7F0005A549DF807305B08DBB21A46074B9A5C07
:10E800009DF807305B08DBB219469DF80E301343C4
:10E81000DAB2024B5A5400BF04B0704748260020B9
:10E8200000B585B003468DF807300023039310E050
:10E830000F4B1A68039BDB0013440293029B1B7867
:10E840009DF807209A4201D1029B0DE0039B013302
:10E850000393084B1B781A46039B9342E8DB064957
:10E860008820F8F7F1FD0023184605B000BD00BF71
:10E8700030260020342600200449030000B585B06E
:10E8800003460A468DF8073013468DF806309DF88A
:10E8900007301846FFF7C4FF0390039B002B0BD0F3
:10E8A000039B5B68002B07D0039B5B689DF80610F9
:10E8B0009DF807201046984700BF05B000BD000036
:10E8C0002DE9F04F87B003460A468DF80F30134606
:10E8D0008DF80E309DF80F301846FFF72DFF0346D8
:10E8E000042B7CD0042B00F3C480032B6CD0032BAF
:10E8F00000F3BF80022B4FD0022B00F3BA80002B15
:10E9000002D0012B3AD0B4E09DF80E30002B00F07D
:10E91000AD809DF80F3001211846FFF733FF00232B
:10E920008DF817300DF11703184600F0B7FF9DF86A
:10E930000F104FF001024FF00003A1F12004C1F1CC
:10E94000200003FA01F702FA04F4274322FA00F048
:10E95000074302FA01F6494BD3E9002346EA0201D4
:10E9600000913B430193454BDDE90012C3E90012DE
:10E970009DF81730184600F0A5FF77E09DF80E309F
:10E98000002B01D0022200E000229DF80F3011463A
:10E990001846FFF7F7FE6CE09DF80E30002B0CD008
:10E9A0009DF80F3003211846FFF7ECFE9DF80F305D
:10E9B00001211846FFF762FF5BE09DF80F3001214F
:10E9C0001846FFF7DFFE54E09DF80E30002B4FD1C4
:10E9D0009DF80F3004211846FFF7D4FE48E09DF85B
:10E9E0000E30002B06D09DF80F3003211846FFF79C
:10E9F000C9FE3EE09DF80F3000211846FFF7C2FE29
:10EA00009DF80F3000211846FFF738FF00238DF8DE
:10EA100016300DF11603184600F040FF9DF80F1058
:10EA20004FF001024FF00003A1F12006C1F12000D8
:10EA300003FA01F502FA06F6354322FA00F005431F
:10EA400002FA01F46FEA04086FEA05090B4BD3E9F7
:10EA5000002308EA020A09EA030B084BC3E900ABEA
:10EA60009DF81630184600F02DFF02E000BF00E0D0
:10EA700000BF00BF07B0BDE8F08F00BF40260020F8
:10EA800000B583B00548064B1B685B080022194699
:10EA900000F0E2FD019000BF03B000BD2023002084
:10EAA0003826002000B587B001900023059328E0A8
:10EAB0001C4B1A68059BDB0013440493049B1B78D2
:10EAC0001846FEF70DF803468DF80F30049B5B786F
:10EAD000012B0CBF01230023DBB21A469DF80F3037
:10EAE0009A420CBF012300238DF80E30049B1B7843
:10EAF0009DF80E2011461846FFF7E2FE059B0133F4
:10EB00000593094B1B781A46059B9342D0DB074BB4
:10EB1000D3E90023134301D0FFF7B2FF00BF07B0D2
:10EB200000BD00BF302600203426002040260020F3
:10EB300000B585B001900B468DF80330019BDBB228
:10EB40001846FFF76DFE0390039B1B781846FDF7F0
:10EB5000C7FF03468DF80B30039B5B78012B0CBF7E
:10EB600001230023DBB21A469DF80B309A420CBFFA
:10EB7000012300238DF80A309DF80A30002B06D0BF
:10EB8000044BD3E90023134301D1FFF779FF00BF02
:10EB900005B000BD4026002000B58BB003900B46A9
:10EBA00001928DF80B30019B092B01D8072367E0F8
:10EBB000FDF746FE034683F00103DBB2002B09D0CC
:10EBC000FDF7DAFD0990099B0893089B002B01D003
:10EBD000089B55E02C4A039B13602C4A9DF80B3090
:10EBE00013702B4A019B136020220021294805F055
:10EBF000DDF829494FF000024FF00003C1E900237E
:10EC000031E09DF80B30DB00039A13440793032394
:10EC10008DF8143000238DF815309DF8163023F050
:10EC200001038DF816309DF8163023F002038DF89D
:10EC300016309DF8163023F004038DF81630079B2C
:10EC40009B788DF81530079B1B78184605AB134A47
:10EC50001946FDF701FE0990099B0693069B002BC0
:10EC600001D0069B0CE09DF80B305A1E8DF80B204E
:10EC7000002BC6D10A4A00210A4800F0B3FC034623
:10EC800018460BB000BD00BF3026002034260020FF
:10EC900038260020482600204026002031EB0200C4
:10ECA000A5EA02005449030000B583B0114B1B686C
:10ECB000002B04D1104940F23510F8F7C5FB0023B2
:10ECC00001930CE00B4B1A68019BDB0013441B788B
:10ECD00001211846FDF73CFE019B01330193074BD0
:10ECE0001B781A46019B9342ECD30023184603B0CD
:10ECF00000BD00BF30260020044903003426002058
:10ED000000B583B01C4B1B68002B04D11B4940F29B
:10ED10004310F8F799FB002301930BE0164B1A6898
:10ED2000019BDB0013441B781846FDF799FE019BFD
:10ED300001330193124B1B781A46019B9342EDD38A
:10ED400000238DF803300DF10303184600F0A6FDF3
:10ED50000C494FF000024FF00003C1E900239DF879
:10ED60000330184600F0AEFD074B184600F0CCFC0F
:10ED70000346184603B000BD3026002004490300B6
:10ED800034260020402600202023002086B0039057
:10ED90000291019201238DF817309DF81730204A17
:10EDA000039B13601E4A029B53601D4A019B9360A4
:10EDB000039B44F20102934212D0039B44F20202ED
:10EDC000934220D1019B164AD360154BDB681B6828
:10EDD000134A9361124BDB685B68114AD36112E0FE
:10EDE000019B0F4A13610E4B1B699B680C4A5361D0
:10EDF0000B4B1B691B680A4A9361094B1B695B68D3
:10EE0000074AD36100BF72B600BF00BF9DF817303C
:10EE1000DBB2002BFAD162B600BF00BF06B070476C
:10EE20006826002000B583B002900091019244F260
:10EE3000010071466A4600F003F803B000BD00BF50
:10EE400030B58BB007900691059272B600BF03F003
:10EE5000C3FA03F07DF80346002BFAD1079B44F276
:10EE6000020293422FD0079B44F20202934269D8D8
:10EE7000079B44F20102934237D0079B44F2010200
:10EE800093425FD8079B012B05D0079B41F20102FB
:10EE900093420CD056E0394A394BD31ADB081B0495
:10EEA00043F001033749184602F0FAFF57E0334AAE
:10EEB000334BD31ADB081B0443F0010332491846D5
:10EEC00002F0EEFF4BE0059B09932C4A2C4BD31A22
:10EED000DB081B0443F00100099B5B681A46099B91
:10EEE0001B682A4902F0F9FF39E0059B0893234A81
:10EEF000234BD31ADB081B0443F00104089B9D68D5
:10EF0000089B9B68184602F0A9FA03461846089B1E
:10EF10005B681946089B1B68069A02920193009150
:10EF200003462A461A49204602F0EAFF134A144BC8
:10EF3000D31ADB081B0443F001031649184602F0FC
:10EF4000AFFF0CE00D4A0E4BD31ADB081B0443F055
:10EF50000103069A1049184602F0AFFF00BF0F4B9D
:10EF60001B6803F00103002B00D000BE059A069930
:10EF70000798FFF70BFF00BF0BB030BD803F0300C9
:10EF8000583F030058490300784903009C49030097
:10EF9000B8490300E0490300F4490300F0ED00E044
:10EFA0002DE9F04383B0144801F070F803460022C5
:10EFB0001C461546114BD3E9002314EB020845EB20
:10EFC0000309CDE900890E4BD3E90023DDE90001F7
:10EFD000904271EB030307D2DDE9002312F1807642
:10EFE00043F10007CDE90067DDE90023104619462B
:10EFF00003B0BDE8F08300BF40230020902600202E
:10F000009826002088B001900091019B0793009BF7
:10F010000693079BD3E90223CDE90423069BD3E99A
:10F020000223CDE90223DDE90423DDE90201904258
:10F0300071EB03032CBF01230023DBB2184608B099
:10F0400070470000F0B585B00190019B5B69002B13
:10F0500003D14349A520F8F7F7F900238DF80F30C5
:10F06000404B1B78002B75D0019B002B72D0FFF713
:10F0700097FF019BD3E90223904271EB030358D31E
:10F0800000238DF80D300DF10D03184600F006FC3D
:10F09000019B1B69002B06D101994FF0FF324FF005
:10F0A000FF33C1E902239DF80D30184600F00AFC39
:10F0B000019B5B69019A92691046984700238DF87D
:10F0C0000C3003AB184600F0E9FB019B1B69002BD9
:10F0D0001AD0019BD3E90223B3F1FF3F08BFB2F17D
:10F0E000FF3F11D0019BD3E9022301990969002058
:10F0F0000C460546161943EB0507019BC3E9026759
:10F1000001238DF80E3002E000238DF80E309DF8BB
:10F110000C30184600F0D6FB9DF80E30002B19D0AD
:10F12000019B1946104802F0FBF801238DF80F30BF
:10F1300010E0019BD3E90223B3F1FF3F08BFB2F116
:10F14000FF3F07D0019B1946074802F0E9F8012369
:10F150008DF80F309DF80F30184605B0F0BD00BF98
:10F16000184A03008C2600206C4A030030B58BB08F
:10F17000019000910D230993009B00221A70019BBE
:10F18000D3E90223CDE90623FFF70AFFDDE90623D1
:10F19000141A63EB0105CDE90245DDE90223012ADA
:10F1A00073F1000319DB029BB3F5350F06D300F0B2
:10F1B000FBFA0246154B1344059301E0069B0593A9
:10F1C0004FF49603059A0021114800F059FE09906A
:10F1D000099B002B05D1012314E000210C4800F00D
:10F1E00023FF099B0D2B07D10198FFF72BFF034647
:10F1F0001A46009B1A7004E006494FF48670F8F72F
:10F2000023F9002318460BB030BD00BFFFFFB40048
:10F2100040230020184A030000B583B0034802F0E1
:10F22000B7F80190019B184603B000BD6C4A03007B
:10F2300000B583B0034802F0CBF80190019B18465B
:10F2400003B000BD6C4A030000B583B0FFF7E4FFD4
:10F250000190019B002B06D001994FF0FF324FF037
:10F26000FF33C1E90223019B002BEFD100BF00BF98
:10F2700003B000BD054BD3E9002312F1807043F1C8
:10F280000001024BC3E9000100BF70479026002037
:10F2900010B582B00190124B1B68002B1DD0019855
:10F2A00000F0F4FE04460021019800F0E1FE034660
:10F2B0001946204600F06CFA0346B3F5960F04D3C6
:10F2C000084940F24110F8F7BFF8054B1B68184693
:10F2D000FFF7B8FE024B00221A6000BF02B010BD5B
:10F2E00088260020184A030000B583B00190FFF77C
:10F2F00057FE02460B460349C1E9002300BF03B095
:10F3000000BD00BF9826002000B587B00190FFF730
:10F310008FFF049000238DF81730049B002B58D0EA
:10F32000049BD3E90223B3F1FF3F08BFB2F1FF3FD3
:10F3300002D1FFF771FF54E02D4B1B68002B03D166
:10F3400001238DF817301DE0049BD3E90201284BFF
:10F350001B68D3E90223904271EB030312D201230D
:10F360008DF81730224B1B68D3E90223B3F1FF3F1E
:10F3700008BFB2F1FF3F05D01D4B1B6819461D4861
:10F3800001F0CEFF9DF81730002B2BD0FFF744FF84
:10F3900004900DF10F0319460498FFF7E7FE0346AA
:10F3A000002B12D0124B1B68002B02D1019800F0E9
:10F3B00079FC0F4A049B13609DF80F3083F0010322
:10F3C000DBB2002BA3D000BF0FE0094B00221A6074
:10F3D0009DE7074B1B68002B06D1019800F078FCD5
:10F3E00002E094E700BF00E000BF00BF07B000BD2F
:10F3F000882600206C4A030000B587B001902A4A95
:10F4000003AB1946104600F03AFF049045E0049B18
:10F410001B78022B2BD0022B2FDC002B02D0012BD0
:10F4200011D02AE0049B5B68D3E90223B3F1FF3FCC
:10F4300008BFB2F1FF3F22D0049B5B6819461B480E
:10F4400001F06EFF1BE0049B5A68194B1B689A423F
:10F4500003D1174B00221A6012E0049B5B68194627
:10F46000124801F0C7FF03468DF8173008E0FFF798
:10F47000EBFE104B01221A7002E000BF00E000BF5B
:10F48000094A03AB1946104600F011FF064A03ABC8
:10F490001946104600F0F3FE0490049B002BB6D1F1
:10F4A00000BF00BF07B000BDF82600206C4A030073
:10F4B000882600208C26002000B583B0019001989A
:10F4C00000F0A6FD0346002B01D0FFF7D3FE00217C
:10F4D000019800F0B9FD0346002B02D00198FFF718
:10F4E000D7FE0121019800F0AFFD0346002B02D0AA
:10F4F0000198FFF7F9FE0198FFF77EFF0198FFF7EB
:10F5000003FF00BF03B000BD08B5024800F0CAFD0C
:10F5100000BF08BD4023002000B585B00346009120
:10F520008DF80730104A02AB1946104600F07CFEF9
:10F530000390039B002B13D0039B9DF807201A70A8
:10F54000039B009A5A60084A02AB1946104600F025
:10F5500083FE0346002B01D0FFF7D6FF002300E017
:10F560000423184605B000BDF826002000B583B07E
:10F57000154B1B680093154808235822144900F0C6
:10F5800020FE0190019B002B01D0019B19E06B46EE
:10F59000104A1946104800F009FB0190019B002B0E
:10F5A00001D0019B0DE001210B4800F021FD01235A
:10F5B0000A4A0121084800F0A1FB094B01221A70F8
:10F5C000019B184603B000BD684A0300F8260020DE
:10F5D000A0260020B9F4020040230020FFFF7F0096
:10F5E0008C26002000B587B003900B4601928DF861
:10F5F0000B30039B002B04D1164940F25A20F7F739
:10F6000023FF019B002B04D1124940F25B20F7F746
:10F610001BFF019B002B01D1072317E0039B1B68F5
:10F62000059305994FF0FF324FF0FF33C1E90223F4
:10F63000059B019A5A619DF80B30012B0CBF0123E9
:10F640000023DBB21A46059B1A610023184607B057
:10F6500000BD00BF184A0300F0B589B003900291C5
:10F660000192039B002B04D1264940F26B20F7F74F
:10F67000EBFE039B069300238DF817300DF1170363
:10F68000184600F00BF9069BD3E90223B3F1FF3FC4
:10F6900008BFB2F1FF3F11D1FFF782FC02460B46D3
:10F6A000029900200C460546161943EB0507069BF8
:10F6B000C3E9026701238DF81F3002E000238DF8B3
:10F6C0001F309DF81730184600F0FCF89DF81F30E9
:10F6D00083F00103DBB2002B01D000230EE0069B78
:10F6E000019A9A61069B1B69002B02D0069B029A25
:10F6F0001A6106990020FFF70FFF0346184609B06C
:10F70000F0BD00BF184A030000B587B00190019B0F
:10F71000002B04D11D4940F29320F7F795FE019B81
:10F72000049300238DF80F300DF10F03184600F0FD
:10F73000B5F8049BD3E90223B3F1FF3F08BFB2F150
:10F74000FF3F03D100238DF8173009E004994FF0F3
:10F75000FF324FF0FF33C1E9022301238DF8173048
:10F760009DF80F30184600F0ADF89DF8173083F083
:10F770000103DBB2002B01D0002304E00499012037
:10F78000FFF7CAFE0346184607B000BD184A03003B
:10F7900082B001900091019A009BD31A23F07F431D
:10F7A000184602B07047000008B5034800F06EFC30
:10F7B0000346184608BD00BF4023002082B0EFF387
:10F7C00010830093009B019372B600BF019B184603
:10F7D00002B0704762B600BF00BF704700B585B089
:10F7E0000190FFF7EBFF0390154B9B68002B1BD19B
:10F7F000134B01229A60134BD3F88020124B134015
:10F800000F4A13600F4B104AC3F880200D4BD3F8FA
:10F8100084300B4A53600B4B4FF0FF32C3F8842007
:10F82000019B00221A7002E0019B01221A70039BC7
:10F83000002B01D1FFF7CEFF0023184605B000BD15
:10F840000C27002000E100E0FC06FFBD00B585B0FC
:10F8500003468DF807300F4B9B68002B16D09DF8A0
:10F860000730002B12D1FFF7A9FF03900A4A094B7A
:10F870001B681360084A074B5B685360054B002206
:10F880009A60039B002B01D1FFF7A4FF00231846C9
:10F8900005B000BD0C27002000E100E000B583B0FA
:10F8A000019000F027F80346012B03D004494320C0
:10F8B000F7F7CAFD0198FFF791FF00BF03B000BD45
:10F8C000784A030000B583B003468DF8073000F096
:10F8D00011F80346012B03D005495120F7F7B4FD79
:10F8E0009DF807301846FFF7B1FF00BF03B000BD19
:10F8F000784A030084B0EFF305830193019BC3F3BF
:10F9000008030393039B002B0DD1EFF314830093A3
:10F91000009B0293029B03F00103C3F3000383F0F7
:10F920000103DBB200E00123184604B07047000079
:10F9300082B003468DF807309DF90730002B0CDBB1
:10F940009DF8073003F01F0205499DF907305B0958
:10F95000012000FA02F241F8232000BF02B07047F4
:10F9600000E100E082B003468DF807309DF90730D2
:10F97000002B0DDB9DF8073003F01F0206499DF9AF
:10F9800007305B09012000FA02F2403341F82320DE
:10F9900000BF02B0704700BF00E100E082B0034644
:10F9A00000918DF807309DF90730002B0ADB009B92
:10F9B000DAB20C499DF907305201D2B20B4483F8F8
:10F9C00000230BE0009BDAB207499DF8073003F0F3
:10F9D0000F03043B5201D2B20B441A7600BF02B0AF
:10F9E000704700BF00E100E000ED00E000B583B02B
:10F9F00003460A468DF8073013468DF806309DF809
:10FA00000630012B03D99DF80630032B0BD99DF846
:10FA10000630042B03D99DF80630072B03D907497C
:10FA20006B20F7F711FD9DF806209DF90730114670
:10FA30001846FFF7B3FF00BF03B000BDD04A030074
:10FA400000B583B003468DF807309DF9073018469E
:10FA5000FFF76EFF00BF03B000BD000000B585B02A
:10FA60000190019B002B0AD0064B43F00103039346
:10FA7000019B9B010293039B0298984700E000BF03
:10FA800005B000BDD04B030084B0039002910192F9
:10FA9000039B029A02F5A872019943F8221000BF55
:10FAA00004B0704782B001900091019B009A02F56A
:10FAB000A87253F82230184602B0704782B0019005
:10FAC0000091019B009AC3F8042300BF02B0704765
:10FAD00082B001900091019B009AC3F8082300BFF7
:10FAE00002B0704782B001900B46ADF80230BDF80D
:10FAF0000230019A13441B68184602B0704784B064
:10FB000001900B46ADF80230BDF80230019A134463
:10FB100000221A60BDF80230019A13441B68039357
:10FB2000039B00BF04B0704782B00190019BD3F8E3
:10FB30000435184602B0704700B583B001900091BB
:10FB4000009BB3F5805F04D305494FF4BE70F7F70F
:10FB50007BFC019B009AC3F8082500BF03B000BDE1
:10FB6000004B030082B001900B468DF803309DF8E6
:10FB70000320019B13441A460123136000BF02B007
:10FB8000704782B001900091019B009AC3F8442312
:10FB900000BF02B0704782B001900091019B009AB3
:10FBA000C3F8482300BF02B07047000000B587B01B
:10FBB000039002910192039B002B03D132495520FF
:10FBC000F7F742FC029B002B03D12F495620F7F791
:10FBD0003BFC019B002B03D12B495720F7F734FC4A
:10FBE000039B5B791946294A019B42F82130039B0C
:10FBF0005B79274ADB0013441B79002B0ED00823C6
:10FC00000593244A244BD31ADB081B0443F0020358
:10FC10002249184602F044F9059B32E0039B1A681A
:10FC2000029B1B8819461046FFF786FF039B93F93A
:10FC30000420029B9B7819461046FFF7D7FE039BD2
:10FC400093F904301846FFF7FBFE039B5B79104ADB
:10FC5000DB00134401221A71039B5B7919460C4A9D
:10FC6000039B42F83130002305930A4A0A4BD31A0A
:10FC7000DB081B0443F003030949184602F010F99E
:10FC8000059B184607B000BD304B03001827002025
:10FC90001C270020903F0300583F03007C4B0300CB
:10FCA000A04B030000B583B00190019B002B03D152
:10FCB00006498720F7F7C8FB019B1B6800211846FF
:10FCC000FFF750FF00BF03B000BD00BF304B030083
:10FCD00000B583B00190019B002B03D106498D2014
:10FCE000F7F7B2FB019B1B6804211846FFF73AFFA8
:10FCF00000BF03B000BD00BF304B030000B587B0AC
:10FD00000390029101928DF80330039B002B03D1E5
:10FD100020499620F7F798FB4FF48032029B02FAB5
:10FD200003F30593029B50339BB29B00ADF8123056
:10FD3000019B23F07F430193039B1B6805991846A1
:10FD4000FFF7C6FE039B1B6805991846FFF723FFC4
:10FD5000039B1B68BDF8122011461846FFF7CFFE23
:10FD6000039B1B68019A02991846FFF78DFE039BBF
:10FD70001B6805991846FFF704FF9DF80330002B18
:10FD800005D0039B1B6805991846FFF797FE00BF37
:10FD900007B000BD304B030000B585B00390029161
:10FDA00013468DF80730039B002B03D10B49A92084
:10FDB000F7F74AFB039B1B6802991846FFF7E1FE21
:10FDC0009DF80730002B05D0039B1B68029918464D
:10FDD000FFF774FE00BF05B000BD00BF304B03004D
:10FDE00000B583B001900091019B002B03D109491C
:10FDF000B320F7F729FB019B1B6800991846FFF712
:10FE0000CAFE019B1B6800991846FFF761FE00BF00
:10FE100003B000BD304B030000B583B001900B462A
:10FE2000ADF80230019B002B03D10E49BA20F7F741
:10FE30000BFB019B1B68BDF8022011461846FFF71B
:10FE400051FE0346002B09D0019B1B68BDF8022020
:10FE500011461846FFF753FE012300E00023184621
:10FE600003B000BD304B030082B001900091019AB5
:10FE7000009BD31A23F07F43184602B0704700005E
:10FE800000B58BB00390029101920093039B002B6D
:10FE900003D15649CD20F7F7D7FA4FF48032029BB1
:10FEA00002FA03F30993029B50339BB29B00ADF817
:10FEB0002230019B23F07F43019309990398FFF7B8
:10FEC0008FFF039B1B681846FFF72EFE0790039BCE
:10FED0001B6802991846FFF7E5FD0690039B1B6817
:10FEE000079A02991846FFF7CFFD039B1B68BDF8E0
:10FEF000222011461846FFF702FE07990698FFF7E1
:10FF0000B3FF0346012B0AD11020FFF7A7FD039B87
:10FF10001B68BDF8222011461846FFF7F0FD039B31
:10FF20001B681846FFF700FE079007990198FFF736
:10FF30009BFF0590039B1B6809991846FFF721FE5C
:10FF4000059B012B15D1039B1868019B01331A46B1
:10FF50000299FFF799FD1020FFF780FD039B1B68B6
:10FF60001846FFF7E1FD0246079B934235D00D236B
:10FF700039E0039B1B68019A02991846FFF784FD3C
:10FF8000039B1B681846FFF7CFFD0790019B013BC1
:10FF900007991846FFF768FF0590009BC3F1FF1310
:10FFA00003F57F43059A9A4201D90D231BE0059B77
:10FFB000002B12D1039B1868019B01331A4602994A
:10FFC000FFF762FD039B1B681846FFF7ADFD024675
:10FFD000079B934201D00D2305E001220999039864
:10FFE000FFF7DAFE002318460BB000BD304B0300CC
:10FFF00000B583B001900B468DF803309DF80330B7
:020000023000CC
:100000001A4602210198FFF7C7FE00BF03B000BDEA
:1000100000B583B001904FF482710198FFF7FCFEA8
:100020000346184603B000BD00B583B001900091AF
:100030004FF48032009B02FA03F319460198FFF750
:10004000CFFE00BF03B000BD00B585B001900091A8
:10005000009B50339BB29B00ADF80E30BDF80E30C4
:1000600019460198FFF7D8FE0346184605B000BDB3
:1000700000B583B001900091019B1B680099184660
:10008000FFF710FD0346184603B000BD00B583B06E
:100090000190019B1B681846FFF746FD0346184672
:1000A00003B000BD00B583B00190019B93F904300B
:1000B0001846FFF757FC00BF03B000BD08B5044B5E
:1000C0001B68044A12681046984700BF08BD00BF6D
:1000D000182700201C27002086B001900091019B6A
:1000E00053E8011F8AB2D88902449889824228BF06
:1000F000121A1889824202BFBFF32F8F002307E034
:10010000C2EA010243E801200028E9D14FF00103CF
:100110008DF80F30059002910492029A009B1A60AC
:100120009DF80F30DBB2184606B0704784B00190DE
:10013000019951E8013FC3EA034341E80132002A33
:10014000F7D10392029300BF04B0704786B00190CC
:100150000091019B53E8021F1FFAA1F2D888824246
:1001600002BFBFF32F8F00230DE0D8890244988986
:10017000824228BF121AC1EA024243E80220002844
:10018000E8D14FF001038DF80F30059002910492F1
:10019000029A009B1A609DF80F30DBB2184606B039
:1001A000704784B00190019951E8023FC3EA2343AC
:1001B00041E80232002AF7D10392029300BF04B053
:1001C000704784B00390029111461A460B46ADF871
:1001D00006301346ADF80430029B002B01D10E23EC
:1001E0001FE0BDF80630BDF80420B3FBF2F101FBBF
:1001F00002F29B1A9BB2002B01D0092311E0039B52
:10020000029A1A60039B00225A60039B00229A60A4
:10021000039BBDF806209A81039BBDF80420DA8178
:100220000023184604B0704700B585B001900091D6
:10023000009B19460198FFF74FFF0346002B07D09C
:10024000019B1B68009A128813440393039B00E0F0
:100250000023184605B000BD00B583B001900091A1
:10026000009B1A88009B5B889A4204D10198FFF793
:100270005DFF012300E00023184603B000BD00B578
:1002800085B001900091009B19460198FFF75EFF31
:100290000346002B07D0019B1B68009A5288134429
:1002A0000393039B00E00023184605B000BD00B592
:1002B00083B001900091009B1A88009B5B889A4252
:1002C00004D10198FFF76DFF012300E000231846D9
:1002D00003B000BD00B585B001900091009B5B09A3
:1002E0009B00019A1A44009B03F01F03012101FAAD
:1002F00003F31946104600F048F8039000BF05B01C
:1003000000BD00B585B001900091009B5B099B008A
:10031000019A1A44009B03F01F03012101FA03F321
:10032000DB431946104600F05EF8039000BF05B0AD
:1003300000BD82B001900091009B5B099B00019A77
:1003400013441A68009B03F01F0322FA03F303F01F
:100350000103C3F30003DBB2184602B0704710B4C8
:1003600087B001900091019B009A53E8004F10461E
:1003700043E8000191F0000FF7D105940490039138
:10038000059B184607B010BC704710B487B00190A9
:100390000091019B009A53E8004F44EA020043E8B1
:1003A000000191F0000FF6D1059404900391049B95
:1003B000184607B010BC704710B487B00190009188
:1003C000019B009A53E8004F04EA020043E8000151
:1003D00091F0000FF6D1059404900391059B184607
:1003E00007B010BC704710B487B001900091019B1A
:1003F000009A53E8004F04EA020043E8000191F03C
:10040000000FF6D1059404900391049B184607B0A1
:1004100010BC704710B487B001900091019B009A06
:1004200053E8004F04EB020043E8000191F0000F95
:10043000F6D1059404900391049B184607B010BCB4
:10044000704710B487B001900091019B009A53E867
:10045000004FA4EB020043E8000191F0000FF6D139
:10046000059404900391049B184607B010BC704794
:1004700000B583B0019001210198FFF786FF034684
:10048000184603B000BD00B583B00190002101986B
:10049000FFF792FF0346184603B000BD00B583B0D6
:1004A00001900B468DF80330019B002B03D10849C6
:1004B000E820F6F7C9FF019BDA689DF8033001993F
:1004C000098A01FB03F31344184603B000BD00BFC3
:1004D000D84B030000B583B001900091019B002B25
:1004E00003D10849F520F6F7AFFF009B019AD268C7
:1004F0009B1A019A128AB3FBF2F3DBB2184603B0DF
:1005000000BD00BFD84B030000B585B00190019B32
:10051000002B01D10E234CE0019B1B68002B03D163
:100520002549FF20F6F790FF019B5B68002B04D163
:1005300021494FF48070F6F787FF019B9B68002BE1
:1005400004D11D4940F20110F6F77EFF019BDB68E4
:10055000002B04D118494FF48170F6F775FF019B09
:100560001B8A002B04D1144940F20310F6F76CFFEC
:10057000019B9A68019B5B68D31A8DF80F30019B31
:100580001B68019A52681A6007E0019B1A68136899
:10059000591C11609DF80F201A709DF80F305A1EDB
:1005A0008DF80F20002BF0D1019B1B6800221A71DF
:1005B0000023184605B000BDD84B030000B585B038
:1005C0000190019B002B04D11F494FF49270F6F764
:1005D0003BFF0023039300238DF80A300DF10A033B
:1005E0001846FFF75BF9019B1B681A68019B5B6863
:1005F0009A421FD9019B1B681A68013A1A601B684E
:100600001B7819460198FFF749FF0390019B9A68F0
:10061000019B1B681B68D31A8DF80B30019B1B686C
:100620001B799DF80B209A4204D9019B1B689DF809
:100630000B201A719DF80A301846FFF743F9039B07
:10064000184605B000BD00BFD84B030010B584B0FC
:1006500001900091019B002B04D1154940F24710F5
:10066000F6F7F2FE009B002B04D111494FF4A47061
:10067000F6F7EAFE009B039300238DF80B300DF193
:100680000B031846FFF70AF9019B1B681C68621CE4
:100690001A6003990198FFF71DFF034623709DF828
:1006A0000B301846FFF70EF900BF04B010BD00BFB5
:1006B000D84B030000B583B00190019B002B03D100
:1006C0000B493120F6F7C0FE019B9B68002B0CD034
:1006D000019B5B69019A1069019A1168019A9268FD
:1006E0009847019B00229A6000E000BF03B000BD64
:1006F000284C03000EB400B584B00190019B002B80
:1007000003D118494220F6F79FFE019B5B69002B3D
:1007100003D114494320F6F797FE019B1B68002B79
:1007200003D110494420F6F78FFE019B5B68002B34
:1007300003D10C494520F6F787FE059B002B0AD014
:100740000023039306AB039303AB1A460599019864
:1007500000F0B4F900E000BF04B05DF804EB03B0B2
:10076000704700BF284C030000B583B001900B46D2
:100770008DF803309DF803300A2B03D10D21019829
:10078000FFF7F2FF019B1A68019B9B68581C0199B7
:10079000886013449DF803201A70019B9A68019B9E
:1007A0005B689A4202D30198FFF784FF00BF03B051
:1007B00000BD00B587B00390029101920093002321
:1007C0000593009B03F00103002B24D00BE0029B58
:1007D00001330293059B013305939DF813301946AD
:1007E0000398FFF7C1FF029B1B788DF813309DF82B
:1007F0001330002BEBD106E0019B013B019320213C
:100800000398FFF7B1FF019A059B9A422ED9019BED
:10081000002BF1D12AE0029B002B0BD0029803F0B1
:1008200056FA059006E0019B013B019320210398B5
:10083000FFF79AFF019A059B9A420FD9019B002B63
:10084000F1D10BE0029B01330293059B0133059329
:100850009DF8133019460398FFF786FF029B1B781B
:100860008DF813309DF81330002BEBD100BF07B08B
:1008700000BD000000B589B0039002910192009381
:10088000029B07930123069307E0079A019BB2FBA3
:10089000F3F30793069B01330693079A019B9A4251
:1008A000F3D2009A069B9A4201D9009B06930B9BB8
:1008B00003F00103002B22D10A9B002B1FD00B9BBE
:1008C00003F00203002B06D0009B002B03D1302342
:1008D0008DF8173002E020238DF8173008E00A9BCE
:1008E000013B0A939DF8173019460398FFF73CFF28
:1008F0000A9B002B03D0069A0A9B9A42EFD301234E
:100900000793009B012B03D9009B013B009309E057
:10091000029A079BB2FBF3F30493049A019B9A4259
:1009200000D205E0079B019A02FB03F30793E8E777
:10093000029A079BB2FBF3F30493049B079A02FB12
:1009400003F3029AD31A0293144A049B13441B78AC
:1009500019460398FFF708FF079A019BB2FBF3F3D0
:100960000793079B002BE3D10B9B03F00103002BA4
:1009700011D00A9B002B0ED006E00A9B013B0A9384
:1009800020210398FFF7F0FE0A9B002B03D0069A64
:100990000A9B9A42F1D300BF09B000BDC04C0300CE
:1009A00000B589B00590049103920293049B002B3B
:1009B000B8BF5B4206930123079307E0039B069AA7
:1009C00092FBF3F30693079B01330793039B069A6D
:1009D0009A42F3DA029A079B9A4201D9029B079343
:1009E0000A9B002B0AD0049B002B04DB0B9B03F01B
:1009F0000403002B02D00A9B013B0A930B9B03F0DC
:100A00000203002B02D0029B002B16D00B9B03F09D
:100A10000103002B11D10A9B002B0ED006E00A9B8C
:100A2000013B0A9320210598FFF79EFE0A9B002BAD
:100A300003D0079A0A9B9A42F1D3049B002B07DA52
:100A4000049B5B4204932D210598FFF78DFE08E07F
:100A50000B9B03F00403002B03D02B210598FFF719
:100A600083FE0B9B03F00203002B19D00B9B03F0BA
:100A70000103002B14D1029B002B11D10A9B002BE8
:100A80000ED006E00A9B013B0A9330210598FFF740
:100A90006BFE0A9B002B03D0079A0A9B9A42F1D364
:100AA00004990B9B01930A9B0093029B039A059860
:100AB000FFF7E0FE00BF09B000BD000000B58FB039
:100AC000059004910392059B002B04D19E4940F2AE
:100AD0005220F6F7B9FC059B5B69002B04D19A49BB
:100AE0004FF41570F6F7B0FC059B1B68002B04D182
:100AF000954940F25520F6F7A7FC059B5B68002B53
:100B000004D1914940F25620F6F79EFC049B002B3D
:100B100000F06381049B1B788DF83730049B013310
:100B200004939DF83730002B00F04E819DF837304C
:100B3000252B40F03D8100230A9301230C93049B55
:100B40001B788DF837309DF83730302B0DD0302B97
:100B50001BDC2B2B11D02D2B17D10A9B43F001034B
:100B60000A93049B0133049312E00A9B43F00203AF
:100B70000A93049B013304930AE00A9B43F00403A5
:100B80000A93049B0133049302E000230C9300BFFB
:100B90000C9B002BD3D1002309939DF837302A2BCF
:100BA0000CD1039B1B68191D039A11601B68099ADD
:100BB00013440993049B013304931AE0049B1B78AC
:100BC0008DF837309DF837302F2B12D99DF83730FC
:100BD000392B0ED8049B01330493099A13469B00CA
:100BE00013445B001A469DF837301344303B099399
:100BF000D3E700230B93049B1B788DF837309DF8C7
:100C000037302E2B1DD1049B01330493049B1B789A
:100C10008DF837309DF837302F2B12D99DF83730AB
:100C2000392B0ED8049B013304930B9A13469B0077
:100C300013445B001A469DF837301344303B0B9346
:100C4000E4E7049B1B788DF837309DF837306C2B28
:100C500003D09DF83730682B07D1049B01330493F0
:100C6000049B1B788DF83730EFE79DF83730782BF1
:100C700058D0782B00F39780752B41D0752B00F35B
:100C80009280732B62D0732B00F38D80702B6BD00E
:100C9000702B00F38880692B20D0692B00F38380B0
:100CA000642B1BD0642B7EDC632B06D0632B7ADC99
:100CB000252B73D0582B35D075E0039B1B68191D6D
:100CC000039A11601B680C930C9B8DF81F309DF8E4
:100CD0001F3019460598FFF747FD65E0039B1B6829
:100CE000191D039A11601B680C930A9B0193099BC1
:100CF00000930B9B0A220C990598FFF751FE53E0D5
:100D0000039B1B68191D039A11601B680C930C99B7
:100D10000A9B0193099B00930B9B0A220598FFF7FE
:100D2000A9FD41E0039B1B68191D039A11601B6814
:100D30000C930C990A9B0193099B00930B9B102227
:100D40000598FFF797FD2FE0704C0300039B1B688D
:100D5000191D039A11601B6808930A9B099A089948
:100D60000598FFF726FD1FE0039B1B68191D039ADA
:100D700011601B680C9330210598FFF7F5FC782172
:100D80000598FFF7F1FC0C990023019308230093C9
:100D9000082310220598FFF76DFD05E02521059831
:100DA000FFF7E2FC00E000BF049B0133049305E081
:100DB0009DF8373019460598FFF7D6FC049B1B7841
:100DC000002B7FF4A7AE00E000BF059B1B7B002B30
:100DD00004D00598FFF76EFC00E000BF0FB000BD27
:100DE00000B583B001900198FFF78EFB03461846CB
:100DF00003B000BD00B58BB001900091019B1B8A30
:100E0000043B0793009A079B1344DA1C079BB2FB31
:100E1000F3F38DF81B300198FFF7D0FB0590059B8D
:100E2000002B01D1002338E0059B00221A71059B9D
:100E300001225A71079B9AB2059BDA80059B0993A0
:100E40009DF81B30013B0493099B019A1A60002313
:100E500008931DE00198FFF7B1FB0390039B002B63
:100E60000ED0059B5B790133DAB2059B5A71099B61
:100E7000039A1A60039B019A1A60039B099304E08A
:100E8000059800F00DF8002307E0089B0133089354
:100E9000089A049B9A42DDD3059B18460BB000BD0F
:100EA00000B58BB00190019B0793079B5B798DF890
:100EB0001B30019B08939DF81B30013B05930023D9
:100EC000099305E0089B1B680893099B013309936C
:100ED000099A059B9A42F5D3089B1B680493019BD2
:100EE0000893002309930BE0089B1B680393089960
:100EF0000498FFF7ABFB039B0893099B013309930D
:100F00009DF81B30099A9A42EED300BF00BF0BB088
:100F100000BD00B585B00190019B0393039B043392
:100F200001211846FFF776FA00BF05B000BD00B5F5
:100F300087B00190019B0593059B0433012118465E
:100F4000FFF77FFA0346039303AB0493049B1B78DC
:100F5000002B02D10198FFF7A3FF00BF07B000BD2F
:100F600000B591B00390029101920093039B002B76
:100F700003D14349B620F6F767FA039B0993039B15
:100F80000F93099BDB881A46099B5B7902FB03F3ED
:100F9000043B0893009A089B9A4203D33849C42023
:100FA000F6F752FA099BDB880793009B1A1D079BF3
:100FB000B2FBF3F30E93009B0433079AB3FBF2F2F8
:100FC000079901FB02F29B1A0D93019B1A68009B83
:100FD0001344089A9A4204D2089A009BD31A0C939D
:100FE00002E0019B1B680C93019B0C9A1A6005E0C0
:100FF0000F9B1B680F930E9B013B0E930E9B002BC8
:10100000F6D100230B93079A0D9BD31A0A930A9AE1
:101010000C9B934228BF13460A932AE0029A0B9B2B
:10102000134406930F9A0D9B1344043305939DF8C4
:101030004830002B05D00A9A0599069802F084FEE4
:1010400004E00A9A0699059802F07EFE00230D93AB
:101050000F9B1B680F930C9A0A9BD31A0C930B9A45
:101060000A9B13440B93079A0C9B934228BF134689
:101070000A930C9B002BD1D100BF00BF11B000BD63
:10108000D04C030000B589B00590049103920293FF
:10109000039B079307AA00230093029B04990598DA
:1010A000FFF75EFF079B039A9A4203D00349F6209D
:1010B000F6F7CAF900BF09B000BD00BFD04C03006D
:1010C00000B589B00590049103920293039B0793A6
:1010D00007AA01230093029B04990598FFF740FF9C
:1010E000079B039A9A4204D003494FF48070F6F7A5
:1010F000ABF900BF09B000BDD04C030082B003467D
:101100008DF807309DF90730002B0DDB9DF8073077
:1011100003F01F0206499DF907305B09012000FA20
:1011200002F2603341F8232000BF02B0704700BFD5
:1011300000E100E000B583B00190019B002B03D1DA
:1011400006497220F6F780F9019B00221A60BFF36E
:101150005F8F00BF00BF03B000BD00BF744D030030
:1011600041DF704700BF184600B585B000238DF8F9
:1011700007300DF107031846FEF790FBF1EE103A29
:101180000393039B23F09F030293029BE1EE103A2B
:1011900000BFBFF35F8F00BF2620FFF7AFFF9DF8B2
:1011A00007301846FEF78EFB039B03F00703002B66
:1011B00003D003497D20F6F747F900BF05B000BD15
:1011C000B84D030008B5064B00221A700548FFF71A
:1011D000B1FF0549054800F049F80023184608BD4D
:1011E00028270020242700200C4E03002C27002055
:1011F00000B583B0FFF7B8FF01F0D0FD0346002B28
:101200000ED0FFF7ADFF0190019B002B0BD0019B8F
:10121000022B08D005494FF4B070F6F715F902E03B
:1012200020BF40BF20BF00BF03B000BDB84D0300CA
:1012300082B00190019B9B6800229A60019B9B6891
:1012400000221A61019B9B6800225A61019B9B68E6
:101250000022DA60019B9B6800225A60019B9B6818
:1012600000221A6000BF02B07047000000B583B0D2
:1012700001900091019B002B03D110495020F6F7FB
:10128000E3F8009B002B03D10C495120F6F7DCF862
:10129000019B009A1A60019B1B681A68019B5A60A7
:1012A000019B5A68019B1B685B689A4202D1019BB3
:1012B00000225A6000BF03B000BD00BF184E0300FB
:1012C00000B583B00190019B002B03D1134963202B
:1012D000F6F7BAF8019B1B68002B03D10F49642075
:1012E000F6F7B2F8019B5B68002B14D0019B5B689A
:1012F0001A46019B1B689B6813441A46019B5A605F
:10130000019B5A68019B1B685B689A4204D1019B50
:1013100000225A6000E000BF03B000BD184E030079
:1013200000B585B001900091019B002B03D11749B6
:101330003A20F6F789F8009B002B03D113493B2094
:10134000F6F782F8019B5B6803930FE0019B9B68B3
:10135000039A1268009910469847034683F00103E8
:10136000DBB2002B07D1039B1B680393039B1B6815
:10137000002BEBD100E000BF039B1A68009B1A60B2
:10138000039B009A1A6000BF05B000BD904E030099
:1013900000B585B00190019B002B03D10B49512072
:1013A000F6F752F8019B5B681B680393019B5B682F
:1013B0001B68002B06D0019B5B681A68019B5B6869
:1013C00012681A60039B184605B000BD904E0300DA
:1013D00000B583B00190019B002B03D104495D202F
:1013E000F6F732F8019B5B681B68184603B000BD36
:1013F000904E030000B585B001900091019B002B39
:1014000003D115496920F6F71FF8009B002B03D183
:1014100011496A20F6F718F800238DF80B30019B6C
:101420005B6803930FE0039B1B68009A9A4207D105
:10143000009B1A68039B1A6001238DF80B3006E0AD
:10144000039B1B680393039B1B68002BEBD19DF848
:101450000B30184605B000BD904E030000B585B0B6
:101460000190019800F00CF80390039B002B01D031
:10147000039B00E0014B184605B000BDE44E03009D
:1014800086B00190164B0593164B04931FE0049A07
:10149000059BD31ADB10DA0F13445B10DB00059AAF
:1014A00013440393039B1B680293029A019B9A4285
:1014B00002D9039B04930AE0029A019B9A4203D249
:1014C000039B0833059302E0039B5B6804E0059AE5
:1014D000049B9A42DBD30023184606B0704700BF36
:1014E000E45203000C54030000B5A1B00590049130
:1014F000039202930498FFF70CFD039B1593029B44
:1015000016930023179300238DF86030002319935E
:10151000229B1A9300231F930FA91F9B0822049854
:10152000FFF7CEFD08231F93119B1293BDF84030A7
:10153000ADF84C30BDF84230ADF84E3000238DF898
:1015400051309DF83C3003F00303DBB2012B26D170
:101550000F9BC3F395231C939DF83C30C3F3C20348
:10156000DBB28DF85030BDF83C30C3F38313DBB2EF
:101570001B931B9B9A0009A91F9B0498FFF7A0FDD2
:101580001B9B9B001F9A13441F9312AA09A915AB1A
:10159000009313461B9A1C9800F0CAFF2FE09DF899
:1015A0003C3003F00303DBB2022B28D1BDF83E3000
:1015B000C3F389139BB21E939DF83C30C3F3C2035F
:1015C000DBB28DF850301E9B082B28BF08231D93DB
:1015D00007A91F9B1D9A0498FFF772FD1F9A1D9B78
:1015E00013441F931E9A1D9BD31A1E9315AB12AA68
:1015F00007A81D9901F050F81E9B002BE3D1049819
:10160000FFF795FC00BF21B000BD000000B583B01E
:101610000190019B1B781A460C4B9B5C002B05D05C
:10162000019B04331846FCF74FFE0BE0019B1B782F
:101630001A46064B9B5C002B04D1019B0C331846C9
:10164000FBF7DCFF00BF03B000BD00BF602500203A
:1016500000B587B00390029113468DF80730002340
:101660000593039B1B781A46104B9B5C002B09D0FB
:10167000039B04339DF8072002991846FCF786FE69
:1016800005900FE0039B1B781A46084B9B5C002BD0
:1016900008D1039B0C339DF8072002991846FCF7EC
:1016A00021F80590059B184607B000BD6025002075
:1016B00082B001900091034B01221A7000BF02B06A
:1016C000704700BF7427002030B58DB003468DF8F9
:1016D00007301A4B02AC1D460FCD0FC495E80F0022
:1016E00084E80F00062302934FF0FF3303934FF07B
:1016F000FF3304934FF0FF3305934FF0EB730893E0
:101700009DF80730002B01D00D4A00E0002202AB0B
:1017100019460C48FAF70CFA0B900B9B0A930A9B9C
:10172000002B04D0084A43210A98FDF77BFB074AA7
:101730009DF80730137000BF0DB030BD6854030032
:10174000B1160300482300200C5403007527002025
:1017500000B583B001238DF807309DF80730184697
:10176000FFF7B2FF00BF03B000BD000000B589B0B5
:10177000039002910192019B8DF81F30124B0022C1
:101780001A709DF81F301A4602991048FFF760FF43
:101790000690069B0593059B002B04D00C4A532111
:1017A0000598FDF73FFB00BF0A4B1B78002B07D0C5
:1017B000054B1B78DBB283F00103DBB2002BF3D1C6
:1017C00000BF09B000BD00BF7427002048230020DF
:1017D0000C5403007527002000B585B003900291DA
:1017E000054B00934023054A02990398FFF77CFEBE
:1017F00000BF05B000BD00BF6D17030034270020F7
:1018000082B0019000BF02B07047000000B583B005
:1018100001900448FFF7FAFE0020FFF755FF00BFD4
:1018200003B000BD4823002082B00190019BDB681B
:1018300001225A7100BF02B07047000000B583B0AA
:101840004FF0FF330193FFF783FF0421084800F0B6
:101850008BFD0190019B002B03DA06494820F5F728
:10186000F3FD0348FFF7E0FF00BF03B000BD00BF7A
:10187000D83F0300A854030000B583B00190009145
:10188000019B1B681B6800990198984700BF03B033
:1018900000BD00B583B00190019B1B685B68019897
:1018A000984700BF03B000BD00B583B00190019B15
:1018B0001B689B680198984700BF03B000BD82B0C9
:1018C00001900B468DF80330019BDB689DF80320E7
:1018D0001A7100BF02B0704782B00190019BDB68B3
:1018E0001B79184602B0704782B00190019BDB68FB
:1018F00001225A7100BF02B0704782B00190019B73
:10190000DB685B79184602B07047000000B585B00F
:10191000019000910B4B00221A700B48FFF760FA00
:101920000390039B002B01D0039B08E00748FFF7BF
:101930007FFC074A074BD31ADB08029300231846A3
:1019400005B000BDE0280020443F03000855030017
:10195000D83F0300583F0300024A034BD31ADB0869
:1019600018467047D83F0300583F030000B587B0C2
:1019700001900B468DF803309DF80330002B1FD0EB
:10198000FFF7EAFF04900023059313E0059B9B00FB
:101990000D4A13440393039B1B881A46019B1B6843
:1019A0009A4204D1019B059A1A60002309E0059B25
:1019B00001330593059A049B9A42E7D3052300E07F
:1019C0000023184607B000BD0023002000B585B0F5
:1019D00001900B468DF803309DF8032001AB1146B2
:1019E0001846FFF7C3FF0346002B07D1019BDB001E
:1019F000044A13440393039B1B6800E0002318462A
:101A000005B000BD583F030084B001900B468DF82F
:101A10000330019BDB00164A134402939DF8033008
:101A2000042B17D0042B1ADC032B0ED0032B16DC4F
:101A3000012B02D0022B04D011E002238DF80F30CD
:101A400011E004238DF80F300DE0029B1B798DF817
:101A50000F3008E0029B5B798DF80F3003E0002324
:101A60008DF80F3000BF9DF80F30184604B0704756
:101A7000583F030084B00190009100238DF80F308F
:101A8000019B1B7803F00403DBB2002B24D0019BE5
:101A90001B78C3F30103DBB2012B02D0022B0CD065
:101AA00017E0009B1B68019A1288C2F38312D2B21E
:101AB00013449A1C009B1A600BE0009B1B68019A60
:101AC0005288C2F3891292B213449A1C009B1A6086
:101AD00000BF01238DF80F309DF80F30184604B079
:101AE0007047000000B58BB00023ADF826303D48AC
:101AF000FEF7BEFC3C48FEF7BBFC3C4B9B680493E6
:101B00003B4B1B680693049A069B134002339B00D1
:101B1000364A13440433089304AB19460898FFF778
:101B2000A9FF0346002B09D0049A069B13400233F9
:101B30009B002E4A134404330893EDE700BF0023B3
:101B4000079311E0049B5A1C0492069A1340079ACB
:101B5000920001A90A44254902339B000B445B68AB
:101B60001360079B01330793079B012BEAD99DF86C
:101B70000430C3F30103DBB2012B10D0022B1CD1C4
:101B8000BDF80A30ADF82630BDF80630C3F389132E
:101B90009BB203339A08049B1344049313E0BDF8EB
:101BA0000A30ADF82630BDF80430C3F38313DBB23E
:101BB0001A46049B1344049305E00E494FF4C27087
:101BC000F5F742FC00BF0848FEF75DFC0590059B59
:101BD000002B02D0049B054A9360BDF826301846BE
:101BE0000BB000BDF82C0020F42C0020E0280020D1
:101BF000642300201855030000B585B00021074874
:101C0000FEF7ADFB0390039B0293029B83F310034B
:101C10000193019B184605B000BD00BFFC2C0020BD
:101C200000B589B00390029101920093039B1B0CB5
:101C30000793FFF7E1FF0690FFF78EFE0246079B32
:101C4000934204D3214940F2A910F5F7FDFB069B0E
:101C50001904009B5A1C0A9B1340079A0A431C490B
:101C600002339B000B445A60009A0A9B13400233D4
:101C70009B00174A134404330593039B03F00703A7
:101C8000D9B2059A137861F3C5031370019B03F071
:101C90000F03D9B2059A138861F389131380029B4D
:101CA000C3F31501059A136861F39F231360059A26
:101CB0001378012161F301031370059A137823F05F
:101CC0000403137000BF09B000BD00BF1855030026
:101CD000E028002000BF704700B58DB0039002914E
:101CE00013468DF80730039B02330A9301238DF8C6
:101CF000273000238DF81B300DF11B031846FDF72C
:101D0000CDFD3F4B5A68029B1A603E4B1A683C4B14
:101D100099683B4B5B68CB1A134401330B9314E077
:101D200001213948FEF776FBFFF7DCFE07900799A3
:101D30003548FEF76FFB334B1A68314B9968304BCF
:101D40005B68CB1A134401330B930A9A0B9B9A429C
:101D5000E6D89DF82730002B48D0002305939DF846
:101D60000730002B17D09DF81430012262F30103D5
:101D70008DF814309DF8143043F004038DF81430BE
:101D8000039B03F00F03DAB2BDF8143062F389133A
:101D9000ADF8143016E09DF81430022262F301030E
:101DA0008DF814309DF8143043F004038DF814308E
:101DB000039BC3F309039AB2BDF8163062F38F1385
:101DC000ADF816300E4B5A680E4B1B6813400233A9
:101DD0009B000B4A134404330893059A089B1A602E
:101DE000074B5A680A9B1344054A53609DF81B3001
:101DF0001846FDF767FD9DF8273018460DB000BD69
:101E0000E028002064230020FC2C002000B58BB0CB
:101E100005900491039202931F4B1B68079306AB36
:101E2000012219460298FFF757FF0346002B24D0E2
:101E3000069B023309930023089311E0089B9B0043
:101E4000039A1A44099B591C099107990B4012687F
:101E5000124902339B000B445A60089B01330893DC
:101E6000089A029B9A42E9D3069A079B009313466D
:101E7000029A04990598FFF7D3FE084B1B78002BB4
:101E800004D000F065F80346002BFAD1FFF722FFDB
:101E900000BF0BB000BD00BF64230020E02800207D
:101EA00000B583B0019000910023002200990198B1
:101EB000FFF7ACFF00BF03B000BD00B587B00390D3
:101EC00002910192019B059305AA012302990398AF
:101ED000FFF79CFF00BF07B000BD00B587B00390BF
:101EE000029101920093019B0493009B059304AA25
:101EF000022302990398FFF789FF00BF07B000BDD6
:101F000000B58BB00390029101920093019B059361
:101F1000009B06930C9B07930D9B08930E9B0993C4
:101F200005AA052302990398FFF770FF00BF0BB0C5
:101F300000BD0000054B9A68044B5B689A420CBFD9
:101F400001230023DBB21846704700BFE0280020C1
:101F500000B599B0FFF7EEFF0346002B01D0002338
:101F6000C2E19C4B0022C3F81824BFF34F8F00BF7F
:101F7000984B9B680493984B1B680C93049A0C9B9A
:101F8000134002339B00934A134404330E930023FF
:101F900017930023169300230B9304AB19460E9856
:101FA000FFF768FD0346002B19D08A4BD3F818348D
:101FB000002B14D1874B5A68049B9A4205D8854B55
:101FC0005B68844A936000238EE1049A0C9B134063
:101FD00002339B007F4A134404330E93DDE7002352
:101FE000159311E0049B5A1C04920C9A1340159A05
:101FF000920001A90A44774902339B000B445B68B5
:102000001360159B01331593159B012BEAD99DF89D
:10201000043003F00303DBB2022B40F09F80BDF8D5
:102020000630C3F389139BB20993BDF80630C3F39E
:1020300089139BB2502B28BF50239BB20893089B57
:10204000C3F309039AB2BDF8063062F38F13ADF8FB
:102050000630089B083307939DF80430C3F3C2038E
:10206000DBB20B9307995D48FEF7C4FE1790179BF0
:10207000002B00F0D5801798FEF74BFF01A9169BA7
:1020800008221798FEF7FEFF169B08331693049B51
:10209000DA430C9B134001339B000693089A069B7E
:1020A0009A4245D9069B002B09D0049A0C9B1340F9
:1020B00002339B00474A13440433149301E0484B16
:1020C0001493069B002B03D0069B8DF84F3002E043
:1020D000089B8DF84F30069B002B02D0404B12938B
:1020E00001E000231293069B002B07D0089BDAB275
:1020F000069BDBB2D31A8DF8473002E000238DF83F
:1021000047309DF84F20169B14991798FEF7BAFF99
:102110009DF84F30169A13441693129B002B16D03D
:102120009DF84720169B12991798FEF7ABFF0EE01B
:10213000049A0C9B134002339B00264A1344043339
:102140000593169B089A05991798FEF79BFF099B24
:1021500003339A08049B1344049361E09DF8043010
:1021600003F00303DBB2012B5AD1BDF80430C3F3F3
:102170008313DBB2062B28BF0623DAB2BDF8043086
:1021800062F38913ADF80430BDF80430C3F3831350
:10219000DBB202330A939DF80430C3F3C203DBB20F
:1021A0000B930A9B9B0019460C48FEF723FE1790E1
:1021B000179B002B34D01798FEF7ABFE01A9169B96
:1021C00008221798FEF75EFF169B0833169300232C
:1021D00015931CE0E028002064230020443F030006
:1021E000EC280020049B5A1C04920C9A13400233E2
:1021F0009B003F4A1344191D169B04221798FEF7B3
:1022000041FF169B04331693159B01331593BDF8BC
:102210000430C3F38313DBB21A46159B9342E1D318
:10222000179B002B40D0324BD3F810341093304B17
:10223000D3F81834002B1BD01798FEF778FE4DE02A
:1022400000238DF83F301098FFF757FB0346002B13
:1022500002D001238DF83F309DF83F30002B03D092
:1022600017991098FFF708FB109BDB681B68109309
:10227000109B002BE4D11798FEF759FE00238DF830
:1022800003300DF103031846FDF708FB184BD3F894
:102290001834002B02D1049B154A93609DF803303B
:1022A0001846FDF70FFB19E0114BD3F810340D93CE
:1022B00006E00D98FFF7F8FA0D9BDB681B680D939D
:1022C0000D9B002BF5D10B4A0B4BD31ADB081B04DB
:1022D00043F0020309491846FFF7E2FDFFF72AFE23
:1022E000034683F00103DBB2184619B000BD00BFFE
:1022F000E0280020803F0300583F03007055030092
:1023000000B585B00023039323E0164BD3F81034B7
:10231000029301238DF807300FE00298FFF7DCFAF3
:1023200003461A46039B934203D100238DF80730DE
:1023300006E0029BDB681B680293029B002BECD13A
:102340009DF80730002B01D0039B07E0039B01336E
:102350000393039B092BD8DD4FF0FF33184605B0DC
:1023600000BD00BFE028002000B585B001900B46FD
:102370008DF80330FFF7C4FF0390039BB3F1FF3FD9
:1023800001D1039B22E0039BDBB219460198FFF7C2
:1023900096FA104BD3F81034002B08D10D4A019B4C
:1023A000C2F81034019BDB6800221A600DE0094B73
:1023B000D3F81034DA68019BDB6812681A60054BA9
:1023C000D3F81034DB68019A1A60039B184605B0F5
:1023D00000BD00BFE028002000B583B00C4BD3F84F
:1023E000103401930A4B01221A7009E00198FFF79B
:1023F0007BFA0198FFF74DFA019BDB681B6801939C
:10240000019B002BF2D100BF00BF03B000BD00BF95
:10241000E028002082B00190009100BF02B0704718
:1024200010B584B003900291039BDB88002B0AD087
:10243000039BDB881A461F4B009313461E4A1F4915
:102440000298FEF757F9039B1B7A052B2ED0039BAE
:102450005B7A002B12D0039B9B881A46039B1B7A46
:1024600019461046FFF7D0FA03461A46144B53F8A4
:1024700022301A4613490298FEF73CF9039B1B6869
:1024800019460298FFF7C6FF039B1B7A1A460E4BAC
:1024900053F82240039B9B8800211846FFF796FAC9
:1024A0000346224609490298FEF724F900BF04B00A
:1024B00010BD00BFA4550300B4550300EC55030044
:1024C0007C230020045603006823002008560300E4
:1024D00000B585B00390029113468DF80730039B39
:1024E0001B7A052B0FD0039B5B7A002B06D00D4B7C
:1024F0001B681A460C490298FEF7FCF80B49029833
:10250000FEF7F8F807E09DF80730002B03D00749E5
:102510000298FEF7EFF80298FEF7CCF800BF05B07E
:1025200000BD00BF7C2300200456030014560300A6
:1025300030B58BB007900691059204930E9B1B7BE0
:102540008DF827300E9B00221A730E990498FFF71E
:1025500067FF059B062B76D0059B062B00F28F802C
:10256000059B052B57D0059B052B00F28880059B0A
:10257000042B3CD0059B042B00F28180059B032B90
:1025800026D0059B032B7AD8059B022B16D0059BE2
:10259000022B74D8059B002B03D0059B012B05D083
:1025A0006DE007990E98FEF7A5F869E0069B1B6899
:1025B0001A4607990E98FEF79DF861E0069B1A6887
:1025C000069B04331B6807990E98FEF793F857E0B3
:1025D000069B1A68069B04331968069B08331B6820
:1025E00000930B4607990E98FEF784F848E0069B87
:1025F0001968069B04331868069B08331B68069A03
:102600000C3212680192009303460A4607990E980D
:10261000FEF770F834E0069B1868069B04331C68CC
:10262000069B08331B68069A0C3212680699103113
:1026300009680291019200932346024607990E9879
:10264000FEF758F81CE0069B1C68069B04331D68C7
:10265000069B08331B68069A0C32126806991031E3
:102660000968069814300068039002910192009363
:102670002B46224607990E98FEF73CF800E000BF73
:1026800000220E990498FFF723FF0E9B9DF8272048
:102690001A7300BF0BB030BD00B587B00390029134
:1026A00001920093029B082B60D8009B1B7B8DF846
:1026B0001330009B00221A7300990198FFF7B0FEB7
:1026C0000023059314E0059A029B9A4209D2039ACB
:1026D000059B13441B781A4626490098FEF70AF812
:1026E00003E025490098FEF705F8059B01330593A3
:1026F000059B072BE7D921490098FDF7FBFF002335
:10270000059326E0059A029B9A421BD2039A059BE9
:1027100013441B788DF812309DF812307E2B0AD8A6
:102720009DF81230184601F09DFB0346002B02D0A5
:102730009DF8123000E02E231A4611490098FDF74B
:10274000D9FF03E00F490098FDF7D4FF059B013343
:102750000593059B072BD5D9012200990198FFF716
:10276000B7FE009B9DF813201A7300E000BF07B06E
:1027700000BD00BF18560300205603002456030076
:10278000285603002C56030082B0204B0193019B76
:1027900002221A61019B02225A61019B1C4A9A6122
:1027A000019B1C4ADA61019B4FF400721A62019B83
:1027B00000229A62019B00225A62019B0022DA6287
:1027C000019B134A9A64019B134ADA64019B10220D
:1027D0001A65019B00229A65019B00225A65019BA4
:1027E0000022DA65019B07330C4A10681860019BD0
:1027F0000B4A106818609188927999809A71019BB0
:1028000020229A7100BF02B0704700BF002D002047
:1028100030560300782D0020782F00203C5603000E
:102820004056030000B589B0039002910192002345
:102830000693039BDB680593039B1B690493049A2F
:10284000059B9A4205D9049A059BD31A013B07932D
:1028500007E0039B9A680499059BCB1A1344013B3C
:102860000793039B9A68059BD31A079A934228BF44
:1028700013460793079A019B934228BF1346079379
:10288000039B5A68059B1344079A0299184601F066
:102890005BFA069A079B13440693029A079B13441C
:1028A0000293019A079BD31A0193059A079B13443D
:1028B0000593039B9B68059A9A4201D100230593D7
:1028C000039B059ADA60019B002BB5D1069B184645
:1028D00009B000BD00B589B0039002910192039B3D
:1028E000DB680793039B9A68079BD31A0693069AA3
:1028F000019B9A420ED9039B5A68079B1344019A85
:102900000299184601F020FA079A019B1A44039B8A
:10291000DA601AE0069B0593039B5A68079B1344F1
:10292000059A0299184601F00FFA019A069BD31AEC
:102930000593039B5868029A069B1344059A19460F
:1029400001F002FA039B059ADA6000BF09B000BDEE
:1029500086B00190019B1B690493019BDB68039384
:10296000049A039B9A4208D8019B9A68039BD21A47
:10297000049B1344013B059304E0049A039BD31A80
:10298000013B0593059B184606B0704700B589B01A
:10299000039002910192029B0693039B5A1C1346DB
:1029A0005B001344DB001F4A13440593059B5B69DE
:1029B000022B29D0022B2ED8002B02D0012B13D0B2
:1029C00029E00598FFF7C4FF0490049A019B9A42FE
:1029D00002D20023079321E0019B0793019A0699F5
:1029E0000598FFF777FF19E00598FFF7B1FF04900E
:1029F000019A049B934228BF13460793079A0699AE
:102A00000598FFF767FF09E0019A06990598FFF717
:102A100009FF079002E00023079300BF079B1846B9
:102A200009B000BD002D002000B587B003900291D1
:102A300001920E4B1B78002B01D1FFF7A5FE00235E
:102A40008DF813300DF113031846FCF727FF019A98
:102A500002990398FFF79AFF05909DF813301846E6
:102A6000FCF730FF059B184607B000BD002D002085
:102A700082B003468DF807309DF90730002B0CDB40
:102A80009DF8073003F01F0205499DF907305B09E7
:102A9000012000FA02F241F8232000BF02B0704783
:102AA00000E100E082B003468DF807309DF9073061
:102AB000002B09DB0B4A9DF90730134493F80033D0
:102AC000DBB25B09DBB20AE0074A9DF8073003F08E
:102AD0000F03043B13441B7EDBB25B09DBB21846D9
:102AE00002B0704700E100E000ED00E000B583B007
:102AF0000190019B002B03D10449C420F4F7A4FCEE
:102B0000019B5B68184603B000BD00BF4856030038
:102B100010DF704700BF184682B003468DF80730BB
:102B20009DF907301F2B07DC9DF907300C4A22FA6C
:102B300003F303F0010310E09DF907303F2B0BDC9A
:102B40009DF90730203B012202FA03F3002B14BF4A
:102B500001230023DBB200E00123184602B07047D6
:102B6000FC06FFBD82B00190019B072B07D8EC2229
:102B7000019B42FA03F303F00103002B01D1002370
:102B800000E00123184602B07047000000B583B092
:102B900003468DF807309DF907301846FFF7BCFF54
:102BA0000346002B02D142F201032EE09DF90730CB
:102BB0001846FFF777FF03461846FFF7D3FF034693
:102BC000002B02D142F202031FE0114B9B68002B45
:102BD00015D09DF907305B090D4A52F823209DF866
:102BE000073003F01F03012101FA03F319469DF991
:102BF00007305B090A43064941F8232004E09DF9A8
:102C000007301846FFF734FF0023184603B000BD15
:102C10000C27002000B587B003468DF8073002ABC3
:102C200013491846FEF722FB17E002AB1846FFF7E0
:102C30005DFF0590059B1B680493059B59689DF8F3
:102C40000720049B104698470346002B01D111230F
:102C50000BE002AB1846FEF733FB02AB1846FFF75A
:102C600045FF0346002BE0D10023184607B000BD06
:102C7000F856030000B587B003468DF8073002AB65
:102C800011491846FEF7F2FA12E002AB1846FFF7B8
:102C90002DFF0590059B1B680493059B59689DF8C3
:102CA0000720049B1046984702AB1846FEF708FB26
:102CB00002AB1846FFF71AFF0346002BE5D100BF11
:102CC00000BF07B000BD00BF0457030000B583B0CC
:102CD0001620FFF75BFF0190019B0093009B002BE8
:102CE00004D0044AA1210098FCF79CF800BF03B06F
:102CF00000BD00BFA456030000B585B0224B1B7871
:102D0000002B01D008233CE0204B01221A70002048
:102D1000FFF780FF0346112B01D1002331E0002093
:102D2000FFF7A8FF1A4B1B68029300238DF80730AA
:102D30000DF107031846FCF7B1FD02AB1549184623
:102D4000FFF7E6FE0390039B002B0CBF012300233B
:102D5000DAB20D4B1A709DF807301846FCF7B2FD39
:102D6000039B002B01D0039B0BE0084B00221A7041
:102D7000094B00221A70FFF7A9FF0120FFF77AFF25
:102D80000023184605B000BD882F00208A2F0020A0
:102D9000F456030041EE0200892F0020014B1B78FE
:102DA00018467047882F002000B585B06B46104943
:102DB0001846FEF75BFA10E06B461846FFF796FEE2
:102DC0000390039B1B680293039B5A68029B104667
:102DD00098476B461846FEF773FA6B461846FFF79E
:102DE00085FE0346002BE7D100BF00BF05B000BD44
:102DF0001057030008B5FFF7D7FF00BF08BD60DF1D
:102E0000704700BF184669DF704700BF184661DF92
:102E1000704700BF1846000000B583B00190019BC9
:102E2000002B03D10449C420F4F70EFB019B5B681F
:102E3000184603B000BD00BF1C57030082B00190CC
:102E4000019B002B01D10E2304E0044B1A46019B89
:102E50001A600023184602B0704700BF002300200C
:102E600010B586B0034600918DF807300098FFF743
:102E7000E5FF0590059B002B01D0059BC4E002AB4C
:102E80000C220021184600F091FF9DF807308DF8C4
:102E9000083001238DF80A300623ADF80C30009B72
:102EA0001A6802AB19462020FFF7ADFF0590059B7D
:102EB000002B0FD0564A574BD31ADB081B0443F0A4
:102EC00001040598FEF7CAFA03461A4652492046FD
:102ED000FEF7F3FF02AB0C220021184600F066FF5C
:102EE00001238DF8093000238DF80A3000238DF876
:102EF0000B30009B1A6802AB19464020FFF783FF96
:102F00000590059B002B0FD0414A424BD31ADB089A
:102F10001B0443F001040598FEF7A0FA03461A4685
:102F20003E492046FEF7C9FF02AB0C22002118469D
:102F300000F03CFF0A238DF80830009B1A6802ABB2
:102F400019460120FFF75FFF0590059B002B0FD06E
:102F50002F4A304BD31ADB081B0443F001040598B9
:102F6000FEF77CFA03461A462D492046FEF7A5FFD8
:102F700002AB0C220021184600F018FF4FF4B0639A
:102F80000293009B1A6802AB1946A120FFF73BFF92
:102F90000590059B002B0FD01D4A1E4BD31ADB0852
:102FA0001B0443F001040598FEF758FA03461A463D
:102FB0001C492046FEF781FF02AB0C220021184677
:102FC00000F0F4FE9DF8083023F001038DF808307E
:102FD000009B1A6802AB1946A020FFF714FF05906A
:102FE000059B002B0FD00A4A0A4BD31ADB081B049F
:102FF00043F001040598FEF731FA03461A460A49E0
:103000002046FEF75AFF0023184606B010BD00BF49
:10301000B03F0300583F03007C570300C457030030
:10302000105803005C580300B058030082B04FF002
:103030008053D3F80C319B020193019B03F10053A1
:10304000184602B07047000010B584B00190019B93
:103050001B6803930198FFF7D2FE0290019B1B6847
:10306000039A9A4229D2224A224BD31ADB081B0424
:1030700043F0020320491846FEF712FF1C4A1D4B7D
:10308000D31ADB081B0443F00200019B1B68039A60
:103090001A49FEF722FF164A164BD31ADB081B0407
:1030A00043F00204FFF7C2FF0246019B1B68D31ADC
:1030B0001A4613492046FEF700FF029B002B03D15E
:1030C000104B01221A700FE0094A0A4BD31ADB0891
:1030D0001B0443F001040298FEF7C0F903461A46A8
:1030E00009492046FEF7E9FE029B184604B010BDD0
:1030F000B03F0300583F0300045903003459030054
:10310000685903008B2F00209459030000B597B035
:103110000190224B1B7883F00103DBB2002B3AD1E4
:103120003423ADF846300DF1460202AB1146184685
:10313000FFF76DFE1590159B002B03D0159B052BFB
:1031400022D129E002AB14930FAB15491846FEF7C4
:103150008DF811E00FAB1846FFF75EFE1390139B3E
:103160001B681293139B5A68129B11461498984738
:103170000FAB1846FEF7A4F80FAB1846FFF74CFE4E
:103180000346002BE6D1CBE7064A40F23B111598E7
:10319000FBF748FE00E000BF17B000BD8B2F0020FA
:1031A000085A0300B459030000B583B00190019B95
:1031B000002B03D10449C420F4F746F9019B5B6856
:1031C000184603B000BD00BF145A03004BDF704720
:1031D00000BF184600B589B0019004AB1846FFF750
:1031E000F5FF0790079B002B03D0079B052B20D1F1
:1031F00024E002AB13491846FEF738F811E002ABA1
:103200001846FFF7D1FF0690069B1B680593049AAA
:10321000069B5968059B1046984702AB1846FEF777
:103220004FF802AB1846FFF7BFFF0346002BE6D16D
:10323000D3E7054A6B210798FBF7F4FD00BF09B0FF
:1032400000BD00BFC85A0300745A030000B587B020
:1032500001AB00221A605A609A60DA601C23019365
:103260001D2302934FF0CD63039302238DF810309A
:1032700001A900230B4A0C48F7F7D6FF03460B4A77
:1032800013600A4B1B680593059B002B04D0084A6A
:1032900046210598FBF7C6FD0348F8F751F800BF33
:1032A00007B000BDDD330300D45A0300902F002087
:1032B000DC5A030000B587B003460A468DF80F308C
:1032C00013468DF80E309DF80F308DF810309DF8B4
:1032D0000E308DF811300F4B00221A7004AA002313
:1032E0000093022319210C48F8F768FA03460B4AA9
:1032F00013600A4B1B680593059B002B04D0084AFA
:103300005C210598FBF78EFD00F080F800BF07B048
:1033100000BD00BF8C2F0020D45A0300902F002046
:10332000DC5A030000B585B0034600918DF80730E4
:103330009DF80730184600F025F80E4B00221A7051
:103340000123009A19210C48F8F762FA03460B4A48
:1033500013600A4B1B680393039B002B04D0084A9D
:1033600070210398FBF75EFD00F050F800BF05B038
:1033700000BD00BF8C2F0020D45A0300902F0020E6
:10338000DC5A030000B587B003468DF80F300F4BB1
:1033900000221A700DF10F0200230093012319215E
:1033A0000B48F8F70BFA03460A4A1360094B1B68EF
:1033B0000593059B002B04D0074A7C210598FBF759
:1033C00031FD00F023F800BF07B000BD8C2F0020B6
:1033D000D45A0300902F0020DC5A030082B00190E1
:1033E0000091019B1B78002B09D1019B1B79012BBC
:1033F00003D8054B01221A7000E000BF00E000BFB7
:1034000000BF02B0704700BF8C2F002020BF054BCB
:103410001B78DBB283F00103DBB2002BF6D100BFD7
:1034200000BF70478C2F002042F2A431C2F200018D
:10343000096800F000B880B50B468DF803000DF167
:1034400003000121012200F01EF89DF8031000285E
:1034500008BF411E084608BD38B542F2A431C2F289
:10346000000104460D6800F032FC02462846214661
:1034700000F01FFC013004D00A20BDE83840FFF7FF
:10348000D3BFC04338BDF8B51D4617460C460646A7
:10349000184600F0F0FB002803D407FB04F2A24218
:1034A00001D20020F8BD2846314600F002FCB0FBF6
:1034B000F4F0F8BD10B582B0044600698DF807102D
:1034C00078B1D4E900239A4231D26269531C636116
:1034D0008154D4E90501884229D1204600F02CF816
:1034E00025E0E06850B1D4E9002C62451FD2531C9E
:1034F000B3EB0C0318BF0B46835418E0A06858B117
:10350000D4E9002C624512D2531CB3EB0C0318BF54
:10351000CBB240F822300AE0236A43B1D4E900017B
:10352000884204D20DF10701204601229847206805
:103530000130206002B010BD42694AB110B50446A6
:10354000036A002B1CBF216998470020606110BDF1
:103550007047012A0CDBF8B515460C4606462F4687
:10356000013D30462146FFF7A5FF012FF7D8F8BDF2
:103570007047CB0606D43023890558BF202319464F
:10358000FFF7E7BF704770B514460D46064600F0DA
:103590003DFC014630462A462346BDE8704000F017
:1035A00000B82DE9F04F03AF8DB047F83C3C914691
:1035B0000C46064600F07BFB0546EB46073020F044
:1035C0000700ADEB0008C546A7F1380A50460021B8
:1035D000242200F0EBFB47E908546FF0004047F865
:1035E000340C43F20B60C0F2030047F8288C47E923
:1035F00006065046494657F83C2C00F021F8DD46B7
:10360000A7F10C04A546BDE8F08F436A08460121E6
:10361000FFF739BF83B000B582B0CDE9031242F2A3
:10362000A43CC2F2000C059303AA01920146DCF807
:103630000000FFF7A8FF02B05DF804EB03B070478D
:103640002DE9F04F89B01646884682460020CAF818
:1036500000000DF10E0B18F8011B252906D00029DA
:1036600000F058825046FFF725FFF4E70027424656
:1036700018F8010BA0F12003102B0DD88021DFE8F2
:1036800003F0091B1B191B1B1B151B1B30181B10E0
:103690001B1B120040210DE05E280DD14FF480511C
:1036A00008E0102106E04FF4007103E04FF4004100
:1036B00000E020210F43DAE7A0F13001C9B2092967
:1036C0001CD8002101EB810100EB410118F8010B2E
:1036D000A0F130023039D2B20A2AF3D321EAE175DF
:1036E0000DE056F8045B102000EAD5600743002D7A
:1036F00048BF6D4202F10208507800E000252E28F4
:103700000BD1424612F8010B2A2808D156F8041BA7
:1037100098F8010008F1020214E000211AE0A0F17B
:103720003001C9B209294FF0000110D801EB810125
:1037300000EB410112F8010BA0F130033039DBB28C
:103740000A2BF3D3002904D447F4807701E047F42F
:1037500080779046A0F16802D3B2D20142EA5302C8
:10376000D2B2092A22D8DFE802F0050E1221212167
:103770000F21210F424612F8010B682812D198F848
:10378000010008370BE0023718F8010B0EE0424643
:1037900012F8010B6C2807D198F80100023708F1E4
:1037A000020803E0043700E001379046622815DD87
:1037B000A0F16302152A3FF64EAFDFE802F02D0CB0
:1037C0000B0B0B0B0C0B0B0B0BA23A430B0B1E0B37
:1037D000540B0B173FE747F4804748E0252800F0DB
:1037E0009D80582840F0A78147F4005743F25803C2
:1037F00078281FD143F278031CE0A9463568002DD4
:1038000004BF45F65E35C0F20305F805284600F111
:10381000F38000F05CFAF1E03478A5F1010950463C
:1038200039464A46FFF7A5FE50462146FFF742FEBD
:10383000F6E030233A0603EAE27CFA0519D527F4CC
:10384000007716E0009556F8045B01960024002DE1
:1038500000F0F2803806232101EAE07247F4807715
:1038600008210026F0E0FA0548BF27F400774FF062
:10387000000C7A044FEA8772009504D4002A08D419
:10388000321D00240BE0002A14D456F8045BEC1718
:1038900016E0F21D22F0070606F10802746835688A
:1038A000CDF808C07B0713D417F0080F12D00024FE
:1038B000EDB20FE0F21D22F00706746856F8085BBF
:1038C0007A0709D43A070AD545F3C0146DB206E069
:1038D000ADB20024019228E045F3C0342DB2002C93
:1038E000019608DBBA061ED47A0648BF4FF0200CBA
:1038F000CDF808C019E000226D4262EB04042D22CD
:1039000012E056F8040B3907DAF8001000F1928043
:10391000BA0752BF0160002206C09CE6504625212E
:10392000FFF7C8FD97E62B220292FA0548BF27F45D
:1039300000778946FA0558BF4FF0010900266E2826
:1039400022DD6F38092800F2A180DFE800F0054889
:103950009F9F9F9F239F9F4855EA040000F09680F9
:10396000E80840EA4470062262F3DF050BF80650CF
:10397000013650EAD4014FEAD4044FEAD00105469B
:1039800041EA4470F0D181E0582828D0642818BF5B
:1039900069287BD155EA040078D0380407D506F0B1
:1039A0000300032802BF2C200BF80600013628462E
:1039B00021460A22002300F0C7F800EB8002A5EBA5
:1039C0004202D5F109030023A34142F030020BF873
:1039D000062006F1010605460C46DED356E0002A15
:1039E00045EA0400029A02D4012140B32CE058BBFE
:1039F00027F4807719BB26E000F07FF9044627F40E
:103A00000077A9EB0009504639464A46FFF7B1FD59
:103A100034B115F8011B5046FFF74CFD013CF8D1BD
:103A20000436F8067FF517AE504620214A46FFF7C8
:103A300090FD10E601700EE627F480770821302013
:103A40008DF80E000126002255EA040002921CD0D7
:103A500045F63E30C0F20300BA045CBF45F64E3076
:103A6000C0F203002A0942EA047205F00F0315466A
:103A7000C35C0BF80630013652EA14124FEA1414F4
:103A80004FEA151242EA0472EFD18946A9EB06000B
:103A900020EAE07906EB09000099029D0C1AFF2D3F
:103AA000204688BF0138002D18BF441E17F4047F3C
:103AB00005D1504639462246FFF75BFD0024FF2D15
:103AC00004D9290A5046FFF7F5FC00E01DB1504625
:103AD0002946FFF7EFFC504639462246FFF749FDDD
:103AE000504630214A46FFF734FD012E08DB3546AB
:103AF000013E50461BF80610FFF7DCFC012DF6D8FE
:103B0000F806019E7FF5A7AD504620212246FFF71B
:103B100020FDA0E5DAF80C0028B1DAE900129142A4
:103B20003CBF002242545046FFF706FDDAF8000081
:103B300009B0BDE8F08F00287FF48DAD5046FFF747
:103B4000FBFC4FF0FF30F3E7002B35D129B9B0FB78
:103B5000F2FC0CFB120260467047914215D22DE92F
:103B6000F041B2FA82F39A409940D3F1200C30FA36
:103B70000CFC51EA0C01984000F04EF8280036FA8F
:103B800003F200210023BDE8F081F0B5B1FBF2FCA7
:103B90000CFB1211B2FA82F39A409940D3F120063D
:103BA00030FA06F63143984000F036F861462800B6
:103BB0003200DA400023F0BDF3B5B3FA83FC4908C4
:103BC0005FEA300013FA0CF3DCF1200432FA04F45B
:103BD00023430CB41A0000F01FF80CBC33FA0CF3AA
:103BE000DCF11F0C35FA0CF518BF6D1E03BCA5FBEC
:103BF000026705FB0377801BB941904271EB030C10
:103C000005D3821A71EB0303681C0021F0BD02008A
:103C10000B0028000021F0BD940D4FF6C2752D0257
:103C2000B5FBF4F4D60A761C04FB04F5A5FB065696
:103C3000F64306EB0416550832BF002777086D1CC3
:103C400005FB1677A6FB07477F0807EBC63714006E
:103C50001500E7FB02457F1B4D1C0400E7FB0145F7
:103C600005FB1206A64284BF6D1EB618964224BFFD
:103C70006D1CB61A704742F2A031C2F2000142F246
:103C8000A432C2F200020968126842F2A833C2F2FA
:103C90000003411A1B6818BF0121821A18BF0122B4
:103CA0001140C01A18BF0120084040427047402010
:103CB00070470068FEF7B8BE082907D342F6A07225
:103CC000C2F2000210600022C0E9002170470178B2
:103CD00089B14FF0013C0346194653F8042BCCFA46
:103CE00052F2002AF8D092FAA2F2B2FA82F201EB72
:103CF000D201081A70470020704700291CBF0278C3
:103D0000002A01D10020704700B5D0F800E0042956
:103D1000034609D34FF0013CCCFA5EF222B90439D4
:103D200053F804EF0329F7D84FF00132C2FA5EF2DC
:103D300092FAA2F2B2FA82F2181AB1EBD20F88BF4D
:103D4000D108084400BD00005AB3844690EA01033C
:103D50009B071FD1830707D011F8013B00F8013BF7
:103D6000521EF7D11CE08446203A09D32DE9F00712
:103D7000B1E8F807A0E8F807203AF9D2BDE8F00763
:103D80001C3205D451F8043B40F8043B121FF9D211
:103D9000043205D011F8013B00F8013B521EF9D165
:103DA0006046704700220B0011001A0084465AB387
:103DB000830704D000F8011B521EF9D124E0C9B2D8
:103DC00041EA012141EA0141202A11D3203A2DE99B
:103DD000F0030B460C460D460E460F4688468946B4
:103DE000A0E8FA03203AFBD2BDE8F00320320BD062
:103DF000042A05D340F8041B121F05D0042AF9D267
:103E000000F8011B521EFBD16046704742F6A470B9
:103E1000C2F200000068002804BF42F2AC30C2F2D7
:103E20000000704784460020002918BF002A0ED0E9
:103E3000097848B200280BD4BCF1000F18BFCCF8A9
:103E400000100021C3E90011002818BF01207047AD
:103E50006FF0010070477F298EBF6FF00100017085
:103E60000120704742F6A471C2F2000109680029DE
:103E700004BF42F2AC31C2F20001496889680A68A5
:103E8000092110477F280BD845F6FC42C0F20302F7
:103E900045F67C53C0F20303105C595C0840704740
:103EA00000207047A0F161011A2938BF20387047FF
:103EB000A0F141011A2938BF203070477F280BD864
:103EC00045F6FC42C0F2030245F67C53C0F2030300
:103ED000105C595C0840704700207047A0F16101F8
:103EE0001A2938BF20387047A0F141011A2938BF7C
:043EF00020307047C7
:083EF400D9AB02000000000040
:103EFC00759B02000000000079A40200D82300206A
:103F0C007B990200000000000FA80200C0230020D3
:103F1C001DA70200EC2300206578020000000000C1
:083F2C00FDAB020000000000E3
:103F34000D31030000000000D53103000000000033
:103F44004028002078270020802700208027002098
:043F54001800000051
:103F58001846030000000000D846030000000000D7
:103F68003047030000000000E447030000000000A1
:103F78009C480300000000001455030000000303E0
:103F8800F8480300000000000C4A0300000000008D
:103F98006044030000000000F8420300000003032F
:103FA8009C5603000000030370570300000003033E
:103FB800685A030000000303AC4D03000000000032
:103FC800844E030000000000384503000000000094
:103FD8008854030000000000945403005C23002070
:103FE800433A5C574F524B5C4E6F726469635C6E28
:103FF8005246355F53444B5F31372E312E305F6464
:104008006464653536305C6578616D706C65735CC9
:104018004D795F70726F6A6563745C626C655F612D
:1040280070705F626C696E6B795C6D61696E2E632E
:104038000000000053757279615F424C4500000032
:104048005265636569766564204C4544204F4E216E
:10405800000000005265636569766564204C45443C
:10406800204F464621000000436F6E6E65637465FD
:1040780064000000446973636F6E6E656374656401
:104088000000000053656E6420627574746F6E20C2
:104098007374617465206368616E67652E00000043
:1040A80054574920696E697469616C697A617469E9
:1040B8006F6E20636F6D706C657465642E2E2E00B4
:1040C8004C49533220696E697469616C697A61740C
:1040D800696F6E20636F6D706C657465642E2E2E2B
:1040E80000000000416363656C207465737420727E
:1040F800756E6E696E6700004C4953324448313220
:10410800202D2057686F20616D204920636F6465FA
:104118003A2030782530327800000000426C696E11
:104128006B79206578616D706C6520737461727449
:1041380065642E00416363656C206576656E742046
:10414800636F64653A2030782530327800000000CB
:104158002E2E2F2E2E2F2E2E2F2E2E2F2E2E2F2E72
:104168002E2F6D6F64756C65732F6E7266782F686D
:10417800616C2F6E72665F6770696F2E6800000051
:10418800433A5C574F524B5C4E6F726469635C6E86
:104198005246355F53444B5F31372E312E305F64C2
:1041A8006464653536305C636F6D706F6E656E7410
:1041B800735C626F617264735C626F617264732EA8
:1041C800630000000D0E0F100B0C1819494E5431E6
:1041D8005F5352433A20307825780A00526561646B
:1041E800696E67733A2025640A0000006E72665F84
:1041F8006472765F6770696F74655F696E69742051
:10420800616C726561647920696E7374616C6C6548
:1042180064000000433A5C574F524B5C4E6F726427
:1042280069635C6E5246355F53444B5F31372E31BC
:104238002E305F646464653536305C6578616D7016
:104248006C65735C4D795F70726F6A6563745C62EC
:104258006C655F6170705F626C696E6B795C7063CE
:104268006131303035365C733134305C4C4953320F
:10427800444831325C4C495332444831322E630051
:104288000100020025642025642025640A0000003E
:1042980000000000000000000338FDD8704700004F
:1042A800433A5C574F524B5C4E6F726469635C6E65
:1042B8005246355F53444B5F31372E312E305F64A1
:1042C8006464653536305C636F6D706F6E656E74EF
:1042D800735C626C655C636F6D6D6F6E5C626C6560
:1042E8005F636F6E6E5F73746174652E63000000A8
:1042F8006E72665F626C655F6761747400000000CF
:1043080073645F626C655F6761705F646174615F4D
:104318006C656E6774685F757064617465282920C0
:10432800287265717565737429206F6E20636F6ECE
:104338006E656374696F6E203078257820726574B5
:1043480075726E65642025732E0000005468652020
:104358007265717565737465642054582F525820BE
:104368007061636B6574206C656E6774682069732F
:1043780020746F6F206C6F6E672062792025752F0F
:104388002575206F63746574732E0000546865206A
:1043980072657175657374656420636F6D62696EAB
:1043A8006174696F6E206F6620545820616E6420B6
:1043B8005258207061636B6574206C656E67746811
:1043C8007320697320746F6F206C6F6E6720627939
:1043D800202575206D6963726F7365636F6E6473F2
:1043E8002E00000073645F626C655F6761747463BC
:1043F8005F65786368616E67655F6D74755F726528
:10440800717565737428292072657475726E656498
:104418002025732E0000000073645F626C655F677F
:10442800617474735F65786368616E67655F6D74E6
:10443800755F7265706C7928292072657475726E63
:1044480065642025732E000023D1BCEA5F7823150C
:10445800DEEF121200000000636C6F636B00000057
:10446800433A5C574F524B5C4E6F726469635C6EA3
:104478005246355F53444B5F31372E312E305F64DF
:104488006464653536305C696E7465677261746939
:104498006F6E5C6E7266785C6C65676163795C6E82
:1044A80072665F6472765F636C6F636B2E63000085
:1044B800433A5C574F524B5C4E6F726469635C6E53
:1044C8005246355F53444B5F31372E312E305F648F
:1044D8006464653536305C696E74656772617469E9
:1044E8006F6E5C6E7266785C6C65676163795C6E32
:1044F80072665F6472765F636F6D6D6F6E2E6300B8
:104508002E2E2F2E2E2F2E2E2F2E2E2F2E2E2F2EBE
:104518002E2F6D6F64756C65732F6E7266782F68B9
:10452800616C2F6E72665F6770696F2E680000009D
:1045380074776900433A5C574F524B5C4E6F726414
:1045480069635C6E5246355F53444B5F31372E3199
:104558002E305F646464653536305C696E746567F7
:10456800726174696F6E5C6E7266785C6C656761A7
:1045780063795C6E72665F6472765F7477692E63C6
:1045880000000000000000000338FDD8704700005C
:10459800433A5C574F524B5C4E6F726469635C6E72
:1045A8005246355F53444B5F31372E312E305F64AE
:1045B8006464653536305C696E7465677261746908
:1045C8006F6E5C6E7266785C6C65676163795C6E51
:1045D80072665F6472765F756172742E63000000A4
:1045E8002E2E2F2E2E2F2E2E2F2E2E2F2E2E2F2EDE
:1045F8002E2F696E746567726174696F6E2F6E72A3
:1046080066782F6E7266785F676C75652E68000035
:10461800434C4F434B000000433A5C574F524B5CAE
:104628004E6F726469635C6E5246355F53444B5FEC
:1046380031372E312E305F646464653536305C6DF9
:104648006F64756C65735C6E7266785C64726976AB
:104658006572735C7372635C6E7266785F636C6FAD
:10466800636B2E63000000002E2E2F2E2E2F2E2E71
:104678002F2E2E2F2E2E2F2E2E2F696E74656772D9
:104688006174696F6E2F6E7266782F6E7266785FCE
:10469800676C75652E6800002E2E2F2E2E2F2E2E5D
:1046A8002F2E2E2F2E2E2F2E2E2F6D6F64756C65AC
:1046B800732F6E7266782F68616C2F6E72665F67F3
:1046C80070696F2E68000000000000500003005061
:1046D8004750494F54450000433A5C574F524B5C92
:1046E8004E6F726469635C6E5246355F53444B5F2C
:1046F80031372E312E305F646464653536305C6D39
:104708006F64756C65735C6E7266785C64726976EA
:104718006572735C7372635C6E7266785F677069EA
:104728006F74652E6300000050525300433A5C5783
:104738004F524B5C4E6F726469635C6E5246355FD4
:1047480053444B5F31372E312E305F6464646535D6
:1047580036305C6D6F64756C65735C6E7266785C20
:10476800647269766572735C7372635C7072735C91
:104778006E7266785F7072732E6300002E2E2F2E75
:104788002E2F2E2E2F2E2E2F2E2E2F2E2E2F696EC1
:10479800746567726174696F6E2F6E7266782F6EBA
:1047A8007266785F676C75652E6800002E2E2F2E56
:1047B8002E2F2E2E2F2E2E2F2E2E2F2E2E2F6D6F8C
:1047C80064756C65732F6E7266782F68616C2F6ED6
:1047D80072665F6770696F2E680000005541525419
:1047E80000000000433A5C574F524B5C4E6F7264B6
:1047F80069635C6E5246355F53444B5F31372E31E7
:104808002E305F646464653536305C6D6F64756C3A
:1048180065735C6E7266785C647269766572735CE7
:104828007372635C6E7266785F756172742E630072
:10483800A5DA02002E2E2F2E2E2F2E2E2F2E2E2FC3
:104848002E2E2F2E2E2F696E746567726174696F14
:104858006E2F6E7266782F6E7266785F676C7565FC
:104868002E6800002E2E2F2E2E2F2E2E2F2E2E2F7E
:104878002E2E2F2E2E2F6D6F64756C65732F6E7212
:1048880066782F68616C2F6E72665F6770696F2E2D
:10489800680000005541525445000000433A5C57F7
:1048A8004F524B5C4E6F726469635C6E5246355F63
:1048B80053444B5F31372E312E305F646464653565
:1048C80036305C6D6F64756C65735C6E7266785CAF
:1048D800647269766572735C7372635C6E72667813
:1048E8005F75617274652E630000000021E70200A5
:1048F8006170705F627574746F6E0000433A5C5744
:104908004F524B5C4E6F726469635C6E5246355F02
:1049180053444B5F31372E312E305F646464653504
:1049280036305C636F6D706F6E656E74735C6C6946
:10493800627261726965735C627574746F6E5C61D2
:1049480070705F627574746F6E2E63002023002090
:10495800534F46544445564943453A2041535345DD
:104968005254494F4E204641494C454400000000EE
:10497800534F46544445564943453A20494E5641BB
:104988004C4944204D454D4F5259204143434553CE
:1049980053000000415353455254494F4E2046415D
:1049A800494C45442061742025733A257500000060
:1049B8004552524F52202575205B25735D20617446
:1049C8002025733A25750D0A50432061743A20302A
:1049D8007825303878000000456E64206F662065C1
:1049E80072726F72207265706F727400554E4B4E02
:1049F8004F574E204641554C54206174203078253D
:104A0800303858006170705F74696D65720000001D
:104A1800433A5C574F524B5C4E6F726469635C6EED
:104A28005246355F53444B5F31372E312E305F6429
:104A38006464653536305C636F6D706F6E656E7477
:104A4800735C6C69627261726965735C74696D65C7
:104A5800725C6170705F74696D6572322E630000FC
:104A680001000600000000000827002005F00200F1
:104A7800433A5C574F524B5C4E6F726469635C6E8D
:104A88005246355F53444B5F31372E312E305F64C9
:104A98006464653536305C636F6D706F6E656E7417
:104AA800735C6C69627261726965735C7574696C58
:104AB8005C6170705F7574696C5F706C6174666F4F
:104AC800726D2E63000000002E2E2F2E2E2F2E2EFC
:104AD8002F2E2E2F2E2E2F2E2E2F696E7465677275
:104AE8006174696F6E2F6E7266782F6E7266785F6A
:104AF800676C75652E6800002E2E2F2E2E2F2E2EF9
:104B08002F2E2E2F2E2E2F2E2E2F6D6F64756C6547
:104B1800732F6E7266782F68616C2F6E72665F7283
:104B280074632E6800000000433A5C574F524B5C98
:104B38004E6F726469635C6E5246355F53444B5FD7
:104B480031372E312E305F646464653536305C63EE
:104B58006F6D706F6E656E74735C6C696272617292
:104B68006965735C74696D65725C6472765F727492
:104B7800632E630052544320696E7374616E6365DB
:104B880020616C726561647920696E697469616C11
:104B9800697A65642E0000005254433A20696E69B0
:104BA8007469616C697A65642E0000005254433A56
:104BB80020556E696E697469616C697A65642E0046
:104BC80000000000000000000338FDD87047000016
:104BD800433A5C574F524B5C4E6F726469635C6E2C
:104BE8005246355F53444B5F31372E312E305F6468
:104BF8006464653536305C636F6D706F6E656E74B6
:104C0800735C6C69627261726965735C62616C6C19
:104C18006F635C6E72665F62616C6C6F632E6300BB
:104C2800433A5C574F524B5C4E6F726469635C6EDB
:104C38005246355F53444B5F31372E312E305F6417
:104C48006464653536305C65787465726E616C5C79
:104C5800667072696E74665C6E72665F66707269A1
:104C68006E74662E63000000433A5C574F524B5CEB
:104C78004E6F726469635C6E5246355F53444B5F96
:104C880031372E312E305F646464653536305C65AB
:104C9800787465726E616C5C667072696E74665C5D
:104CA8006E72665F667072696E74665F666F726D4B
:104CB80061742E63000000003031323334353637EA
:104CC8003839414243444546433A5C574F524B5C5E
:104CD8004E6F726469635C6E5246355F53444B5F36
:104CE80031372E312E305F646464653536305C634D
:104CF8006F6D706F6E656E74735C6C6962726172F1
:104D08006965735C6D656D6F626A5C6E72665F6D16
:104D1800656D6F626A2E63002E2E2F2E2E2F2E2E7B
:104D28002F2E2E2F2E2E2F2E2E2F636F6D706F6E1F
:104D3800656E74732F6C69627261726965732F6531
:104D480078706572696D656E74616C5F73656374A4
:104D5800696F6E5F766172732F6E72665F736563DB
:104D680074696F6E5F697465722E68002E2E2F2E1F
:104D78002E2F2E2E2F2E2E2F2E2E2F2E2E2F636FD0
:104D88006D706F6E656E74732F6C69627261726993
:104D980065732F6D757465782F6E72665F6D7478A4
:104DA8002E6800007077725F6D676D7400000000F8
:104DB800433A5C574F524B5C4E6F726469635C6E4A
:104DC8005246355F53444B5F31372E312E305F6486
:104DD8006464653536305C636F6D706F6E656E74D4
:104DE800735C6C69627261726965735C7077725F1B
:104DF8006D676D745C6E72665F7077725F6D676DFC
:104E0800742E6300FC3E0300FC3E03000400000017
:104E1800433A5C574F524B5C4E6F726469635C6EE9
:104E28005246355F53444B5F31372E312E305F6425
:104E38006464653536305C636F6D706F6E656E7473
:104E4800735C6C69627261726965735C65787065C0
:104E580072696D656E74616C5F73656374696F6E9A
:104E68005F766172735C6E72665F73656374696F97
:104E78006E5F697465722E6300000000736F727450
:104E88006C69737400000000433A5C574F524B5CE6
:104E98004E6F726469635C6E5246355F53444B5F74
:104EA80031372E312E305F646464653536305C638B
:104EB8006F6D706F6E656E74735C6C69627261722F
:104EC8006965735C736F72746C6973745C6E726617
:104ED8005F736F72746C6973742E6300556E6B6EBA
:104EE8006F776E206572726F7220636F6465000061
:104EF8004E52465F53554343455353004E52465F07
:104F08004552524F525F5356435F48414E444C45B9
:104F1800525F4D495353494E470000004E52465F79
:104F28004552524F525F534F4654444556494345A4
:104F38005F4E4F545F454E41424C454400000000CF
:104F48004E52465F4552524F525F494E5445524E5B
:104F5800414C00004E52465F4552524F525F4E4FF1
:104F68005F4D454D000000004E52465F4552524F7E
:104F7800525F4E4F545F464F554E44004E52465F67
:104F88004552524F525F4E4F545F535550504F52F7
:104F9800544544004E52465F4552524F525F494E67
:104FA80056414C49445F504152414D004E52465F74
:104FB8004552524F525F494E56414C49445F5354F3
:104FC800415445004E52465F4552524F525F494E3A
:104FD80056414C49445F4C454E4754480000000038
:104FE8004E52465F4552524F525F494E56414C49C8
:104FF800445F464C414753004E52465F4552524F1C
:10500800525F494E56414C49445F44415441000067
:105018004E52465F4552524F525F444154415F538E
:10502800495A45004E52465F4552524F525F5449C5
:105038004D454F55540000004E52465F4552524F61
:10504800525F4E554C4C00004E52465F4552524FEF
:10505800525F464F5242494444454E004E52465FC5
:105068004552524F525F494E56414C49445F414464
:10507800445200004E52465F4552524F525F4255CD
:10508800535900004E52465F4552524F525F434FAC
:105098004E4E5F434F554E54000000004E52465F3F
:1050A8004552524F525F5245534F55524345530054
:1050B8004E52465F4552524F525F4D4F44554C45F4
:1050C8005F4E4F545F494E495449414C495A4544F3
:1050D800000000004E52465F4552524F525F4D55F8
:1050E8005445585F494E49545F4641494C45440030
:1050F8004E52465F4552524F525F4D555445585F88
:105108004C4F434B5F4641494C4544004E52465F25
:105118004552524F525F4D555445585F554E4C4F6E
:10512800434B5F4641494C45440000004E52465FA0
:105138004552524F525F4D555445585F434F4E4468
:105148005F494E49545F4641494C454400000000C0
:105158004E52465F4552524F525F4D4F44554C4553
:105168005F414C52454144595F494E495449414C6D
:10517800495A4544000000004E52465F4552524F7E
:10518800525F53544F524147455F46554C4C0000BF
:105198004E52465F4552524F525F4150495F4E4F03
:1051A800545F494D504C454D454E54454400000010
:1051B8004E52465F4552524F525F464541545552F2
:1051C800455F4E4F545F454E41424C4544000000F8
:1051D8004E52465F4552524F525F494F5F50454EBF
:1051E80044494E47000000004E52465F4552524F18
:1051F800525F4452565F5457495F4552525F4F566B
:10520800455252554E0000004E52465F4552524F8D
:10521800525F4452565F5457495F4552525F414E60
:1052280041434B004E52465F4552524F525F4452E3
:10523800565F5457495F4552525F444E41434B00B5
:105248004E52465F4552524F525F424C455F49505D
:1052580053505F52585F504B545F5452554E434120
:10526800544544004E52465F4552524F525F424C9D
:10527800455F495053505F4348414E4E454C5F414E
:105288004C52454144595F45584953545300000016
:105298004E52465F4552524F525F424C455F49500D
:1052A80053505F4C494E4B5F444953434F4E4E4514
:1052B80043544544000000004E52465F4552524F49
:1052C800525F424C455F495053505F504545525FCD
:1052D80052454A4543544544000000000000000080
:1052E800F84E030001000000044F03000200000014
:1052F800244F030003000000484F0300040000008F
:105308005C4F030005000000704F0300060000001A
:10531800844F0300070000009C4F030008000000B2
:10532800B44F030009000000CC4F03000A0000003E
:10533800E84F03000B000000005003000C000000C1
:10534800185003000D0000002C5003000E00000050
:10535800405003000F0000005050030010000000F0
:1053680064500300110000007C500300120000008C
:105378008C50030013000000A450030080000000BC
:10538800B850030081000000DC50030082000000D8
:10539800F85003008300000014510300840000004B
:1053A80034510300850000005851030086000000B6
:1053B8008051030090000000985103009100000004
:1053C800B851030092000000D85103000082000089
:1053D800F051030001820000105203000282000015
:1053E8002C5203000084000048520300018400008E
:1053F8006C520300028400009852030003840000EA
:10540800C0520300433A5C574F524B5C4E6F726474
:1054180069635C6E5246355F53444B5F31372E31BA
:105428002E305F646464653536305C636F6D706F11
:105438006E656E74735C6C69627261726965735CC7
:105448006C6F675C7372635C6E72665F6C6F675FCC
:105458006261636B656E645F756172742E630000D0
:10546800FFFFFFFFFFFFFFFFFFFFFFFFFFFFFFFF44
:1054780000000000000000000000D6010601000046
:10548800D91703000D180300011803007561727421
:105498005F6C6F675F6261636B656E64000000003C
:1054A800433A5C574F524B5C4E6F726469635C6E53
:1054B8005246355F53444B5F31372E312E305F648F
:1054C8006464653536305C636F6D706F6E656E74DD
:1054D800735C6C69627261726965735C6C6F675C3E
:1054E8007372635C6E72665F6C6F675F646566613A
:1054F800756C745F6261636B656E64732E63000024
:10550800482800207F000000C82800206170700033
:10551800433A5C574F524B5C4E6F726469635C6EE2
:105528005246355F53444B5F31372E312E305F641E
:105538006464653536305C636F6D706F6E656E746C
:10554800735C6C69627261726965735C6C6F675CCD
:105558007372635C6E72665F6C6F675F66726F6EA4
:1055680074656E642E6300004261636B656E6473DC
:1055780020666C7573686564000000006572726F60
:10558800720000007761726E696E6700696E666FFF
:105598000000000064656275670000001B5B306DE9
:1055A800000000001B5B313B33306D001B5B313B5F
:1055B80033316D001B5B313B33326D001B5B313B7C
:1055C80033336D001B5B313B33346D001B5B313B68
:1055D80033356D001B5B313B33366D001B5B313B54
:1055E80033376D0025734C6F67732064726F70706A
:1055F8006564202825642925730D0A002573000099
:105608003C25733E2025733A200000000D0A000057
:105618002025303278000000202020007C00000087
:1056280025630000200000005465726D696E616C8E
:1056380000000000525454005345474745520000AB
:105648002E2E2F2E2E2F2E2E2F2E2E2F2E2E2F2E6D
:105658002E2F636F6D706F6E656E74732F6C696239
:105668007261726965732F6578706572696D656EB0
:1056780074616C5F73656374696F6E5F7661727372
:105688002F6E72665F73656374696F6E5F697465A8
:10569800722E68006E72665F73646800433A5C57E6
:1056A8004F524B5C4E6F726469635C6E5246355F55
:1056B80053444B5F31372E312E305F646464653557
:1056C80036305C636F6D706F6E656E74735C736F8C
:1056D80066746465766963655C636F6D6D6F6E5C37
:1056E8006E72665F7364682E630000000100000735
:1056F8002C3F03002C3F0300080000002C3F030050
:10570800343F030008000000343F0300443F030017
:10571800080000002E2E2F2E2E2F2E2E2F2E2E2F4D
:105728002E2E2F2E2E2F636F6D706F6E656E747315
:105738002F6C69627261726965732F657870657222
:10574800696D656E74616C5F73656374696F6E5FB4
:10575800766172732F6E72665F73656374696F6EBC
:105768005F697465722E68006E72665F7364685F45
:10577800626C650073645F626C655F6366675F7324
:10578800657428292072657475726E6564202573A6
:10579800207768656E20617474656D7074696E67D2
:1057A80020746F2073657420424C455F434F4E4E02
:1057B8005F4346475F4741502E00000073645F62B5
:1057C8006C655F6366675F7365742829207265740A
:1057D80075726E6564202573207768656E20617424
:1057E80074656D7074696E6720746F2073657420BA
:1057F800424C455F4741505F4346475F524F4C45D7
:105808005F434F554E542E0073645F626C655F634F
:1058180066675F73657428292072657475726E6592
:1058280064202573207768656E20617474656D70D7
:1058380074696E6720746F2073657420424C455FED
:10584800434F4D4D4F4E5F4346475F56535F555547
:1058580049442E0073645F626C655F6366675F73BB
:10586800657428292072657475726E6564202573C5
:10587800207768656E20617474656D7074696E67F1
:1058880020746F2073657420424C455F474154541F
:10589800535F4346475F415454525F5441425F53FC
:1058A800495A452E0000000073645F626C655F63AF
:1058B80066675F73657428292072657475726E65F2
:1058C80064202573207768656E20617474656D7037
:1058D80074696E6720746F2073657420424C455F4D
:1058E80047415454535F4346475F534552564943D3
:1058F800455F4348414E4745442E0000496E737545
:105908006666696369656E742052414D20616C6CEE
:105918006F636174656420666F72207468652053D4
:105928006F66744465766963652E00004368616E2E
:105938006765207468652052414D207374617274E4
:10594800206C6F636174696F6E2066726F6D2030B2
:1059580078257820746F20307825782E0000000094
:105968004D6178696D756D2052414D2073697A6576
:1059780020666F72206170706C69636174696F6E04
:1059880020697320307825782E00000073645F62E8
:105998006C655F656E61626C652829207265747537
:1059A800726E65642025732E00000000433A5C5730
:1059B8004F524B5C4E6F726469635C6E5246355F42
:1059C80053444B5F31372E312E305F646464653544
:1059D80036305C636F6D706F6E656E74735C736F79
:1059E80066746465766963655C636F6D6D6F6E5C24
:1059F8006E72665F7364685F626C652E6300000098
:105A0800FC3E03002C3F0300080000002E2E2F2E22
:105A18002E2F2E2E2F2E2E2F2E2E2F2E2E2F636F23
:105A28006D706F6E656E74732F6C696272617269E6
:105A380065732F6578706572696D656E74616C5FEA
:105A480073656374696F6E5F766172732F6E7266C9
:105A58005F73656374696F6E5F697465722E680041
:105A68006E72665F7364685F736F6300433A5C5776
:105A78004F524B5C4E6F726469635C6E5246355F81
:105A880053444B5F31372E312E305F646464653583
:105A980036305C636F6D706F6E656E74735C736FB8
:105AA80066746465766963655C636F6D6D6F6E5C63
:105AB8006E72665F7364685F736F632E63000000C5
:105AC800F43E0300FC3E03000800000000300040E4
:105AD80000010000433A5C574F524B5C4E6F7264B2
:105AE80069635C6E5246355F53444B5F31372E31E4
:105AF8002E305F646464653536305C6578616D703E
:105B08006C65735C4D795F70726F6A6563745C6213
:105B18006C655F6170705F626C696E6B795C7063F5
:105B28006131303035365C733134305C5457495C00
:105B38005457492E630030313233343536373839CB
:105B480041424344454630313233343536373839AB
:105B5800616263646566286E756C6C2900000000DC
:105B68002D5C0300A45C0300305C030053756E6475
:105B78006179004D6F6E6461790054756573646175
:105B880079005765646E657364617900546875724D
:105B98007364617900467269646179005361747550
:105BA8007264617900004A616E75617279004665B8
:105BB800627275617279004D61726368004170723A
:105BC800696C004D6179004A756E65004A756C799B
:105BD800004175677573740053657074656D62650F
:105BE80072004F63746F626572004E6F76656D6206
:105BF800657200446563656D6265720000414D0021
:105C0800504D0000256D2F25642F25790025483A31
:105C1800254D3A255300256120256220256520253C
:105C28005420255900430000853E0300A53E03008B
:105C3800B13E0300BD3E0300DD3E0300E93E030024
:105C4800573E0300253E030053756E004D6F6E00EE
:105C5800547565005765640054687500467269009C
:105C680053617400004A616E00466562004D6172BE
:105C780000417072004D6179004A756E004A756C7A
:105C88000041756700536570004F6374004E6F766E
:105C98000044656300002E00000000009E5C0300C5
:105CA800A05C0300A05C0300A05C0300A05C0300F0
:105CB800A05C0300A05C0300A05C0300A05C0300E0
:105CC800A05C0300FFFFFFFFFFFFFFFFFFFFFFFFD9
:105CD800FFFF0000745B0300505C0300AE5B030031
:105CE8006D5C0300055C03000C5C0300155C03009D
:105CF8001E5C030020202020202020202068282847
:105D0800282820202020202020202020202020207B
:105D18002020202048101010101010101010101003
:105D280010101010848484848484848484841010E3
:105D38001010101010818181818181010101010100
:105D4800010101010101010101010101010101102C
:105D580010101010108282828282820202020202D5
:105D680002020202020202020202020202020210FD
:105D780010101020000703200417020108571040D4
:015D8800809A
:105D8C00FFFFFF00F82300201F0000001824002054
:105D9C001F0000000B000300E57A02000090D00306
:105DAC000000000000000000FFFFFFFFFFFFFFFFEF
:105DBC0000000000000000000000000000000000D7
:105DCC000010014011000400000000000020004001
:105DDC000000000000200040000000000000000057
:105DEC00FF000000FF0000000000000084550300CD
:105DFC008C550300945503009C550300A4550300D7
:105E0C00AC550300B4550300BC550300C455030046
:105E1C00CC550300D4550300DC550300E4550300B6
:105E2C00942F0020982F00209C2F0020685B0300EB
:105E3C00685B0300685B0300685B0300685B03003E
:04000003200072194E
:00000001FF
